Booting capsis.app.CapsisExtensionManager
extension extensionSettings file name = /home/hydros/capsis4/etc/extension.settings
declaring type: ObjectViewer
declaring type: Export
declaring type: Import
declaring type: ItemChooser
declaring type: ItemPattern
declaring type: Sketcher
declaring type: ItemEditor
reading: jeeb.xplo.extension.sketcher.grid_xyz_sketcher.GridXYZSketcher enabled
reading: jeeb.lib.sketch.scene.extension.itempattern.ClickPattern enabled
reading: jeeb.lib.sketch.extension.editor.ItemEditor enabled
reading: jeeb.lib.sketch.scene.extension.sketcher.TreeWithCrownProfileSketcher enabled
reading: jeeb.lib.sketch.extension.sketcher.BoundingBoxSketcher enabled
reading: jeeb.lib.sketch.scene.extension.itempattern.AlongLine enabled
reading: jeeb.lib.sketch.scene.extension.itemchooser.FileChooser enabled
reading: jeeb.lib.sketch.scene.extension.itempattern.SelectionPattern enabled
reading: jeeb.lib.sketch.scene.extension.itempattern.LinePattern enabled
reading: jeeb.lib.sketch.scene.extension.sketcher.ContourSketcher enabled
reading: jeeb.lib.sketch.extension.objectviewer.SelectionTable enabled
reading: jeeb.lib.sketch.scene.extension.sketcher.SelectionSketcher enabled
reading: jeeb.lib.sketch.extension.objectviewer.InspectorViewer enabled
reading: jeeb.lib.sketch.extension.sketcher.MeshItemSketcher enabled
reading: jeeb.lib.sketch.extension.sketcher.AnchorSketcher enabled
reading: jeeb.lib.sketch.scene.extension.itempattern.RandomPattern enabled
reading: jeeb.lib.sketch.scene.extension.editor.LineEditor enabled
reading: jeeb.lib.sketch.extension.objectviewer.GlanceWrapper enabled
reading: jeeb.lib.sketch.extension.sketcher.GridSketcher enabled
reading: jeeb.lib.sketch.scene.extension.sketcher.DTMSketcher enabled
reading: jeeb.lib.sketch.extension.editor.GridEditor enabled
reading: jeeb.lib.sketch.scene.extension.sketcher.TreeSketcher enabled
reading: jeeb.lib.sketch.scene.extension.itemchooser.Frequency enabled
declaring type: GenericTool
declaring type: DataExtractor
declaring type: IOFormat
declaring type: StandViewer
declaring type: DataRenderer
declaring type: Intervener
declaring type: ModelTool
declaring type: Filter
declaring type: TreeLogger
declaring type: Memorizer
declaring type: Lollypop
declaring type: Spatializer
declaring type: WorkingProcess
declaring type: ObjectViewer
declaring type: GrouperDisplay
declaring type: ExtractorGroup
reading: capsis.extension.generictool.MemoryMonitorExt enabled
reading: stretch2.extension.intervener.St2Thinner enabled
reading: luberon2.extension.dataextractor.Lub2TimeRelativeDeficitInHeterozygous enabled
reading: optimist.extension.dataextractor.OptimTimeVolume enabled
reading: luberon2.extension.dataextractor.Lub2GeneticValueClassDistribution enabled
reading: capsis.extension.datarenderer.drgraph.DRGraph enabled
reading: woudyfor.extension.dataextractor.WoudyTimeTlightSeedlings enabled
reading: sydy2.extension.ioformat.Sydy2ExportStatInv2 enabled
reading: quergus.extension.intervener.QGRegenerationReleaseThinner enabled
reading: sydy2.extension.extractorgroup.Sydy2EG_3_ProdGVC_RecVC enabled
reading: capsis.lib.fire.intervener.FiTreePruning enabled
reading: samare.extension.dataextractor.DETimeSamareGInter enabled
reading: samare.extension.dataextractor.DETimeSamareGAccSd enabled
reading: samsara2.extension.intervener.targetdensitythinner.TargetDensityThinner enabled
reading: capsis.lib.economics2.gui.EconomicModelTool enabled
reading: sydy.extension.extractorgroup.SydyEG_4_DgStabVolumes enabled
reading: capsis.extension.dataextractor.DETimeTotalAccumulationQuantityNendo enabled
reading: capsis.extension.dataextractor.DEInterceptionIndexClassN enabled
reading: gymnos.extension.dataextractor.GymnoTimeWoodType enabled
reading: modispinaster.extension.dataextractor.ModisBiomassRuiz enabled
reading: runaway.extension.dataextractor.CompetitivenessPreferencePlot enabled
reading: forceps.extension.intervener.CepsGHAThinner enabled
reading: woudyfor.extension.dataextractor.WoudyTimeCompetitorBiomass enabled
reading: luberon2.extension.dataextractor.Lub2TimeGUHg enabled
reading: guppy.extension.dataextractor.FishTimeGenericMeanTheta enabled
reading: sydy.extension.intervener.statinv.SydyStatInv3byUA enabled
reading: maddmodel.extension.dataextractor.DESpeciesTimeN enabled
reading: lsfmgm.extension.dataextractor.DESpeciesClassVolume enabled
reading: samare.extension.dataextractor.DETimeSamareGAccSV enabled
reading: plantabsl.extension.dataextractor.PlantaLogDensityLogVolume2 enabled
reading: capsis.extension.objectviewer.OVDiameterGrowth enabled
reading: sydy2.extension.dataextractor.DETimeThinnedVSum40 enabled
reading: lsfmgm.extension.dataextractor.DETimeN enabled
reading: ecoaf.extension.dataextractor.EcoafTimeTreeProduction enabled
reading: capsis.extension.dataextractor.DETimeSecBrDg enabled
reading: ibasam.extension.dataextractor.IbaTimeProportion_Iteroparous enabled
reading: capsis.extension.dataextractor.DETimeForestGalesReturnPeriodValues enabled
reading: capsis.extension.dataextractor.DETimeCumulatedHarvest enabled
reading: optimist.extension.standviewer.SVOptimist enabled
reading: capsis.extension.memorizer.CompactMemorizer enabled
reading: luberon.extension.ioformat.LubExportG2 enabled
reading: bidasoa.extension.intervener.FishAddition enabled
reading: plantabsl.extension.dataextractor.PlantaTimeDqm10 enabled
reading: luberon.extension.ioformat.LubExportG1 enabled
reading: luberon.extension.ioformat.LubExportG0 enabled
reading: capsis.util.extendeddefaulttype.dataextractor.DEAreaProportionTreatment enabled
reading: gbx.walsi.extension.intervener.WalsiThinner enabled
reading: dynet.extension.dataextractor.FishPatchExtinction enabled
reading: organon.extension.standviewer.OrgViewerMetric enabled
reading: regelight.extension.ioformat.RegSeedlingsInventory enabled
reading: sydy.extension.dataextractor.DELogNhaLogDgFrontier enabled
reading: plantabsl.model.PlantaSpeciesFilter enabled
reading: capsis.extension.dataextractor.DETimeSdbr_totale_m2_ha enabled
reading: guppy.extension.dataextractor.FishTimeSurvival enabled
reading: capsis.lib.simcp.CrownMapIntervener enabled
reading: lerfob.fagacees.extension.ioformat.FgStandTableExport enabled
reading: ibasam.extension.dataextractor.IbaTimeProportionMale_MSW enabled
reading: lerfob.fagacees.extension.ioformat.FgSumStepsWithTrees enabled
reading: capsis.extension.dataextractor.ReachOrderClassN enabled
reading: presage.extension.ioformat.PresageADAGEExport enabled
reading: mediterranea.extension.intervener.ReachModification enabled
reading: sydy.extension.dataextractor.DETimeHDRatioDomMean enabled
reading: pinuspinaster.extension.ioformat.PPLogWJWWCMExport enabled
reading: samsara.extension.ioformat.SamsaSVSExport enabled
reading: natura.extension.dataextractor.DETimePepPEssNGVD enabled
reading: sydy.extension.extractorgroup.others.SydyEG_2_DgStabVolumes enabled
reading: pinuspinaster.extension.dataextractor.DETimeStandCompartmentDeadWood enabled
reading: quercus.extension.ioformat.QuerExport enabled
reading: simmem.extension.ioformat.SimCommonExport enabled
reading: capsis.extension.dataextractor.DETimeSTEMNC enabled
reading: samare.extension.ioformat.SamareInventory enabled
reading: rreshar.extension.ioformat.RRSHerbivoryExport enabled
reading: sydy2.extension.ioformat.Sydy2ExportTreeList_Alive enabled
reading: sydy.extension.dataextractor.RichEspDim enabled
reading: samsara.extension.ioformat.SamsaTotalExport enabled
reading: organon.extension.dataextractor.OrgStandDensityIndex enabled
reading: heterofor.extension.dataextractor.HetRainfallPartitioning enabled
reading: bidasoa.extension.intervener.WeirModification enabled
reading: capsis.extension.dataextractor.DEGhaSecBrDg_x_Nha enabled
reading: gymnos.extension.intervener.GymnoSelectTargetTreesList enabled
reading: regelight.extension.ioformat.RegExportTest enabled
reading: quergus.extension.dataextractor.DEQuergusStandTable enabled
reading: luberon2.extension.dataextractor.Lub2TimeDisturbanceIntensity enabled
reading: pinuspinaster.extension.ioformat.PPStandCarbonWithVolumeExport enabled
reading: sydy2.extension.dataextractor.DETimeNunderDbh10 enabled
reading: capsis.extension.dataextractor.DETimeRecruitDead enabled
reading: capsis.extension.economicfunction.IncomeConstant enabled
reading: capsis.extension.standviewer.SVSapin enabled
reading: luberon2.extension.dataextractor.Lub2TimeGUDg enabled
reading: capsis.extension.dataextractor.DEHeightG enabled
reading: capsis.extension.objectviewer.WatershedViewer enabled
reading: cstab.model.CstabInventoryLoader enabled
reading: capsis.extension.modeltool.amapsim2.AMAPsim enabled
reading: heterofor.extension.standviewer.SVRegenerationStatus enabled
reading: sydy.extension.ioformat.SydyExport enabled
reading: guppy.extension.dataextractor.FishTimeExpectedMatingProba enabled
reading: ecoaf.extension.ioformat.EcoafShpExporter enabled
reading: capsis.util.extendeddefaulttype.dataextractor.DEIncrementComponents enabled
reading: gbx.walsi.model.WalsiInventoryLoader enabled
reading: capsis.extension.generictool.assistant.AutomationEditorExt enabled
reading: capsis.extension.filter.general.FBooleans enabled
reading: capsis.util.extendeddefaulttype.dataextractor.DETimeClimate enabled
reading: prunus.extension.ioformat.PruSeedlingsExport enabled
reading: samare2014.extension.intervener.SmaIntervener enabled
reading: woudyfor.extension.dataextractor.WoudyAgeShrubNumber enabled
reading: heterofor.extension.dataextractor.HetTimeFoliageState enabled
reading: sydy2.extension.extractorgroup.Sydy2EG_1_NHdomShbGhaRDI enabled
reading: luberon2.extension.ioformat.Lub2SceneDynamicsExport enabled
reading: pinuspinaster.extension.dataextractor.DELivingBranchBiomassDistrib enabled
reading: ecoaf.extension.dataextractor.EcoafHeightClassN enabled
reading: capsis.extension.dataextractor.DETimeABOVEGB enabled
reading: capsis.lib.economics2.gui.DETimeForestValue enabled
reading: sydy.extension.ioformat.SydyExportSylvie enabled
reading: heterofor.extension.ioformat.HetMonthlyNutrientCyclingExport enabled
reading: capsis.extension.dataextractor.DETimeWilsonFactor enabled
reading: capsis.lib.quest.knotviewer.QuestKnotViewer enabled
reading: presage.extension.dataextractor.DETimePresageLAI enabled
reading: lsfmgm.extension.dataextractor.DETimeChange enabled
reading: regelight.extension.intervener.RegCrownsGenerator2 enabled
reading: woudyfor.model.WoudyShrubFilter enabled
reading: capsis.extension.standviewer.SVSimple enabled
reading: heterofor.extension.ioformat.HetTreeChemistry enabled
reading: salem.extension.dataextractor.SlmTimeDg enabled
reading: sydy2.extension.dataextractor.DETimeSumExportV enabled
reading: samsara2.extension.dataextractor.CumulatedHarvestedDbhDistribution enabled
reading: capsis.util.extendeddefaulttype.dataextractor.DETimeProdWithCI enabled
reading: samsara2.extension.dataextractor.DETimeShannonDWVperDC enabled
reading: isgm.extension.dataextractor.DEIsgmAgeAverageTreeDbh enabled
reading: guppy.extension.dataextractor.FishTimeMeanColour enabled
reading: runaway.extension.dataextractor.RunTimeIndividualCorrelation enabled
reading: organon.extension.dataextractor.OrgQuadraticMeanDiameterCm enabled
reading: heterofor.extension.intervener.hetintervenerplus.HetIntervenerPlus enabled
reading: phenofit4.extension.dataextractor.Fit4CarbonSurvival enabled
reading: prunus.extension.ioformat.PruSeedsExport enabled
reading: capsis.extension.extractorgroup.ExtractorGroup1 enabled
reading: sydy.extension.intervener.statinv.SydyStatInvFORGECO enabled
reading: heterofor.extension.ioformat.HetHourlyMeteoFileExport enabled
reading: capsis.extension.dataextractor.MuTimeSpecificProperty enabled
reading: sydy2.extension.dataextractor.DETimeSumExportC enabled
reading: ibasam.extension.dataextractor.FishTimeN enabled
reading: pp3.extension.ioformat.Pp3LogWithJuvenileWoodExport enabled
reading: samsara2.extension.dataextractor.Samsa2TimeGPerSpecies enabled
reading: ibasam.extension.ioformat.IbaRiverwardMigrationExport enabled
reading: cytisus.extension.ioformat.CytInventory enabled
reading: plantabsl.extension.intervener.PlantaSkidTrail enabled
reading: twoe.extension.intervener.TwoeThinner enabled
reading: fcba.pseudotsugamenziesii.extension.dataextractor.DETimeHg enabled
reading: mustard.extension.dataextractor.DEGClassN enabled
reading: sydy2.extension.extractorgroup.older.Sydy2ExtractorGroup3 enabled
reading: simq.extension.logger.ignfcba.IFLogger enabled
reading: lerfob.fagacees.extension.ioformat.FgExportTool enabled
reading: sydy2.extension.extractorgroup.older.Sydy2ExtractorGroup2 enabled
reading: runaway.extension.dataextractor.RunTimeHaldanes enabled
reading: sydy2.extension.extractorgroup.older.Sydy2ExtractorGroup1 enabled
reading: capsis.extension.datarenderer.DRTables enabled
reading: phenofit4.extension.standviewer.Fit4Viewer enabled
reading: heterofor.extension.intervener.HetGroundVegetationClearing enabled
reading: samsara2.extension.ioformat.Samsa2CellDailyWaterExport enabled
reading: quebecmrnf.extension.dataextractor.DETimeVolumeByWBirchProdVolLogCategories enabled
reading: transpoprege.extension.ioformat.TransRegInventory enabled
reading: woudyfor.extension.dataextractor.WoudyTimeAtmosphericNitrogenProductivity enabled
reading: pinuspinaster.extension.dataextractor.DEThinStandCompartmentDeadWood enabled
reading: optimist.extension.intervener.OptimClearCut enabled
reading: capsis.extension.dataextractor.BillBookNPVISensitivity enabled
reading: pinuspinaster.extension.dataextractor.DECgNMauge enabled
reading: capsis.extension.economicfunction.IncomeFunction enabled
reading: sydy.extension.extractorgroup.SydyEG_2_DgAutoeVgVhaCha enabled
reading: lsfmgm.extension.dataextractor.DETimeBasalArea enabled
reading: ibasam.extension.dataextractor.IbaTimeProportionMale_Smolt1 enabled
reading: heterofor.extension.dataextractor.HetTimeWBRelativeExtractableWater enabled
reading: ibasam.extension.dataextractor.IbaTimeProportionMale_Smolt0 enabled
reading: allostand3d.sketch.AlloSketcher enabled
reading: safe.extension.intervener.safepruning.SafePruning enabled
reading: capsis.extension.dataextractor.DELogNLogMeanV enabled
reading: ifnca.extension.dataextractor.DEAgeClassV enabled
reading: capsis.extension.modeltool.rivermaker.RiverMaker enabled
reading: samare.extension.dataextractor.DETimeSamareGCS enabled
reading: guppy.extension.dataextractor.FishPrefColourPlot enabled
reading: pp3.extension.dataextractor.DEBarkBiomassDistrib enabled
reading: sydy.extension.dataextractor.DETimeAMCV enabled
reading: capsis.extension.dataextractor.DEHeightClassN enabled
reading: samsara2.extension.dataextractor.DETimeCWDVolume enabled
reading: capsis.extension.standviewer.SVMaid enabled
reading: capsis.extension.dataextractor.DETimeCrownCover enabled
reading: paletuviers.extension.standviewer.SVPaletuviers enabled
reading: woudyfor.extension.dataextractor.WoudyTimeLinePositionNumberOfSeeds enabled
reading: capsis.lib.simcp.gui.crownmap.CrownMapViewer enabled
reading: quergus.extension.dataextractor.DEQuergusFutureRegeTable enabled
reading: sydy2.extension.extractorgroup.Sydy2EG_4_DgStabVolumes enabled
reading: ifnca.extension.dataextractor.DEAgeClassA enabled
reading: pnn2.extension.objectviewer.OVPnn2CellNGVEvolution enabled
reading: samsara2.pgms.util.RegenerationManager enabled
reading: sydy.extension.dataextractor.DETimeAMCG enabled
reading: runaway.extension.dataextractor.FishPreferenceDistribution enabled
reading: isgm.extension.dataextractor.DEIsgmAgeNumberOfTrees enabled
reading: capsis.extension.objectviewer.PieceViewer2D enabled
reading: capsis.extension.objectviewer.InspectorViewer enabled
reading: heterofor.extension.intervener.regenerationclearing.HetRegenerationClearing enabled
reading: capsis.extension.dataextractor.DEDbhHeight enabled
reading: woudyfor.extension.dataextractor.WoudyTimeNumberOfDeadSeedlings enabled
reading: capsis.lib.quest.ringviewer.QuestRingViewer enabled
reading: capsis.extension.standviewer.SVFinancialReport enabled
reading: plantabsl.extension.dataextractor.PlantaNonMerchantableDistribution enabled
reading: modispinaster.extension.dataextractor.ModisKeltoyerCBH enabled
reading: migration.extension.standviewer.SVMigration enabled
reading: modispinaster.extension.dataextractor.ModisKeltoyerCBD enabled
reading: uqar.jackpine.extension.ioformat.JackPineTaperExport enabled
reading: rreshar.extension.ioformat.RRSSensorExport enabled
reading: capsis.extension.dataextractor.DETimeG3 enabled
reading: capsis.extension.dataextractor.DETimeG2 enabled
reading: melies.extension.dataextractor.MesTimeProducedG enabled
reading: presage.extension.ioformat.PreInventoryDBF enabled
reading: samsara2.extension.ioformat.WriterTreeListExport enabled
reading: runaway.extension.dataextractor.LDTable enabled
reading: fcba.pseudotsugamenziesii.extension.dataextractor.DETimeDg enabled
reading: samsara2.extension.dataextractor.Samsa2SaplingHeightHeightIncrease enabled
reading: capsis.extension.spatializer.LineSpatializer enabled
reading: physiodemogenetics.extension.ioformat.PDGInventory enabled
reading: heterofor.extension.intervener.plantation.HetPlantation enabled
reading: ibasam.extension.ioformat.IbaCaptureExport enabled
reading: gymnos.extension.intervener.GymnoDeerProtection enabled
reading: organon.extension.dataextractor.OrgTreesPerHectare enabled
reading: cstab.extension.intervener.CstabThinner enabled
reading: dynet.extension.standviewer.SVDynet enabled
reading: capsis.extension.dataextractor.DEDg2_SecBrDg enabled
reading: pinuspinaster.extension.ioformat.PPThinTreeCarbonExport enabled
reading: sydy2.extension.intervener.statinv.Sydy2StatInvPCQM enabled
reading: pnn2.extension.objectviewer.OVPnn2Management enabled
reading: stretch.extension.dataextractor.DETimeCrownDepth enabled
reading: ventoug.extension.ioformat.VtgExport enabled
reading: capsis.extension.dataextractor.DETimeSTEMB enabled
reading: ventoux.extension.objectviewer.OVVentouxPieChart enabled
reading: guppy.extension.dataextractor.FishColourClassN enabled
reading: lsfmgm.extension.dataextractor.DETimeTreeSizeDiversity enabled
reading: capsis.extension.intervener.MarteloThinner enabled
reading: pp3.extension.dataextractor.DELivingBranchBiomassDistrib enabled
reading: ventoux.extension.objectviewer.Vtx2DHalf enabled
reading: migration.extension.dataextractor.DEHorDistanceN enabled
reading: phenofit4.extension.dataextractor.Fit4DroughtSurvival enabled
reading: optimist.extension.dataextractor.OptimTimeG enabled
reading: capsis.extension.workingprocess.LogTransporting enabled
reading: gymnos.extension.ioformat.GymnoExport enabled
reading: guppy.extension.dataextractor.FishTimeExpectedSurvival enabled
reading: sydy.extension.dataextractor.DETimeCarbon2 enabled
reading: presage.extension.standviewer.SVPresage enabled
reading: woudyfor.extension.dataextractor.WoudyTimeNumberOfNewAndRecruitedSeedlings enabled
reading: deesses.extension.dataextractor.DesTimeN enabled
reading: woudyfor.extension.dataextractor.WoudyTimeShrubBiomassProduction enabled
reading: deesses.extension.dataextractor.DesTimeG enabled
reading: regelight.extension.intervener.RegCrownsGeneratorNoAllo enabled
reading: presage.extension.intervener.PreThinnerWithGoal enabled
reading: sydy.extension.objectviewer.OVSydyPieChart enabled
reading: phenofit4.extension.dataextractor.Fit4FloweringDate enabled
reading: ecoaf.sketch.EcoafEdgeSketcher enabled
reading: samsara2.extension.ioformat.Samsa2TotalExport enabled
reading: simq.extension.dataextractor.SimqDETreeExtractiveConcentrationProfile enabled
reading: rreshar.extension.standviewer.SVRReShar enabled
reading: physiodemogenetics.extension.ioformat.PDGExportRealisedDispersal enabled
reading: capsis.extension.dataextractor.DETimeCE enabled
reading: capsis.extension.intervener.rankintervener.RankIntervener enabled
reading: sydy2.extension.lollypop.Sydy2Lollypop enabled
reading: lerfob.fagacees.extension.dataextractor.DETimeStandingTimberValue enabled
reading: sydy.extension.ioformat.SydyExportTreeList enabled
reading: capsis.lib.regeneration.extension.dataextractor.DETimeSaplingHeight enabled
reading: capsis.extension.modeltool.carbonstorageinra.CarbonAccountingToolWrapper enabled
reading: simq.extension.dataextractor.SimqTimeStandKnotVolume enabled
reading: eucalypt.extension.ioformat.EptusGISExportTree enabled
reading: bidasoa.extension.intervener.GeneticFishAddition enabled
reading: presage.extension.objectviewer.Viewer3D enabled
reading: capsis.extension.economicfunction.IncomePerVolume enabled
reading: eucalypt.extension.ioformat.EptusGISExport enabled
reading: capsis.extension.dataextractor.DETimeLEAVESB enabled
reading: capsis.extension.generictool.LogBrowserExt enabled
reading: kerguelen.extension.standviewer.SVKerguelen enabled
reading: capsis.extension.modeltool.optimizer.OptimizerTool enabled
reading: guppy.extension.dataextractor.FishTimeRelativeColour enabled
reading: runaway.extension.dataextractor.RunTimeTraits enabled
reading: sydy.extension.intervener.statinv.SydyStatInvPSDRF enabled
reading: lsfmgm.extension.dataextractor.DEDiameterClassN enabled
reading: ibasam.extension.dataextractor.IbaTimeProportion_Parr1 enabled
reading: quergus.extension.intervener.QGThinner enabled
reading: ibasam.extension.dataextractor.IbaTimeProportion_Parr0 enabled
reading: samsara2.pgms.util.RegenerationInstallation enabled
reading: plantabsl.extension.intervener.PlantaEliteTreeThinning enabled
reading: nz1.extension.ioformat.NZ1Inventory enabled
reading: sydy.extension.dataextractor.DETimeSumExportV enabled
reading: runaway.extension.dataextractor.DeadFishesFitnessDeltaPrefInvPlot enabled
reading: forceps.extension.ioformat.CepsSurEauPatchExport enabled
reading: capsis.extension.datarenderer.jfreechart.JFCBarChart enabled
reading: quebecmrnf.extension.intervener.formerautomatedharvester.FormerAutomatedHarvestThinner enabled
reading: capsis.extension.filter.gtree.FBiggestTrees enabled
reading: luberon2.extension.ioformat.Lub2PixelDynamicsExport enabled
reading: capsis.extension.datarenderer.drcurves.DRScatterPlot enabled
reading: capsis.extension.dataextractor.DETimeInterceptionIndex enabled
reading: modispinaster.extension.dataextractor.ModisStandTable enabled
reading: capsis.extension.filter.general.FIntegers enabled
reading: sydy.extension.dataextractor.DETimeSumExportC enabled
reading: safe.extension.ioformat.safeExport.SafeExport enabled
reading: luberon2.extension.dataextractor.Lub2TimeGUGha enabled
reading: capsis.extension.dataextractor.DETimeSDI2 enabled
reading: capsis.extension.dataextractor.DETimeAL enabled
reading: ecoaf.extension.ioformat.EcoafExport enabled
reading: silmar.silmars.extension.intervener.MarsThinner enabled
reading: capsis.extension.dataextractor.DEALClassN enabled
reading: quebecmrnf.extension.dataextractor.DETimeVolumeByPetroLogCategories enabled
reading: lerfob.fagacees.extension.dataextractor.DETimeFgBiomass enabled
reading: modispinaster.extension.dataextractor.ModisBiomassLopes enabled
reading: quergus.extension.dataextractor.DETimeRegenerationHeight enabled
reading: capsis.extension.dataextractor.DEGenotypeFrequencies enabled
reading: plantabsl.extension.dataextractor.PlantaTimeDbh enabled
reading: capsis.extension.modeltool.forestgales.ForestGales enabled
reading: capsis.lib.fire.exporter.wfds.WFDS enabled
reading: capsis.extension.dataextractor.DETimeGProd enabled
reading: heterofor.extension.modeltool.paruseefficiencyestimationtool.PUEEstimationTool enabled
reading: salem.extension.dataextractor.SlmTimeN enabled
reading: lsfmgm.extension.modeltool.LSFMMultiObjectiveTool enabled
reading: sydy2.extension.dataextractor.DETimeRdiEspDom enabled
reading: woudyfor.extension.dataextractor.WoudyTimeNumberOfCellsWithShrubs enabled
reading: samsara2.extension.dataextractor.Samsa2DbhClassInterceptedLight enabled
reading: salem.extension.dataextractor.SlmTimeG enabled
reading: eucalypt.extension.intervener.EptusCutPlant enabled
reading: modispinaster.extension.dataextractor.ModisTimeDebris enabled
reading: ecoaf.sketch.EcoafTreeSketcher enabled
reading: pnn2.extension.intervener.Pnn2Thinner enabled
reading: mediterranea.extension.dataextractor.FishTimeParentalLineage enabled
reading: rreshar.extension.ioformat.RRSPlotWaterExport enabled
reading: fireparadox.extension.standviewer.FmSVFireParadox enabled
reading: capsis.extension.datarenderer.drcurves.DRCurves enabled
reading: lsfmgm.extension.dataextractor.DETimeDiameterClassVolume enabled
reading: capsis.util.extendeddefaulttype.dataextractor.DETimeRingWidth enabled
reading: lsfmgm.extension.dataextractor.DEDiameterClassSpeciesClassN enabled
reading: organon.extension.dataextractor.OrgRelativeDensity enabled
reading: heterofor.extension.ioformat.HetEcosystemAverageIndicatorsExport enabled
reading: pp3.extension.objectviewer.Pp3TreeTaperViewer enabled
reading: capsis.extension.standviewer.SVLox enabled
reading: capsis.extension.dataextractor.DEGirthDistrib2 enabled
reading: quergus.model.QGInventoryLoader enabled
reading: heterofor.extension.dataextractor.HetEvapotranspiration enabled
reading: heterofor.extension.ioformat.HetWaterBalanceHourlyExport enabled
reading: capsis.extension.dataextractor.DETimeCover enabled
reading: runaway.extension.dataextractor.FitnessAgePlot enabled
reading: prunus.extension.ioformat.PruInventory enabled
reading: heterofor.extension.ioformat.HetNutrientStockAndFluxPerSpeciesExport enabled
reading: mountain.extension.ioformat.MountCustom enabled
reading: poplar.extension.intervener.PopThinner enabled
reading: woudyfor.extension.dataextractor.WoudyTimeNumberOfCellsWithSeeds enabled
reading: mustard.extension.dataextractor.DEAgeManagementUnitClassN enabled
reading: capsis.extension.dataextractor.DELightOnTree enabled
reading: sydy.extension.extractorgroup.SydyEG_5_HgAutoeCerneProdGV enabled
reading: forceps.extension.dataextractor.CepsTimeN enabled
reading: physiodemogenetics.extension.ioformat.PDGExportBayescan enabled
reading: sydy.extension.dataextractor.RichDim enabled
reading: regelight.extension.intervener.RegCrownsCreator enabled
reading: capsis.extension.ioformat.GenePopExport enabled
reading: capsis.extension.standviewer.SVEvolutionTable enabled
reading: capsis.extension.intervener.DHAThinner enabled
reading: woudyfor.extension.dataextractor.WoudyTimeNumberOfDisturbedShrubs enabled
reading: sydy2.extension.extractorgroup.older.Sydy2EG_RecProdFert enabled
reading: sydy.extension.extractorgroup.others.SydyEG_RecProdFert enabled
reading: pinuspinaster.extension.dataextractor.DETimeNFungusInfectionClass enabled
reading: pinuspinaster.extension.standviewer.SVFompine enabled
reading: simmem.extension.dataextractor.SimTimeDdom enabled
reading: capsis.extension.intervener.GymnoNHAThinner2 enabled
reading: capsis.util.extendeddefaulttype.ExtAdditionalDataIntegrator enabled
reading: phenofit4.extension.dataextractor.Fit4LeafDormancyBreakDate enabled
reading: croireplant.extension.intervener.CPlantThinner enabled
reading: runaway.extension.dataextractor.DeadFishesFitnessSelectivityPlot enabled
reading: simcop.model.SimcopInventoryLoader enabled
reading: samsara2.extension.dataextractor.Samsa2TimeG enabled
reading: regelight.extension.ioformat.RegRetroInventory enabled
reading: capsis.extension.dataextractor.FishForkLengthAge enabled
reading: mountain.extension.ioformat.MountWinEpiFn enabled
reading: mediterranea.extension.intervener.AgeHistoFisher enabled
reading: sydy2.extension.dataextractor.DETimeThinnedVSum enabled
reading: stretch.extension.dataextractor.DECpLgr enabled
reading: simreg.extension.intervener.SimregThinner enabled
reading: mpb.extension.ioformat.MpbExport enabled
reading: sydy2.extension.extractorgroup.Sydy2EG_2_DgAutoeVgVhaCha enabled
reading: sydy.extension.objectviewer.Sydy2DHalf enabled
reading: capsis.extension.dataextractor.DETimeVolumeByEndUseProducts enabled
reading: plantabsl.extension.dataextractor.PlantaSpeciesClassN enabled
reading: pinuspinaster.extension.ioformat.PPLogExport enabled
reading: physiodemogenetics.extension.ioformat.PDGSpagediExport enabled
reading: stretch.extension.ioformat.SfsStepExport2 enabled
reading: heterofor.extension.ioformat.HetDiversityIndicesExport enabled
reading: samare.extension.dataextractor.DETimeSamareDbhCS enabled
reading: woudyfor.extension.dataextractor.WoudyTimeNitrogenAtmosphericMass enabled
reading: natura2014.extension.dataextractor.PepGrowthTimeV enabled
reading: presage.extension.dataextractor.DETimePreGInter enabled
reading: samare.extension.dataextractor.DETimeSamareDbhCN enabled
reading: woudyfor.extension.dataextractor.WoudyTimeSeedlingMortalityProba enabled
reading: isgm.extension.dataextractor.DEIsgmAgeDensityIndex enabled
reading: fompine.extension.intervener.FomThinner enabled
reading: natura2014.extension.dataextractor.PepGrowthTimeN enabled
reading: natura2014.extension.dataextractor.PepGrowthTimeG enabled
reading: salem.extension.dataextractor.SlmTimeProducedG enabled
reading: capsis.extension.dataextractor.DESlendernessClassN enabled
reading: woudyfor.extension.ioformat.WoudyCellValidationExport enabled
reading: quergus.extension.intervener.QGGapGHAThinner enabled
reading: capsis.extension.dataextractor.DETimeShannonG enabled
reading: capsis.extension.standviewer.SVStateTable enabled
reading: heterofor.extension.ioformat.HetWaterBalanceMonthlyExport enabled
reading: capsis.lib.fire.standviewer.FiStandViewer3D enabled
reading: organon.extension.dataextractor.OrgImperialBasalAreaPerAcre enabled
reading: capsis.extension.treelogger.log2job.Log2Job enabled
reading: sydy.extension.extractorgroup.others.SydyEG_1_NHdomShbGhaCouv enabled
reading: walltree.model.WalInventoryLoader enabled
reading: capsis.extension.datarenderer.drcurves.DRTable enabled
reading: capsis.extension.dataextractor.DETimeSHB enabled
reading: sydy.extension.dataextractor.DETimeNunderDbh10 enabled
reading: capsis.extension.generictool.assistant.SettingsEditorExt enabled
reading: samsara2.extension.intervener.plantation.Samsa2Plantation enabled
reading: fireparadox.extension.itemchooser.FmLocalTreeChooser enabled
reading: mediterranea.extension.dataextractor.FishPairwiseTheta enabled
reading: optimist.extension.dataextractor.OptimTimeMah enabled
reading: fireparadox.extension.objectviewer.FmSeverityOV enabled
reading: capsis.extension.dataextractor.DETimeSlenderness enabled
reading: capsis.extension.memorizer.MinimalMemorizer enabled
reading: capsis.extension.dataextractor.DETimeMEDRB enabled
reading: capsis.extension.dataextractor.DEDistanceClassLoiselle enabled
reading: modispinaster.extension.dataextractor.ModisKeltoyerCL enabled
reading: sydy.extension.extractorgroup.SydyEG_1_NHdomShbGhaRDI enabled
reading: lerfob.fagacees.extension.dataextractor.DETimeMineralElement enabled
reading: capsis.extension.dataextractor.DETimeACGAMG enabled
reading: safe.extension.ioformat.SafeInventory enabled
reading: nrg.extension.ioformat.NrgExportTreeList enabled
reading: capsis.extension.dataextractor.FishTimeMeanFIS enabled
reading: capsis.extension.dataextractor.DETimeRdi enabled
reading: pinuspinaster.extension.dataextractor.DETimeStandCompartmentBiomass enabled
reading: deesses.extension.dataextractor.DesTimeDg enabled
reading: capsis.extension.economicfunction.IncomePerDiameterRange enabled
reading: sydy.extension.objectviewer.OVSydyCellNGVEvolution enabled
reading: sydy.extension.ioformat.SydyExportStandTrees enabled
reading: capsis.extension.treelogger.pp3treelogger.Pp3Logging enabled
reading: cytisus.extension.ioformat.CytGrassExport enabled
reading: capsis.extension.dataextractor.DEDbhIncrementClassN enabled
reading: sydy.extension.extractorgroup.others.SydyEG_NHdomGRdi enabled
reading: plantabsl.extension.extractorgroup.PlantaExtractors enabled
reading: fuelmanager.extension.itemchooser.Fm2PlantChooser enabled
reading: pp3.extension.ioformat.Pp3LogExport enabled
reading: ecoaf.extension.ioformat.EcoafPlantationExport enabled
reading: fcba.pseudotsugamenziesii.extension.export.FpmExport enabled
reading: samare.extension.intervener.SamareRecolt enabled
reading: lemoine.extension.intervener.LemThinner enabled
reading: capsis.util.extendeddefaulttype.dataextractor.DETimeDWithCI enabled
reading: deesses.extension.dataextractor.DesTimeRDI enabled
reading: mustard.extension.dataextractor.DETimeForestWorksAmount enabled
reading: natura.extension.dataextractor.DETimePepTotNGVD enabled
reading: samsara2.extension.dataextractor.DEStandIBP enabled
reading: sydy.extension.standviewer.SVSydyController enabled
reading: capsis.extension.dataextractor.DETimeRatiocomV6V4 enabled
reading: heterofor.extension.ioformat.HetTreeHydraulicsDailyExport enabled
reading: sydy.extension.dataextractor.DivEsp enabled
reading: pinuspinaster.extension.dataextractor.DEDbhBiomass enabled
reading: presage.extension.ioformat.PresageSVSExport enabled
reading: samsara2.extension.intervener.peripherycreator.PeripheryCreator enabled
reading: runaway.extension.dataextractor.CompetitivenessHandlingPlot enabled
reading: gymnos.extension.ioformat.GymnoDNFExport enabled
reading: capsis.extension.dataextractor.DETimeVProd2 enabled
reading: ibasam.extension.dataextractor.FishGrowthRate enabled
reading: capsis.extension.dataextractor.DEIrradianceArea enabled
reading: quergus.extension.dataextractor.DETimeFutureRegenerationHeight enabled
reading: optimist.extension.intervener.OptimGlobalThinner enabled
reading: capsis.extension.workingprocess.MechanicalHarvesting enabled
reading: rreshar.extension.ioformat.RRSCellExport enabled
reading: heterofor.extension.intervener.regenerationclearingplus.HetRegenerationClearingPlus enabled
reading: capsis.extension.grouperdisplay.InspectorDisplay enabled
reading: sydy.extension.dataextractor.DETimeHdomHgWithHcb enabled
reading: simcap.extension.filter.FPhenotype enabled
reading: pnn2.extension.standviewer.SVPnn2Branches enabled
reading: quebecmrnf.extension.dataextractor.DETimeVolumeBySybilleLogCategories enabled
reading: fuelmanager.extension.itemchooser.Fm2LayerSetChooser enabled
reading: runaway.extension.dataextractor.FishPleiotropyDistribution enabled
reading: fompine.model.FomInventoryLoader enabled
reading: capsis.extension.generictool.CsvFileViewerExt enabled
reading: forceps.extension.ioformat.CepsMeanStandExport enabled
reading: ibasam.extension.dataextractor.MetaReachOrderClassN enabled
reading: heterofor.extension.ioformat.HetNutrientFluxStandLevelMonthlyExport enabled
reading: capsis.lib.economics2.gui.DETimeStumpageValue enabled
reading: runaway.extension.dataextractor.InvestmentPreferencePlot enabled
reading: capsis.extension.dataextractor.DETimeRootCarbon enabled
reading: heterofor.extension.ioformat.HetWaterFluxPerSoilHorizonExport enabled
reading: forceps.extension.ioformat.CepsVerticalStructureExport enabled
reading: poplar.extension.objectviewer.PopTreeTaper enabled
reading: capsis.extension.objectviewer.MaskTesterForPixels enabled
reading: sydy.extension.ioformat.SydyExportWholeTreeList enabled
reading: mountain.extension.ioformat.MountSVSExport enabled
reading: sydy.extension.ioformat.SydyExportStatInv2 enabled
reading: capsis.extension.standviewer.SVStateTable2 enabled
reading: mediterranea.extension.dataextractor.ThetaTable enabled
reading: pp3.extension.ioformat.Pp3ThinTreeCarbonWithBiomassExport enabled
reading: capsis.extension.objectviewer.TreeSideViewer enabled
reading: uqar.jackpine.extension.standviewer.JpViewer enabled
reading: capsis.extension.dataextractor.MuTimeDg enabled
reading: phenofit4.extension.dataextractor.Fit4LeafSenescenceDate enabled
reading: capsis.extension.standviewer.SVInspector enabled
reading: pinuspinaster.extension.ioformat.PPLogWithJuvenileWoodExport enabled
reading: pnn2.extension.standviewer.SVPnn2 enabled
reading: woudyfor.extension.intervener.WoudyThinner enabled
reading: lsfmgm.extension.dataextractor.DETimeDiameterClassBiomass enabled
reading: mediterranea.extension.intervener.HistoFisher enabled
reading: forceps.extension.ioformat.CepsPpMothCompleteExport enabled
reading: sydy2.extension.intervener.statinv.Sydy2StatInv3byUA enabled
reading: modispinaster.extension.dataextractor.ModisDiameterClassTable enabled
reading: gymnos.extension.ioformat.GymnoStandTableExport enabled
reading: samsara2.extension.dataextractor.Samsa2DMHTypeN enabled
reading: capsis.extension.dataextractor.DETimeCE12 enabled
reading: rreshar.extension.ioformat.RRSUnderstoreyExport enabled
reading: forceps.extension.ioformat.CepsExport enabled
reading: heterofor.extension.dataextractor.DETimeBiomass enabled
reading: gbx.walsi.extension.ioformat.WalsiExporter enabled
reading: quebecmrnf.extension.intervener.automatedharvester.AutomatedHarvestThinner enabled
reading: phenofit5.extension.standviewer.Fit5TraceViewer enabled
reading: phenofit4.extension.dataextractor.Fit4LeafUnfoldingDate enabled
reading: stretch.extension.intervener.StretchSelfPruning enabled
reading: stretch.extension.dataextractor.DETimeCP enabled
reading: heterofor.extension.intervener.HetWarmUp enabled
reading: heterofor.extension.intervener.hetintervener.HetIntervener enabled
reading: runaway.extension.dataextractor.FishViabilityDistribution enabled
reading: sydy2.extension.extractorgroup.Sydy2EG_5_HgAutoeCerneProdGV enabled
reading: stretch.extension.dataextractor.DETimeCF enabled
reading: sydy.extension.ioformat.SydyExportCutTreeList enabled
reading: capsis.extension.dataextractor.DETimeSlendernessRatio enabled
reading: capsis.extension.dataextractor.BillBookNPVSensitivity enabled
reading: capsis.extension.ioformat.AMAPsimExportForIFN enabled
reading: capsis.extension.dataextractor.BillBookIRRSensitivity enabled
reading: capsis.extension.intervener.simcpintervener.SizeClassSpatialIntervener enabled
reading: forceps.extension.dataextractor.CepsTimeSpeciesBasalArea enabled
reading: pp3.extension.dataextractor.DETimeStandBiomass enabled
reading: capsis.extension.dataextractor.DELayersInterception enabled
reading: melies.extension.intervener.MesThinner_PV enabled
reading: lerfob.fagacees.extension.ioformat.FgSumSteps enabled
reading: capsis.extension.grouperdisplay.CellsDisplay enabled
reading: runaway.extension.dataextractor.PreferenceHandlingPlot enabled
reading: phenofit4.extension.dataextractor.Fit4FruitGrowthInitDate enabled
reading: capsis.extension.standviewer.SVBillBook enabled
reading: natura.extension.ioformat.PepInventoryA enabled
reading: uqar.jackpine.extension.ioformat.JackPineSimExport enabled
reading: simq.extension.intervener.SimqPruner enabled
reading: capsis.extension.dataextractor.DEEnumPropertyClassN enabled
reading: simq.extension.logger.simq.SimqLogger enabled
reading: presage.extension.intervener.PreRecoltScript enabled
reading: luberon2.model.Lub2InventoryLoader enabled
reading: samsara2.extension.ioformat.Samsa2Inventory enabled
reading: heterofor.extension.intervener.hetgapthinner.HetGapThinner enabled
reading: capsis.extension.dataextractor.DELightTable enabled
reading: capsis.util.extendeddefaulttype.dataextractor.DETimeNWithCI enabled
reading: samsara2.extension.dataextractor.DECWDVolumePerDecompositionClass enabled
reading: luberon2.extension.dataextractor.Lub2TimePanmicticHeterozygoteFrequencies enabled
reading: sydy2.extension.ioformat.Sydy2ExportStatInv2_withNonInvTrees enabled
reading: capsis.extension.dataextractor.DERipley enabled
reading: luberon2.extension.dataextractor.Lub2TimeGUDdom enabled
reading: capsis.extension.generictool.GraphicalExtensionManagerExt enabled
reading: forceps.extension.intervener.CepsGHAThinner3 enabled
reading: capsis.extension.dataextractor.DEDbhDbhIncrement enabled
reading: forceps.extension.intervener.CepsGHAThinner2 enabled
reading: lsfmgm.extension.dataextractor.DETimeSpeciesClassN enabled
reading: ibasam.extension.dataextractor.IbaDateDistribution_OneSW enabled
reading: gymnos.extension.intervener.GymnoRankThinner enabled
reading: mediterranea.extension.intervener.HatchRemoval enabled
reading: capsis.lib.simcp.filter.FilterSizeClassSpatialPicker enabled
reading: capsis.extension.standviewer.MultipartSceneViewer enabled
reading: sydy.extension.dataextractor.DETimeGaindgKg enabled
reading: lerfob.fagacees.extension.dataextractor.DEDbhHeight2 enabled
reading: standfire.extension.intervener.SFThinner enabled
reading: guppy.extension.dataextractor.FishColourSurvival enabled
reading: pinuspinaster.extension.dataextractor.DEFomPineStandTable enabled
reading: fuelmanager.extension.standviewer.Fm2FuelManager2DViewer enabled
reading: phenofit4.extension.ioformat.Fit4Export enabled
reading: mediterranea.extension.standviewer.SVMediterranea enabled
reading: capsis.extension.ioformat.LubSpagediExport enabled
reading: pp3.extension.dataextractor.DEStemBiomassDistrib enabled
reading: simcop.extension.standviewer.SVPlotYield enabled
reading: capsis.extension.dataextractor.FishSurvivalProbaClassN enabled
reading: sydy.extension.extractorgroup.others.SydyEG_DogShbVgV enabled
reading: regelight.extension.standviewer.SVRegeLight enabled
reading: quebecmrnf.extension.intervener.generalharvester.GeneralHarvesterThinner enabled
reading: capsis.extension.dataextractor.DECrownBaseHeightDistrib enabled
reading: capsis.extension.modeltool.rockfornet.RockfornetDialog enabled
reading: stretch.extension.ioformat.SfsStepExport enabled
reading: simmem.extension.dataextractor.SimTimeDg enabled
reading: capsis.lib.economics2.gui.DEBasfVsRate enabled
reading: lsfmgm.extension.dataextractor.DETimeDiameterClassBasalArea enabled
reading: modispinaster.extension.dataextractor.ModisDiameterClassV enabled
reading: sydy2.extension.extractorgroup.older.Sydy2EG_HogCerneAutoeStab enabled
reading: capsis.extension.intervener.TargetTypeRandomnessThinner enabled
reading: physiodemogenetics.extension.ioformat.PDGExportPhenotype enabled
reading: gbx.walsi.extension.dataextractor.WalsiTimeGPerSpecies enabled
reading: regelight.extension.intervener.RegTreesCreator enabled
reading: modispinaster.extension.dataextractor.ModisDiameterClassN enabled
reading: luberon2.extension.ioformat.Lub2IndividualDynamicsExport enabled
reading: pp3.extension.dataextractor.DETotalNeedleBiomassDistrib enabled
reading: runaway.extension.dataextractor.FishGeneticLinkageR3 enabled
reading: fcba.piceaabies.extension.dataextractor.DETimeHg enabled
reading: phenofit5.extension.standviewer.Fit5Viewer enabled
reading: runaway.extension.dataextractor.FishGeneticLinkageR2 enabled
reading: capsis.extension.dataextractor.DETimeCOARSERB enabled
reading: capsis.extension.dataextractor.DETimeRockfornetPRRH enabled
reading: ibasam.extension.dataextractor.IbaDateDistribution_Parr2 enabled
reading: capsis.extension.dataextractor.DETimeMeanSLLight enabled
reading: ibasam.extension.dataextractor.IbaDateDistribution_Parr1 enabled
reading: ibasam.extension.dataextractor.IbaDateDistribution_Parr0 enabled
reading: plantabsl.extension.dataextractor.PlantaTimeV0ha enabled
reading: deesses.extension.dataextractor.DesTimeProducedG enabled
reading: lsfmgm.extension.dataextractor.DETimeVolume enabled
reading: plantabsl.extension.dataextractor.PlantaTimeV10ha enabled
reading: sydy2.extension.dataextractor.DETimeAMCV enabled
reading: capsis.extension.generictool.assistant.TranslationAssistantExt enabled
reading: capsis.extension.dataextractor.DEAgeClassN enabled
reading: stretch2.extension.sketcher.St2Sketcher enabled
reading: capsis.extension.dataextractor.DEDistanceClassN enabled
reading: organon.extension.extractorgroup.OrgMetricPlots enabled
reading: capsis.lib.fire.intervener.physicalfireeffect.FiPhysicalFireEffect enabled
reading: pinuspinaster.extension.dataextractor.DEStemBiomassDistrib enabled
reading: ibasam.extension.dataextractor.IbaDateDistribution_Smolt2 enabled
reading: ibasam.extension.dataextractor.IbaDateDistribution_Smolt1 enabled
reading: capsis.extension.dataextractor.DETimeFormFact enabled
reading: ibasam.extension.dataextractor.IbaDateDistribution_Smolt0 enabled
reading: ventoux.extension.objectviewer.OVVentouxManagement enabled
reading: sydy2.extension.dataextractor.DETimeGaindgKg enabled
reading: presage.extension.dataextractor.DETimePresageAL enabled
reading: samsara2.extension.intervener.standspatializer.StandSpatializer enabled
reading: sydy2.extension.dataextractor.DETimeAMCG enabled
reading: capsis.extension.dataextractor.DETimeIrradianceArea enabled
reading: capsis.extension.dataextractor.DEHeightAge enabled
reading: presage.extension.ioformat.PresagePOVRAYExport enabled
reading: capsis.extension.dataextractor.DETimeDbhIncrement enabled
reading: capsis.extension.dataextractor.DETimeSFINERB enabled
reading: ecoaf.extension.dataextractor.EcoafTimeDbh enabled
reading: gbx.walsi.extension.intervener.WalsiPlantationIntervener enabled
reading: pinuspinaster.extension.dataextractor.DETotalNeedleBiomassDistrib enabled
reading: capsis.extension.dataextractor.FishForkLengthClassN enabled
reading: capsis.extension.dataextractor.DETimeLIVINGBB enabled
reading: quergus.extension.intervener.QGSpeciesGHAThinner enabled
reading: capsis.extension.dataextractor.DETimeMeanIrradiance enabled
reading: fcba.pseudotsugamenziesii.extension.dataextractor.DETimeDead enabled
reading: nrg.extension.intervener.NrgThinner3 enabled
reading: capsis.extension.dataextractor.DEThinTable enabled
reading: oakpine2.extension.dataextractor.DEOpi2DistributionChecker enabled
reading: capsis.extension.lollypop.GenericLollypop enabled
reading: sydy2.extension.ioformat.Sydy2ExportSpeciesTable enabled
reading: presage.extension.ioformat.PreExport enabled
reading: fireparadox.extension.ioformat.FmDBFileLoader enabled
reading: capsis.lib.economics2.gui.DETimeAnnuity enabled
reading: samsara2.extension.dataextractor.Samsa2TimeVolumeLightUseEfficiency enabled
reading: runaway.extension.dataextractor.InvestmentFitnessPlot enabled
reading: capsis.extension.dataextractor.DETimeLitterFall enabled
reading: natura2014.extension.ioformat.PepExportTool enabled
reading: allostand3d.extension.intervener.AlloOverlapSpatializer enabled
reading: nrg2017.extension.ioformat.Nrg2017ExportTreeList enabled
reading: capsis.extension.dataextractor.DEDbhTrunkVolume enabled
reading: capsis.extension.dataextractor.flexible.FlexibleDataExtractor enabled
reading: lsfmgm.extension.dataextractor.DETimeSpeciesDiversity enabled
reading: heterofor.extension.modeltool.virtualunderstoreygeneration.VirtualUnderstoreyGeneration enabled
reading: capsis.extension.workingprocess.Bundling enabled
reading: capsis.extension.dataextractor.FishTimeIndividualForkLength enabled
reading: luberon2.extension.dataextractor.Lub2TimeGeneticMeanAndVarianceOfTraits enabled
reading: capsis.extension.ioformat.ScenarioReportExport enabled
reading: gymnos.extension.intervener.GymnoGlobalThinner enabled
reading: samsaralightloader.extension.LiloVoxelExport enabled
reading: runaway.extension.dataextractor.RunTimeSurvival enabled
reading: stretch.extension.standviewer.SVStretch enabled
reading: simmem.extension.dataextractor.SimTimeHdom enabled
reading: fuelmanager.extension.objectviewer.Fm2SeverityOV enabled
reading: fcba.piceaabies.extension.dataextractor.DETimeDg enabled
reading: capsis.extension.dataextractor.DETimeDdomDg enabled
reading: capsis.extension.dataextractor.MuTimeMerchantVolume enabled
reading: guppy.extension.standviewer.SVGuppy enabled
reading: capsis.extension.dataextractor.MuTimeN enabled
reading: pp3.extension.dataextractor.DEBiomassDistrib enabled
reading: capsis.extension.dataextractor.DETimeForestGalesProbabilityValues enabled
reading: capsis.extension.dataextractor.DETimeTotalAccumulationQuantityN enabled
reading: sydy2.extension.extractorgroup.older.Sydy2EG_NHdomGRdi enabled
reading: luberon2.extension.dataextractor.Lub2TimeMortality enabled
reading: capsis.extension.dataextractor.MuTimeG enabled
reading: amapsim.extension.ioformat.SimInventory enabled
reading: capsis.extension.dataextractor.DEGenotypeFrequencies2 enabled
reading: capsis.extension.treelogger.geolog.GeoLog enabled
reading: heterofor.extension.standviewer.SVBrowsingVegetationHeightReduction enabled
reading: forceps.extension.ioformat.CepsGrowingIncrement enabled
reading: capsis.extension.dataextractor.DETimeDbhIncrementVariationCoefficient enabled
reading: quergus.extension.dataextractor.DEEnergyDistribution enabled
reading: capsis.extension.dataextractor.DETimeTotalAccumulationQuantityC enabled
reading: sydy2.extension.dataextractor.DETimeDgRW2 enabled
reading: regelight.extension.ioformat.RegHeightsInventory enabled
reading: capsis.extension.ioformat.CompatibleExtensions enabled
reading: samsara2.extension.standviewer.SVSamsara2Controller enabled
reading: regelight.extension.intervener.RegTreesCreator_RemoveTrees enabled
reading: woudyfor.extension.ioformat.WoudyShrubExport enabled
reading: ventoug.extension.ioformat.VtgExportL enabled
reading: fireparadox.extension.ioformat.FmExportScene enabled
reading: phenofit4.extension.dataextractor.Fit4Fitness enabled
reading: fireparadox.extension.itemchooser.FmLayerSetChooser enabled
reading: woudyfor.extension.dataextractor.WoudyTimeNumberOfProducedAndEatenSeeds enabled
reading: simq.extension.ioformat.SimqKnotExport enabled
reading: capsis.extension.dataextractor.DETimeMeanHarvest enabled
reading: sydy2.extension.ioformat.Sydy2ExportStandTable2 enabled
reading: sydy.extension.ioformat.SydyExportStatInv enabled
reading: mediterranea.extension.intervener.IntrogressionHistoFisher enabled
reading: sydy.extension.extractorgroup.others.SydyExtractorGroup3 enabled
reading: sydy.extension.extractorgroup.others.SydyExtractorGroup2 enabled
reading: sydy.extension.extractorgroup.others.SydyExtractorGroup1 enabled
reading: capsis.lib.regeneration.extension.ioformat.RGRootRelativeVolumeExport enabled
reading: capsis.extension.objectviewer.MaskTesterForCells enabled
reading: samsara2.extension.dataextractor.CumulatedHarvestedDbhDistributionPerSpecies enabled
reading: capsis.extension.dataextractor.FishAgeClassN enabled
reading: heterofor.extension.ioformat.HetRegenerationCohortsHydraulicsHourlyExport enabled
reading: uqar.jackpine.extension.objectviewer.JackPineTreeViewer enabled
reading: capsis.extension.dataextractor.DECrownRatioClassN enabled
reading: samare.extension.dataextractor.DETimeSamareGAccM enabled
reading: capsis.util.extendeddefaulttype.dataextractor.DEHeightClassN2 enabled
reading: uqar.jackpine.extension.ioformat.JackPineBranchExport enabled
reading: samare.extension.dataextractor.DETimeSamareGAccL enabled
reading: eucalypt.extension.intervener.EptusSimpleThinner enabled
reading: simq.extension.logger.gesfor.GesLogger enabled
reading: eucalypt.extension.intervener.EptusThinner enabled
reading: samsara2.extension.ioformat.Samsa2PlotWaterExport enabled
reading: samare.extension.dataextractor.DETimeSamareSuccessRate enabled
reading: capsis.extension.dataextractor.DETimeLIVINGBNC enabled
reading: capsis.extension.dataextractor.DEHIncrementClassN enabled
reading: capsis.extension.intervener.DensityTypeRandomnessThinner enabled
reading: woudyfor.extension.ioformat.WoudyTreeExport enabled
reading: samsara2.pgms.util.PlantTrees enabled
reading: capsis.util.extendeddefaulttype.dataextractor.DETimeVWithCI enabled
reading: cytisus.extension.standviewer.SVCytisus enabled
reading: capsis.extension.dataextractor.DETimeBARKNC enabled
reading: plantabsl.extension.ioformat.PlantaTreeExport enabled
reading: heterofor.extension.dataextractor.HetDeepDrainage enabled
reading: safeapex.extension.intervener.safepruning.SafeApexPruning enabled
reading: samare2018.extension.ioformat.SmaExportWrapper enabled
reading: heterofor.extension.dataextractor.HetTimePhenology enabled
reading: pnn2.extension.lollypop.Pnn2Lollypop enabled
reading: mediterranea.extension.intervener.GeneticFishAddition enabled
reading: ecoaf.extension.ioformat.EcoafProductionExport enabled
reading: mathilde.extension.ioformat.MathildeExportWrapper enabled
reading: capsis.extension.ioformat.StandTableExport enabled
reading: mountain.extension.ioformat.MountTotalExport enabled
reading: runaway.extension.dataextractor.FitnessInvestmentPlot enabled
reading: runaway.extension.dataextractor.FishSelectivityDistribution enabled
reading: isgm.extension.dataextractor.DEIsgmAgeVolumeGrowthRate enabled
reading: capsis.extension.dataextractor.DEAgeLeafSurface enabled
reading: capsis.extension.ioformat.SimcpScriptOut enabled
reading: capsis.extension.dataextractor.ReachConnectivity enabled
reading: woudyfor.extension.dataextractor.WoudyTimeNumberOfDeadShrubs enabled
reading: capsis.extension.modeltool.castaneaclimateviewer.CastaneaClimateViewer enabled
reading: runaway.extension.dataextractor.RunTimeMatingPoolSize enabled
reading: samsara2.extension.dataextractor.Samsa2CutTreesDiamDistrib enabled
reading: safe.extension.ioformat.safeExportNew.SafeExportNew enabled
reading: sydy.extension.standviewer.SVSydy enabled
reading: capsis.extension.dataextractor.DETimeVHoner enabled
reading: capsis.extension.ioformat.JaegerBlobFormat enabled
reading: capsis.extension.economicfunction.IncomePerCircumferenceRange enabled
reading: guppy.extension.dataextractor.FishTimeMeanPref enabled
reading: capsis.extension.modeltool.temporalwindsensitivityanalyser.TemporalWindSensitivityAnalyser enabled
reading: heterofor.extension.ioformat.HetNutrientImmobilisation enabled
reading: ventoux.extension.lollypop.VtxLollypop enabled
reading: pp3.extension.ioformat.Pp3WoudyforExport enabled
reading: pinuspinaster.extension.standviewer.SVPP enabled
reading: prunus.extension.standviewer.SVPrunus enabled
reading: capsis.extension.datarenderer.drcurves.DRHistogram enabled
reading: sydy2.extension.standviewer.SVSydy2 enabled
reading: simcop.extension.standviewer.SVSimcop enabled
reading: runaway.extension.dataextractor.MeanFitnessTime enabled
reading: samsara2.extension.filter.Samsa2TreeMouseSelector enabled
reading: fcba.piceaabies.extension.dataextractor.DETimeDead enabled
reading: forceps.extension.ioformat.CepsMeanSurEauStandExport enabled
reading: samare2014.extension.ioformat.SmaExportWrapper enabled
reading: capsis.extension.standviewer.svcontroller.SVController enabled
reading: heterofor.extension.ioformat.HetStandNutrientStockAndFluxExport enabled
reading: sydy2.extension.intervener.statinv.Sydy2StatInvPSDRF enabled
reading: capsis.extension.standviewer.SVTables enabled
reading: capsis.extension.dataextractor.DETimeVDeadwood enabled
reading: sydy.extension.ioformat.SydyExportTapro enabled
reading: fasy.extension.intervener.FasyThinner enabled
reading: capsis.extension.dataextractor.DETimeEconValues enabled
reading: capsis.extension.dataextractor.DETimeHdom enabled
reading: ecoaf.extension.dataextractor.EcoafTimeSpeciesProduction enabled
reading: simq.extension.dataextractor.SimqTimeTreeKnotVolume enabled
reading: ibasam.extension.dataextractor.IbaDateDistribution_MSW enabled
reading: luberon2.extension.dataextractor.Lub2ConsanguinityClassDistribution enabled
reading: capsis.extension.ioformat.ForEnerChipsScriptOut enabled
reading: capsis.extension.standviewer.SVSceneEvolutionTable enabled
reading: twoe.extension.dataextractor.TwoeTimeN enabled
reading: capsis.extension.modeltool.woodqualityworkshop.WoodQualityWorkshop enabled
reading: capsis.extension.dataextractor.DETimeV enabled
reading: capsis.extension.memorizer.FrequencyMemorizer enabled
reading: sydy.extension.dataextractor.DETimeHdomWithSICurves enabled
reading: twoe.extension.dataextractor.TwoeTimeG enabled
reading: luberon2.extension.dataextractor.Lub2TimeGUDiameterGrowthThresholdFlexibility enabled
reading: capsis.extension.dataextractor.DETimeN enabled
reading: twoe.extension.dataextractor.TwoeTimeC enabled
reading: plantabsl.extension.dataextractor.PlantaTimeBa enabled
reading: capsis.extension.dataextractor.DETimeH enabled
reading: capsis.extension.dataextractor.DETimeG enabled
reading: samsara2.extension.intervener.PolygonGapMaker enabled
reading: safeapex.extension.ioformat.export.SafeApexExport enabled
reading: heterofor.extension.ioformat.HetRegenerationCohortExport enabled
reading: capsis.extension.intervener.NrgThinner2 enabled
reading: mustard.extension.dataextractor.DETimeAfforestedArea enabled
reading: heterofor.extension.ioformat.HetDeadTreesExport enabled
reading: simcop.extension.ioformat.SimqExport enabled
reading: heterofor.extension.modeltool.simulationresultexporttool.SimulationResultExportTool enabled
reading: woudyfor.extension.dataextractor.WoudyTimeShrubCellBiomass enabled
reading: capsis.extension.dataextractor.DETimeCrownRadius enabled
reading: sydy.extension.extractorgroup.others.SydyEG_3_HgAutoeCerneProdGV enabled
reading: regelight.extension.ioformat.RegTRayciParFile enabled
reading: capsis.extension.intervener.C2Thinner enabled
reading: capsis.extension.modeltool.emerge.DBTool enabled
reading: pinuspinaster.extension.ioformat.CPFAScenarioReportExport enabled
reading: lemoine.extension.ioformat.LemIFNInventory enabled
reading: gymnos.model.GymnoInventoryLoader enabled
reading: ibasam.extension.dataextractor.IbaTimeN_MSW enabled
reading: heterofor.extension.ioformat.HetDetailedCarbonBalance enabled
reading: pp3.extension.ioformat.Pp3StandCarbonWithVolumeExport enabled
reading: ibasam.extension.dataextractor.FishPatchOccupancy enabled
reading: regelight.extension.ioformat.RegLightPointsFile enabled
reading: forceps.extension.ioformat.CepsSpeciesExport enabled
reading: capsis.extension.dataextractor.DETimeBiomass enabled
reading: simmem.extension.dataextractor.SimDistributionDdom enabled
reading: mediterranea.extension.intervener.WeirModification enabled
reading: capsis.extension.dataextractor.DETimeTOTALB enabled
reading: capsis.extension.dataextractor.DETimeLAI enabled
reading: cytisus.extension.dataextractor.DETimeGrassCover enabled
reading: mountain.extension.ioformat.MountASCIIFileforSVSExport enabled
reading: lerfob.abial.extension.dataextractor.DETimeModelHdom enabled
reading: sydy2.extension.extractorgroup.older.Sydy2EG_DogShbVgV enabled
reading: capsis.extension.dataextractor.DETimeCumulatedVolume enabled
reading: dynet.extension.dataextractor.FishTimeAllelicDiversity enabled
reading: ibasam.extension.dataextractor.IbaNAnadromousPerReach enabled
reading: samsara2.extension.intervener.unevenagedmanager.UnevenAgedManager enabled
reading: isgm.extension.dataextractor.DEIsgmAgeTotalBasalArea enabled
reading: capsis.extension.intervener.albrechtwindstormmodel.AWSIntervener enabled
reading: rreshar.extension.ioformat.RRSCohortExport enabled
reading: sydy.extension.standviewer.SVSydyBranches enabled
reading: rreshar.extension.ioformat.RRSSaplingExport enabled
reading: migration.extension.intervener.MigThinner enabled
reading: capsis.lib.economics2.gui.DENpvRate enabled
reading: simcap.model.SimcapInventoryLoader enabled
reading: capsis.extension.dataextractor.DETimeProducedV enabled
reading: heterofor.extension.ioformat.HetTreeHydraulicsHourlyExport enabled
reading: guppy.extension.dataextractor.FishFemaleChoice enabled
reading: quergus.model.QGSortieInventoryLoader enabled
reading: sydy2.extension.ioformat.Sydy2ExportDendroForEconomics disabled
reading: simq.extension.ioformat.SimqStandExport enabled
reading: guppy.extension.dataextractor.FishFecundity enabled
reading: sydy.extension.intervener.statinv.SydyStatInv enabled
reading: capsis.extension.dataextractor.DETimeProducedG enabled
reading: economics.extension.standviewer.SVEconomicBalance enabled
reading: eucalypt.extension.ioformat.EptusCellExport enabled
reading: capsis.extension.datarenderer.drgraph.DRBarGraph enabled
reading: heterofor.extension.ioformat.HetEconomics2Export enabled
reading: capsis.extension.datarenderer.jfreechart.JFCScatterPlot enabled
reading: simmem.extension.dataextractor.SimTimeRelativeDdom enabled
reading: mediterranea.extension.dataextractor.ReachTimeTemperature enabled
reading: pnn2.extension.ioformat.Pnn2TreeExport enabled
reading: runaway.extension.dataextractor.FishInvestmentDistribution enabled
reading: phenofit4.extension.dataextractor.Fit4FruitMaturationDate enabled
reading: heterofor.extension.dataextractor.HetNBeechBarkDiseaseTime enabled
reading: regelight.extension.ioformat.RegCrownsInventory enabled
reading: ibasam.extension.standviewer.SVIbasam enabled
reading: fcba.piceaabies.extension.dataextractor.DETimeG enabled
reading: dynet.extension.dataextractor.FishPatchOccupancy enabled
reading: capsis.extension.dataextractor.DETimeVolumeInd enabled
reading: samsara2.extension.intervener.regenerationcleaning.Samsa2RegenerationCleaning enabled
reading: capsis.lib.economics2.gui.DEDBHTreeValue enabled
reading: optimist.extension.dataextractor.OptimTimeBiomass enabled
reading: safeapex.extension.standviewer.safe.SVSafeApex enabled
reading: presage.extension.ioformat.PreInventory enabled
reading: pnn2.extension.objectviewer.OVPnn2PieChart enabled
reading: capsis.extension.dataextractor.DETimeBELOWGB enabled
reading: capsis.util.extendeddefaulttype.dataextractor.DETimeGWithCI enabled
reading: croireplant.extension.ioformat.CPlantExportPlacette enabled
reading: samare.extension.dataextractor.DETimeSamareDbhCSInter enabled
reading: forceps.extension.ioformat.CepsPatchVerticalStructureExport enabled
reading: phenofit4.extension.dataextractor.Fit4MaturationIndex enabled
reading: dynet.extension.dataextractor.FishTimeAlleleN enabled
reading: mediterranea.extension.dataextractor.MedFishTimeN enabled
reading: capsis.extension.spatializer.IdentitySpatializer enabled
reading: pinuspinaster.extension.intervener.C2Thinner enabled
reading: luberon2.extension.dataextractor.Lub2TimeGUHdom enabled
reading: stretch.extension.dataextractor.StretchInterpolators enabled
reading: heterofor.extension.standviewer.SVBrowsingCohortGrowthReduction enabled
reading: pinuspinaster.extension.dataextractor.DECgNFCBA3 enabled
reading: capsis.lib.economics2.gui.DENetPresentValueVsRate enabled
reading: pinuspinaster.extension.dataextractor.DECgNFCBA2 enabled
reading: capsis.extension.dataextractor.DETimeTotalResidualQuantityN enabled
reading: pinuspinaster.extension.dataextractor.DECgNFCBA1 enabled
reading: capsis.extension.dataextractor.DEHeightHeightIncrement enabled
reading: heterofor.extension.ioformat.HetRadiativeBalanceSingleDaysExport enabled
reading: woudyfor.extension.dataextractor.WoudyTimeAtmosphericNitrogenRotationProductivity enabled
reading: organon.extension.extractorgroup.OrgImperialPlots enabled
reading: capsis.extension.dataextractor.DETimeTotalResidualQuantityC enabled
reading: capsis.extension.dataextractor.DETimeVolumeByLogCategories enabled
reading: capsis.extension.dataextractor.DETimeAge enabled
reading: runaway.extension.dataextractor.FishFitnessDistribution enabled
reading: isgm.extension.modeltool.IsgmDensityControlDialog enabled
reading: pinuspinaster.extension.ioformat.PPStandTableExportForInventoryFile enabled
reading: succes.extension.ioformat.SuccesExportWrapper enabled
reading: heterofor.extension.ioformat.HetPhenologicalDatesExport enabled
reading: heterofor.extension.ioformat.HetInventoryExport enabled
reading: simq.extension.logger.afnor.IsoLogger enabled
reading: capsis.extension.dataextractor.DEDynamicsAnalysis enabled
reading: sydy.extension.intervener.SydyThinner enabled
reading: twoe.extension.ioformat.TwoeExportG enabled
reading: simmem.extension.dataextractor.SimTimeVC22 enabled
reading: genloader.extension.ioformat.GenInventory enabled
reading: mediterranea.extension.dataextractor.ReachTemperatureClassN enabled
reading: heterofor.extension.ioformat.HetExport enabled
reading: capsis.extension.filter.general.FIndividualSelector enabled
reading: capsis.extension.dataextractor.DEEconTable enabled
reading: organon.extension.dataextractor.OrgBasalAreaPerHectare enabled
reading: samsara2.extension.dataextractor.DETimeDeadWoodDiversityIndex enabled
reading: gymnos.extension.intervener.GymnoGHAThinner enabled
reading: heterofor.extension.modeltool.predictionassessmenttool.PredictionAssessmentTool enabled
reading: capsis.extension.dataextractor.DETimeDeadWood enabled
reading: fasy.extension.ioformat.FasyInventory enabled
reading: ventoux.extension.ioformat.VtxExportShapefile enabled
reading: ibasam.extension.dataextractor.IbaNParr0PerReach enabled
reading: sydy.extension.ioformat.SydyExportShapefile enabled
reading: sydy.extension.dataextractor.DETimeThinnedVSum40 enabled
reading: capsis.extension.dataextractor.DECdomN enabled
reading: capsis.extension.dataextractor.DETimeEmerge enabled
reading: regelight.extension.modeltool.TRayciLADOptimization enabled
reading: pnn2.extension.objectviewer.Pnn22DHalf enabled
reading: capsis.extension.dataextractor.DETimeRatioN6N4 enabled
reading: guppy.extension.dataextractor.FishGeneticLinkage enabled
reading: capsis.extension.filter.gtree.FTreeMouseSelector enabled
reading: capsis.extension.dataextractor.DETimeHgCrownBaseHeightg enabled
reading: capsis.extension.dataextractor.DETimeLFINERB enabled
reading: fireparadox.extension.itemchooser.FmLocalLayerSetChooser enabled
reading: capsis.lib.economics2.gui.DETimeCumulativeValue enabled
reading: organon.extension.standviewer.OrgViewer enabled
reading: mediterranea.extension.dataextractor.ReachTemperatureAltitude enabled
reading: organon.extension.dataextractor.OrgImperialBoardFootVolumePerAcre enabled
reading: forceps.extension.ioformat.CepsProductivityScene enabled
reading: capsis.extension.filter.gtree.FThreshold enabled
reading: capsis.extension.dataextractor.DETimeVPerron enabled
reading: lsfmgm.extension.dataextractor.DESpeciesClassBiomass enabled
reading: cstab.extension.dataextractor.CstabTimeCStock enabled
reading: melies.extension.dataextractor.MesTimeTxSpecies enabled
reading: gymnos.extension.intervener.GymnoSelectTargetTrees enabled
reading: capsis.extension.DECalibration enabled
reading: mountain.extension.ioformat.MountCellLightExport enabled
reading: capsis.extension.filter.general.FNumericThresholds enabled
reading: woudyfor.extension.dataextractor.WoudyTimeSeedN enabled
reading: mediterranea.extension.intervener.HatchCreation enabled
reading: ibasam.extension.dataextractor.IbaSizeDistribution_Smolt2 enabled
reading: regelight.extension.ioformat.RegTRayciPtc_Ptl enabled
reading: ibasam.extension.dataextractor.IbaSizeDistribution_Smolt1 enabled
reading: ibasam.extension.dataextractor.IbaSizeDistribution_Smolt0 enabled
reading: capsis.extension.objectviewer.CellInspectorViewer enabled
reading: modispinaster.extension.dataextractor.ModisTimeVolumeIncrement enabled
reading: woudyfor.extension.dataextractor.WoudyTimeShrubBiomass enabled
reading: runaway.extension.dataextractor.FishResourceDistribution enabled
reading: poplar.extension.dataextractor.PopTimeTreeVolume enabled
reading: presage.extension.dataextractor.DETimePresageIQST enabled
reading: plantabsl.extension.intervener.PlantaThinner enabled
reading: capsis.extension.dataextractor.DETimeTotalV enabled
reading: forceps.extension.ioformat.CepsAdaptive2Export enabled
reading: capsis.extension.dataextractor.DETimeCumulatedBasalArea enabled
reading: samsara2.extension.ioformat.WriterCellListExport enabled
reading: abccedrus.extension.standviewer.AbcSceneViewer enabled
reading: sydy.extension.intervener.statinv.SydyStatInvPCQM enabled
reading: capsis.extension.memorizer.DefaultMemorizer enabled
reading: capsis.lib.economics2.gui.DETimeMeanValue enabled
reading: capsis.extension.dataextractor.DETimeRadiationInterception enabled
reading: natura.extension.dataextractor.DETimePepPTotNGVD enabled
reading: sydy.extension.dataextractor.DETimeGaGp enabled
reading: mustard.extension.dataextractor.DETimeVProd enabled
reading: capsis.extension.dataextractor.DELightSummaryTable enabled
reading: melies.extension.intervener.MesThinner enabled
reading: samare.extension.intervener.SamareRecoltScript enabled
reading: fireparadox.extension.intervener.FmBeetleInitialization enabled
reading: pinuspinaster.extension.dataextractor.DEFungusInfectionDistrib enabled
reading: ibasam.extension.ioformat.IbaSummaryExport enabled
reading: salem.extension.intervener.SlmThinner enabled
reading: quebecmrnf.extension.intervener.MRNFIndividualThinner enabled
reading: pp3.extension.dataextractor.DETimeStandCompartmentBiomass enabled
reading: heterofor.extension.modeltool.soilwaterassessmenttool.rewassessmenttool.HetRewAssessmentTool enabled
reading: croireplant.extension.dataextractor.CPlantGrowthTimeV enabled
reading: capsis.extension.dataextractor.DETimeSMALLBB enabled
reading: poplar.extension.dataextractor.PopTimeSceneVolume enabled
reading: woudyfor.extension.dataextractor.WoudyTimeAtmosphericNitrogenProduction enabled
reading: heterofor.extension.ioformat.HetPedonWaterBalanceDailyExport enabled
reading: pinuspinaster.extension.dataextractor.DEBiomassDistrib enabled
reading: lsfmgm.extension.dataextractor.DEDiameterClassBasalArea enabled
reading: capsis.lib.economics2.gui.EconomicTextViewer enabled
reading: croireplant.extension.dataextractor.CPlantGrowthTimeHd enabled
reading: guppy.extension.dataextractor.FishTimePredationN enabled
reading: croireplant.extension.dataextractor.CPlantGrowthTimeN enabled
reading: genloader.extension.ioformat.GenExport enabled
reading: mediterranea.extension.dataextractor.ReachAltitudeClassN enabled
reading: stretch2.model.St2InventoryLoader enabled
reading: capsis.extension.dataextractor.DECgN enabled
reading: croireplant.extension.dataextractor.CPlantGrowthTimeG enabled
reading: sydy.extension.extractorgroup.SydyEG_NHdomShbGhaCouv enabled
reading: capsis.extension.grouperdisplay.MaddDisplay enabled
reading: plantabsl.extension.dataextractor.PlantaTimeDqm0 enabled
reading: sydy2.extension.intervener.Sydy2Thinner enabled
reading: fireparadox.extension.sketcher.FmPatternSketcher enabled
reading: capsis.extension.dataextractor.DETimeAverageTreeV enabled
reading: stretch.extension.dataextractor.DETimeCrownSurface enabled
reading: capsis.extension.dataextractor.DETimeGirth enabled
reading: sydy.extension.ioformat.SydyExportGSM enabled
reading: simmem.extension.ioformat.SimCommonExport2 enabled
reading: samare.extension.ioformat.SamareExport enabled
reading: capsis.extension.dataextractor.DETimeDgByHdom enabled
reading: transpop.extension.ioformat.TransExport enabled
reading: capsis.extension.filter.gcell.FCellGridSelector enabled
reading: samsara2.extension.grouperdisplay.Samsa2ThinningDisplay enabled
reading: capsis.extension.dataextractor.DEAlleleFrequencies enabled
reading: gymnos.extension.dataextractor.GymnoDdomRdi enabled
reading: pp3.extension.dataextractor.DEDbhBiomass enabled
reading: samsaralightloader.model.LiloInventoryLoader enabled
reading: dynet.extension.dataextractor.FishTimeN enabled
reading: natura2014.extension.dataextractor.PepGrowthTimeDq enabled
reading: capsis.extension.dataextractor.MuTimeDdom enabled
reading: melies.extension.dataextractor.MesTimeN enabled
reading: plantabsl.extension.dataextractor.PlantaTimeBa10 enabled
reading: runaway.extension.dataextractor.FitnessPreferencePlot enabled
reading: forceps.extension.ioformat.CepsAdaptive2AverageExport enabled
reading: capsis.lib.economics2.gui.DEBasiVsRate enabled
reading: melies.extension.dataextractor.MesTimeG enabled
reading: stretch.extension.dataextractor.DETimeStemVolume enabled
reading: heterofor.extension.dataextractor.HetTimeGstorey enabled
reading: samsara2.extension.dataextractor.Samsa2TimeMarketValue enabled
reading: capsis.extension.dataextractor.DELayersCover enabled
reading: capsis.extension.dataextractor.DETimeSecBrDg_x_Nha enabled
reading: capsis.extension.standviewer.SVSamsara enabled
reading: natura.extension.ioformat.PepExportData enabled
reading: plantabsl.extension.ioformat.PlantaCompleteExport enabled
reading: capsis.lib.fire.exporter.firetec.Firetec enabled
reading: samsara2.extension.dataextractor.DETimeIBP enabled
reading: ecoaf.extension.intervener.EcoafThinner enabled
reading: samare.extension.dataextractor.DETimeSamareDbhCNInter enabled
reading: sydy2.extension.ioformat.Sydy2ExportTreeList_All enabled
reading: samare.extension.dataextractor.DETimeSamareV enabled
reading: quergus.extension.intervener.QGRegenerationTreatment enabled
reading: plantabsl.extension.dataextractor.PlantaTimeDdom enabled
reading: capsis.extension.filter.gfish.FishInReachGroup enabled
reading: lsfmgm.extension.dataextractor.DEDiameterClassBiomass enabled
reading: capsis.extension.intervener.individualthinner.IndividualThinner enabled
reading: forceps.extension.ioformat.CepsCutWoodExport enabled
reading: capsis.extension.intervener.GymnoRDIThinner2 enabled
reading: heterofor.extension.ioformat.HetCatExport enabled
reading: samare.extension.dataextractor.DETimeSamareG enabled
reading: ecoaf.extension.ioformat.EcoafLayoutFileExport enabled
reading: simq.extension.objectviewer.SimqTreeProfileViewer enabled
reading: heterofor.extension.ioformat.HetThinnedTreeNutrientStock enabled
reading: migration.extension.dataextractor.MigSynthesisTable enabled
reading: mustard.extension.ioformat.MustInventory enabled
reading: heterofor.extension.ioformat.HetSpeciesFoliageStateExport enabled
reading: simq.extension.logger.baccfire.BFireLogger enabled
reading: capsis.extension.dataextractor.DELogNhaLogDg enabled
reading: runaway.extension.dataextractor.DeadFishesFitnessInvestmentPlot enabled
reading: samsara2.extension.dataextractor.Samsa2TimeTreeNumberPerSpecies enabled
reading: presage.extension.dataextractor.DETimeIQSPresage enabled
reading: croireplant.extension.dataextractor.CPlantGrowthTimeDbh enabled
reading: matapedia.extension.ioformat.MatapExportWrapper enabled
reading: samsara2.extension.ioformat.SylvaRockExport enabled
reading: capsis.extension.dataextractor.DETimeMeanDbhIncrement2 enabled
reading: capsis.extension.objectviewer.SketchOV enabled
reading: pinuspinaster.extension.objectviewer.PPTreeTaperViewer enabled
reading: capsis.extension.dataextractor.DETimeCrownRatio enabled
reading: heterofor.extension.modeltool.soilwaterassessmenttool.watercontentassessmenttool.HetWaterContentAssessmentTool enabled
reading: salem.extension.dataextractor.SlmTimeMeanHeight enabled
reading: heterofor.extension.ioformat.HetEcosystemYearlyIndicatorsExport enabled
reading: simq.extension.dataextractor.SimqDETreeRadiusProfile enabled
reading: capsis.extension.dataextractor.DETimeDbh enabled
reading: capsis.extension.dataextractor.DETimeRDINoIndividualTrees enabled
reading: capsis.extension.datarenderer.drgraph.DRScatterGraph enabled
reading: cytisus.extension.dataextractor.DETimeFlowerNumber enabled
reading: luberon2.extension.dataextractor.Lub2TimeHeritability enabled
reading: luberon.extension.ioformat.LubExportAdult enabled
reading: forceps.extension.ioformat.CepsExport3 enabled
reading: sydy2.extension.dataextractor.DETimeCProd2 enabled
reading: forceps.extension.ioformat.CepsExport2 enabled
reading: quergus.extension.intervener.QGGapCreationIntervener enabled
reading: capsis.lib.regeneration.extension.ioformat.RGUnderstoreyLightExport enabled
reading: capsis.extension.dataextractor.DETimeHeightIncrement enabled
reading: runaway.extension.dataextractor.SelectivityFitnessPlot enabled
reading: capsis.extension.datarenderer.jfreechart.JFCLineChart enabled
reading: forceps.extension.ioformat.CepsStockExport enabled
reading: woudyfor.extension.dataextractor.WoudyTimeAtmosphericNitrogenCumulativeProduction enabled
reading: oakpine1.extension.grouperdisplay.OakPineDisplay enabled
reading: sydy2.extension.objectviewer.Sydy22DHalf enabled
reading: heterofor.extension.ioformat.HetSpeciesYearlyIndicatorsExport enabled
reading: pinuspinaster.extension.ioformat.PPStandDeadWoodExport enabled
reading: capsis.extension.dataextractor.DETimeDEADBNC enabled
reading: capsis.extension.dataextractor.DEHeightCrownBaseHeight enabled
reading: heterofor.extension.ioformat.HetSilviculturalManagementPlanificationExport enabled
reading: capsis.extension.intervener.HistoThinner enabled
reading: regelight.extension.intervener.RegCrownRadiiNbIncrease enabled
reading: guppy.extension.dataextractor.FishTimeMatingSuccess enabled
reading: samsara2.extension.dataextractor.vegetationdiversity.Samsa2VegetationDiversity enabled
reading: fireparadox.extension.editor.FmLayerSetEditor enabled
reading: luberon2.extension.dataextractor.Lub2TimeGULai enabled
reading: sydy2.extension.dataextractor.DELogNhaLogDgFrontier enabled
reading: woudyfor.extension.dataextractor.WoudyTimeShrubBiomassProductivity enabled
reading: lsfmgm.extension.dataextractor.DEDiameterClassVolume enabled
reading: organon.extension.dataextractor.OrgImperialQuadraticMeanDiameterInches enabled
reading: sydy.extension.intervener.statinv.SydyStatInv2 enabled
reading: lsfmgm.extension.dataextractor.DESpeciesClassN enabled
reading: pnn2.extension.ioformat.Pnn2ExportGSM enabled
reading: bidasoa.extension.standviewer.SVBidasoa enabled
reading: capsis.extension.dataextractor.DETimeLEAVESNC enabled
reading: presage.extension.dataextractor.DETimePresageArea enabled
reading: stretch.extension.dataextractor.DECellLightClassN enabled
reading: samare.extension.dataextractor.DETimeSamareDbhAccM enabled
reading: ibasam.extension.dataextractor.IbaTimeN_Smolt2 enabled
reading: capsis.extension.dataextractor.DETimeHdomHm enabled
reading: ibasam.extension.dataextractor.IbaTimeN_Smolt1 enabled
reading: ibasam.extension.dataextractor.IbaTimeN_Smolt0 enabled
reading: melies.extension.dataextractor.MesTimeDg enabled
reading: capsis.extension.dataextractor.DETimeHdomHg enabled
reading: sydy2.extension.dataextractor.DETimeVProd2 enabled
reading: samsara2.extension.dataextractor.Samsa2QualityClassV enabled
reading: lsfmgm.extension.dataextractor.DESpeciesClassBasalArea enabled
reading: fasy.extension.dataextractor.FasyTimeHdom enabled
reading: salem.extension.dataextractor.SlmTimeTxSpecies enabled
reading: capsis.extension.dataextractor.DELargeDbhClassN enabled
reading: sydy.extension.dataextractor.DivDim enabled
reading: sydy.extension.dataextractor.DETimeDgRW2 enabled
reading: samsara2.extension.dataextractor.Samsa2QualityClassG enabled
reading: pp3.extension.ioformat.Pp3IFNInventory enabled
reading: capsis.extension.dataextractor.DELargeDbhClassG enabled
reading: capsis.extension.dataextractor.DEAlleleFrequencies2 enabled
reading: simmem.extension.dataextractor.SimDistributionHdom enabled
reading: capsis.extension.dataextractor.DETimeBARKB enabled
reading: capsis.extension.dataextractor.DETimeCanCovAU enabled
reading: capsis.extension.objectviewer.Viewer2DHalf enabled
reading: heterofor.extension.ioformat.HetInitialParametersExport enabled
reading: capsis.extension.dataextractor.DETimeCrobasBiomass enabled
reading: runaway.extension.standviewer.AverageGenomeViewer enabled
reading: rreshar.extension.ioformat.RRSTreeExport enabled
reading: capsis.extension.dataextractor.Mu2TimeCrobasBiomass enabled
reading: sydy.extension.dataextractor.DETimeThinnedVSum enabled
reading: heterofor.extension.ioformat.HetTreeGppHourlyExport enabled
reading: ibasam.extension.ioformat.IbaExport enabled
reading: sydy2.extension.extractorgroup.Sydy2EG_NHdomShbGhaCouv enabled
reading: cytisus.extension.ioformat.CytExport enabled
reading: capsis.lib.economics2.gui.DEPriceListSize enabled
reading: capsis.extension.ioformat.LubHierFstatExport enabled
reading: phenofit4.extension.dataextractor.Fit4TempSurvival enabled
reading: guppy.extension.dataextractor.FishTimeHaldanes enabled
reading: capsis.extension.dataextractor.DETimeBIOMRAC enabled
reading: capsis.lib.fire.intervener.LayerSetThinner enabled
reading: pp3.extension.dataextractor.DEThinStandCompartmentDeadWood enabled
reading: sydy.extension.dataextractor.DETimeDgRW enabled
reading: phenofit4.extension.dataextractor.Fit4Survival enabled
reading: natura.extension.dataextractor.DETimePepEssNGVD enabled
reading: samare.extension.ioformat.SamareADAGEExport enabled
reading: heterofor.extension.dataextractor.HetTimeCarbonStock enabled
reading: sydy.extension.dataextractor.DETimeCProd2 enabled
reading: eucalypt.extension.standviewer.sveucalypt.SVEucalypt enabled
reading: isgm.extension.dataextractor.DEIsgmStandTable enabled
reading: ventoug.extension.standviewer.SVVentoug enabled
reading: runaway.extension.dataextractor.DeadFishesFitnessCompetitivenessPlot enabled
reading: capsis.extension.intervener.RdiThinner enabled
reading: pp3.extension.ioformat.Pp3ThinTreeCarbonExport enabled
reading: melies.extension.dataextractor.MesTimeRDI enabled
reading: capsis.extension.standviewer.SVInitialParameters enabled
reading: capsis.extension.modeltool.forestgalestree.ForestGalesTree enabled
reading: samare.extension.dataextractor.DETimeSamareDbh enabled
reading: presage.extension.dataextractor.DESOMPothPresage enabled
reading: alisier.extension.ioformat.AlsExport enabled
reading: quergus.model.QGLiloInventoryLoader enabled
reading: presage.extension.dataextractor.DETimeAreaPresage enabled
reading: capsis.extension.economicfunction.ExpenseConstant enabled
reading: physiodemogenetics.extension.ioformat.PDGExportAdult enabled
reading: samare.extension.dataextractor.DETimeSamareGDeath enabled
reading: pp3.extension.standviewer.SVPp3 enabled
reading: capsis.lib.multicriteriathinner2.MultiCriteriaThinner2 enabled
reading: samsaralightloader.extension.LiloTreeExport enabled
reading: organon.extension.dataextractor.OrgImperialCubicFootVolumePerAcre enabled
reading: heterofor.extension.ioformat.HetWaterBalanceYearlyExport enabled
reading: physiodemogenetics.extension.ioformat.PDGExportArlequin enabled
reading: mediterranea.extension.intervener.RuleFishing enabled
reading: regelight.extension.ioformat.RegExportDxfCrowns enabled
reading: capsis.extension.dataextractor.DETimeACVAMV enabled
reading: pp3.extension.ioformat.Pp3LogWJWWCMExport enabled
reading: cytisus.extension.dataextractor.DETimeResource enabled
reading: regelight.extension.intervener.RegCrownsReduction enabled
reading: bidasoa.extension.dataextractor.FishWatershedTable enabled
reading: capsis.extension.ioformat.AMAPsimExport enabled
reading: sydy2.extension.dataextractor.DETimeHdomHgWithHcb enabled
reading: sydy2.extension.intervener.statinv.Sydy2StatInv2 enabled
reading: modispinaster.extension.dataextractor.ModisTimeSlenderness enabled
reading: capsis.lib.economics2.gui.EconomicExport enabled
reading: modispinaster.extension.dataextractor.ModisKeltoyerHBLC enabled
reading: capsis.extension.dataextractor.DEHeightInterception enabled
reading: samsara2.extension.dataextractor.Samsa2TimeCumulatedHarvestValue enabled
reading: capsis.extension.modeltool.carbonstorageinra.CarbonAccountingTool enabled
reading: capsis.extension.dataextractor.DETimeYield enabled
reading: heterofor.extension.ioformat.HetWindDamagedTreeExport enabled
reading: heterofor.extension.ioformat.HetLaiGstoreyExport enabled
reading: lerfob.fagacees.extension.ioformat.FgInventory enabled
reading: runaway.extension.dataextractor.InvestmentHandlingPlot enabled
reading: economics.extension.intervener.EcoThinner enabled
reading: luberon2.extension.dataextractor.Lub2TimeGUDiameterGrowthAlpha enabled
reading: heterofor.extension.ioformat.HetWaterBalanceDailyExport enabled
reading: fompine.extension.standviewer.SVFompine enabled
reading: capsis.extension.memorizer.InterventionMemorizer enabled
reading: presage.extension.dataextractor.DETimePreDbhCSInter enabled
reading: sydy.extension.ioformat.SydyEconomicsDendroExport enabled
reading: heterofor.extension.ioformat.HetTreeFoliageStateExport enabled
reading: lsfmgm.extension.dataextractor.DETimeBiomass enabled
reading: woudyfor.extension.dataextractor.WoudyTimeShrubBiomassRotationProductivity enabled
reading: capsis.extension.generictool.GroovyConsole enabled
reading: capsis.extension.workingprocess.ChippingRoadSide enabled
reading: capsis.extension.intervener.RdiAutoThinner enabled
reading: nrg.extension.ioformat.NrgInventory enabled
reading: sydy2.extension.ioformat.Sydy2ExportStandTable enabled
reading: forceps.extension.standviewer.SVForceps enabled
reading: capsis.extension.modeltool.scenariorecorder.ScenarioRecorderTool enabled
reading: capsis.lib.multicriteriathinner2.MultiCriteriaThinner2Map enabled
reading: modispinaster.extension.dataextractor.ModisBiomassViana enabled
reading: gymnos.extension.intervener.GymnoNHAThinner enabled
reading: forceps.extension.dataextractor.CepsTimeSpeciesBiomass enabled
reading: heterofor.extension.ioformat.HetCarbonBalanceSynthesis enabled
reading: cytisus.extension.objectviewer.CytViewer enabled
reading: heterofor.extension.ioformat.HetSoilTemperatureHourlyExport enabled
reading: capsis.extension.dataextractor.DEGirthClassN enabled
reading: mpb.extension.ioformat.MpbExportShapefile enabled
reading: mpb.extension.standviewer.SVMpb enabled
reading: capsis.extension.datarenderer.barchart.BarChart enabled
reading: pp3.extension.ioformat.Pp3StandDeadWoodExport enabled
reading: capsis.extension.dataextractor.DETimeHdomAU enabled
reading: ibasam.extension.dataextractor.IbaTimeN_OneSW enabled
reading: ibasam.extension.ioformat.IbaSeawardMigrationExport enabled
reading: phenofit5.extension.ioformat.Fit5Export enabled
reading: samsara2.extension.ioformat.Samsa2SeparateExport enabled
reading: heterofor.extension.standviewer.SVBrowsingBiomass enabled
reading: cstab.extension.dataextractor.CstabSubstratePoolDistribution enabled
reading: presage.extension.intervener.PreThinner enabled
reading: salem.extension.dataextractor.SlmTimeRDI enabled
reading: runaway.extension.dataextractor.FishCompetitivenessDistribution enabled
reading: sydy.extension.dataextractor.VolRecolte enabled
reading: capsis.extension.generictool.MethodProviderDocumenterExt enabled
reading: lerfob.abial.extension.ioformat.AbialInventory enabled
reading: modispinaster.extension.ioformat.EconomicsDendroExport enabled
reading: simq.sketch.LineSketcher enabled
reading: economics.extension.ioformat.BalanceSheet enabled
reading: stretch.extension.intervener.StretchManualLight enabled
reading: mountain.extension.ioformat.MountInventory2 enabled
reading: heterofor.extension.dataextractor.HetTimeSeedBank enabled
reading: fireparadox.extension.objectviewer.FmSelectionState enabled
reading: forceps.extension.ioformat.CepsMicroClimateExport enabled
reading: heterofor.extension.ioformat.HetLitterNutrientFlux enabled
reading: plantabsl.extension.filter.PlantaTreeMouseSelector enabled
reading: samare.extension.ioformat.SamarePOVRAYExport enabled
reading: artemis2014.extension.ioformat.ArtExportWrapper enabled
reading: capsis.extension.dataextractor.DETimeAmapsimVol enabled
reading: mediterranea.extension.dataextractor.FishIntrogressionClassN enabled
reading: mangrove.extension.standviewer.svmangrove.SVMangrove enabled
reading: sydy.extension.lollypop.SydyLollypop enabled
reading: forceps.extension.ioformat.CepsSceneVerticalStructureExport enabled
reading: ventoug.extension.ioformat.VtgInventory enabled
reading: woudyfor.extension.dataextractor.WoudyTimeLinePositionTLight enabled
reading: salem.extension.dataextractor.SlmTimeVolumeTot enabled
reading: ibasam.extension.dataextractor.IbaTimeN_Parr2 enabled
reading: capsis.extension.dataextractor.DELevelClassN enabled
reading: capsis.extension.standviewer.SVPolygons enabled
reading: ibasam.extension.dataextractor.IbaTimeN_Parr1 enabled
reading: capsis.extension.dataextractor.DETimeHCrownBaseH enabled
reading: ibasam.extension.dataextractor.IbaTimeN_Parr0 enabled
reading: sydy.extension.dataextractor.RichEsp enabled
reading: runaway.extension.dataextractor.DeadFishesDeltaPrefInvPleiotropyPlot enabled
reading: pradiata.extension.ioformat.PrInventory enabled
reading: luberon.extension.ioformat.LubSpagediExportAdult enabled
reading: samsara2.extension.ioformat.WriterOutputExport enabled
reading: samare.extension.ioformat.SamareSVSExport enabled
reading: capsis.extension.standviewer.SVText enabled
reading: lsfmgm.extension.dataextractor.DETimeSpeciesClassBiomass enabled
reading: capsis.extension.intervener.SapThinner enabled
reading: capsis.extension.modeltool.economicbalance.EconomicBalance enabled
reading: quebecmrnf.extension.dataextractor.DETimeVolumeByPetro2015LogCategories enabled
reading: luberon2.extension.dataextractor.Lub2AlleleEffectDistribution enabled
reading: transpop.extension.ioformat.TransInventory enabled
reading: capsis.extension.dataextractor.ReachMeanWidthClassN enabled
reading: samsara2.extension.intervener.multicriteriathinner.MultiCriteriaThinner enabled
reading: fcba.piceaabies.model.FpaInventoryLoader enabled
reading: sydy2.extension.standviewer.SVSydy2Controller enabled
reading: sydy.extension.dataextractor.DETimeRdiEspDom enabled
reading: fcba.pseudotsugamenziesii.extension.dataextractor.DETimeG enabled
reading: capsis.extension.generictool.memoryview.MemoryViewExt enabled
reading: woudyfor.extension.dataextractor.WoudyTimeNumberOfBuriedAndDeadSeeds enabled
reading: regelight.extension.intervener.RegPolygonalThinner enabled
reading: phenofit4.extension.dataextractor.Fit4FlowerDormancyBreakDate enabled
reading: mustard.extension.dataextractor.DEManagementUnitStatusClassN enabled
reading: sydy.extension.dataextractor.DERadarSpeciesG enabled
reading: capsis.extension.dataextractor.DETimeSTUMPB enabled
reading: physiodemogenetics.extension.ioformat.PDGExportRelatedness enabled
reading: regelight.extension.ioformat.RegTRayciTrees enabled
reading: bidasoa.extension.intervener.FishRemoval enabled
reading: capsis.extension.dataextractor.DETimeForestGalesWindSpeedValues enabled
reading: pinuspinaster.extension.dataextractor.DEDefoliationClassDistrib enabled
reading: capsis.extension.dataextractor.MuTimeHdom enabled
reading: capsis.extension.dataextractor.DETimeAMV enabled
reading: capsis.util.extendeddefaulttype.dataextractor.DETimeHWithCI enabled
reading: capsis.extension.dataextractor.DEDbhInterception enabled
reading: ibasam.extension.dataextractor.IbaSizeDistribution_MSW enabled
reading: capsis.extension.workingprocess.Forwarding enabled
reading: phenofit4.extension.intervener.Fit4Thinner enabled
reading: ibasam.extension.dataextractor.FishAgeClassN enabled
reading: runaway.extension.dataextractor.DeadFishesFitnessPreferencePlot enabled
reading: capsis.extension.dataextractor.DETimeAMG enabled
reading: ventoux.extension.ioformat.VtxExport enabled
reading: samsara2.extension.dataextractor.DETimeDendroHabitats enabled
reading: runaway.extension.dataextractor.RunTimeSexualSelectionIntensity enabled
reading: phenofit4.extension.dataextractor.Fit4FruitIndex enabled
reading: heterofor.extension.ioformat.HetTreeMicrohabitatsExport enabled
reading: samare.extension.ioformat.SamareInventoryDBF enabled
reading: gymnos.extension.intervener.GymnoBarkPeelingRDIThinner enabled
reading: sydy.extension.ioformat.SydyExportAU enabled
reading: deesses.extension.dataextractor.DesTimeTxSpecies enabled
reading: capsis.extension.dataextractor.DEDdom01Nha01 enabled
reading: capsis.extension.dataextractor.DEGirthDistrib enabled
reading: simmem.extension.dataextractor.SimDistributionBasalArea enabled
reading: pinuspinaster.extension.dataextractor.DEBarkBiomassDistrib enabled
reading: capsis.extension.standviewer.SVQuergus enabled
reading: regelight.extension.ioformat.RegExportTrunks enabled
reading: plantabsl.extension.dataextractor.PlantaTimeHdom enabled
reading: heterofor.extension.standviewer.SVHeterofor enabled
reading: capsis.util.extendeddefaulttype.dataextractor.DEBasalAreaComposition enabled
reading: runaway.extension.dataextractor.CompetitivenessInvestmentPlot enabled
reading: capsis.extension.dataextractor.DECdomDeadWood enabled
reading: capsis.extension.memorizer.FlexibleMemorizer enabled
reading: woudyfor.extension.dataextractor.WoudyTimeLinePositionNumberOfShrubs enabled
reading: sydy2.extension.dataextractor.DETimeCarbon2 enabled
reading: pinuspinaster.extension.ioformat.PPThinTreeCarbonWithBiomassExport enabled
reading: capsis.extension.dataextractor.DETimeCdomCg enabled
reading: guppy.extension.dataextractor.FishPrefClassN enabled
reading: regelight.extension.intervener.RegCrownsGenerator enabled
reading: capsis.extension.dataextractor.DEStandTable enabled
reading: capsis.extension.dataextractor.DELightOnCellAndSensor enabled
reading: runaway.extension.dataextractor.DeadFishesFitnessInvestmentPreferencePlot enabled
reading: presage.extension.dataextractor.DETimePresageIQS enabled
reading: capsis.extension.dataextractor.DETimeTreeVolume enabled
reading: sydy.extension.objectviewer.OVSydyManagement enabled
reading: plantabsl.extension.ioformat.PlantaControlExport enabled
reading: simmem.extension.intervener.SimThinner enabled
reading: fuelmanager.extension.sketcher.Fm2TreeSketcher enabled
reading: presage.extension.dataextractor.DETimePreDbhCNInter enabled
reading: capsis.extension.generictool.InspectorExt enabled
reading: ventoux.extension.dataextractor.DETimeThinnedV enabled
reading: lsfmgm.extension.dataextractor.DETimeDiameterClassN enabled
reading: capsis.extension.dataextractor.DEHdomDeadWood enabled
reading: ecoaf.extension.dataextractor.EcoafTimeHeight enabled
reading: stretch.extension.ioformat.SfsLightExport enabled
reading: simq.extension.dataextractor.SimqDETreeSurfaceProfile enabled
reading: capsis.extension.intervener.filterthinner.FilterThinner enabled
reading: capsis.extension.dataextractor.DETimeCrownInterceptionIndex enabled
reading: woudyfor.extension.dataextractor.WoudyTimeNumberOfPines enabled
reading: nrg2017.extension.intervener.Nrg2017Thinner3 enabled
reading: capsis.extension.dataextractor.DETimeRatioV6 enabled
reading: gymnos.extension.intervener.GymnoRDIThinner enabled
reading: sydy2.extension.dataextractor.DETimeGaGp enabled
reading: samsara2.extension.dataextractor.DETimeCWDVolumePerDecompositionClass enabled
reading: pp3.extension.standviewer.SVPp3Scenario enabled
reading: capsis.lib.fire.intervener.empiricalfireeffect.FiEmpiricalFireEffect enabled
reading: mediterranea.extension.intervener.FishTranslocation enabled
reading: heterofor.extension.ioformat.HetKeyYearsExport enabled
reading: samsara2.extension.dataextractor.Samsa2TimeMarketValueLightUseEfficiency enabled
reading: fuelmanager.extension.editor.Fm2LayerSetEditor enabled
reading: lsfmgm.extension.dataextractor.DETimeSpeciesClassVolume enabled
reading: fcba.piceaabies.extension.export.FpaExport enabled
reading: plantabsl.extension.intervener.PlantaGap enabled
reading: ecoaf.extension.ioformat.EcoafSummaryExport enabled
reading: ibasam.extension.dataextractor.FishPatchExtinction enabled
reading: mediterranea.extension.dataextractor.FishTimeIntrogression enabled
reading: rreshar.extension.ioformat.RRSVegetationLayerExport enabled
reading: maddmodel.extension.dataextractor.DESpeciesClassN enabled
reading: migration.extension.dataextractor.DEVerDistanceN enabled
reading: capsis.extension.dataextractor.DETimeAverageProducedV enabled
reading: woudyfor.extension.dataextractor.WoudyTimeShrubBiomassCumulativeProduction enabled
reading: capsis.lib.fire.sketcher.FiLayerSetSketcher enabled
reading: maddmodel.extension.dataextractor.TestExtractor enabled
reading: samsara2.extension.intervener.NVThinner enabled
reading: samare2018.extension.intervener.SmaIntervener enabled
reading: regelight.extension.ioformat.RegRegeCellInventory enabled
reading: presage.extension.intervener.PreRecolt enabled
reading: capsis.extension.workingprocess.Chipping enabled
reading: forceps.extension.ioformat.CepsDeadWoodExport enabled
reading: capsis.extension.ioformat.SpagediExport enabled
reading: capsis.extension.modeltool.forestgales2013.FGDamageCalculatorDialog enabled
reading: presage.extension.intervener.PreThinnerRadClear enabled
reading: pinuspinaster.extension.dataextractor.DEStumpFungusInfectionDistrib enabled
reading: heterofor.extension.ioformat.HetNutrientStockAndFluxPerSoilHorizon enabled
reading: heterofor.extension.standviewer.SVRadiationSingleDays enabled
reading: heterofor.extension.standviewer.SVSeedBankDynamics enabled
reading: capsis.extension.dataextractor.DETimeRatioV6V4 enabled
reading: ecoaf.extension.dataextractor.EcoafDbhClassN enabled
reading: capsis.extension.dataextractor.DETimeMultiG enabled
reading: samsara2.extension.dataextractor.Samsa2TimeSaplingNumberPerSpecies enabled
reading: ecoaf.extension.objectviewer.EcoafSummaryDialogOV enabled
reading: capsis.extension.datarenderer.drgraph.DRBoxPlots enabled
reading: capsis.extension.dataextractor.DETimeCanopyCover enabled
reading: runaway.extension.dataextractor.DeadFishesFitnessPleiotropyPlot enabled
reading: lsfmgm.extension.dataextractor.DETimeSpeciesClassBasalArea enabled
reading: runaway.extension.dataextractor.RunTimeCorrelation enabled
reading: samsara2.extension.dataextractor.Samsa2TimeEcologicalScore enabled
reading: runaway.extension.dataextractor.RunTimeCovVar enabled
reading: regelight.extension.modeltool.TRayciExport enabled
reading: guppy.extension.dataextractor.FishTimeLinkage enabled
reading: pinuspinaster.extension.standviewer.SVPPScenario enabled
reading: karite.extension.standviewer.SVKarite enabled
reading: ecoaf.sketch.EcoafPositionSketcher enabled
reading: mustard.extension.dataextractor.DENClassN enabled
reading: pp3.extension.ioformat.Pp3StandCarbonWithBiomassExport enabled
reading: capsis.extension.dataextractor.ReachSlopeClassN enabled
reading: runaway.extension.dataextractor.AlleleEffectPreferenceDistribution enabled
reading: samsara2.extension.intervener.simplewinddisturbance.SimpleWindDisturbance enabled
reading: heterofor.extension.dataextractor.HetTimeRegeAndTreeAvgHeight enabled
reading: modispinaster.extension.dataextractor.ModisVolumeTable enabled
reading: heterofor.extension.ioformat.HetNutrientFluxPerSoilHorizonMonthlyExport enabled
reading: woudyfor.extension.dataextractor.WoudyTimeShrubN enabled
reading: capsis.extension.filter.gtree.FTreeGridSelector enabled
reading: heterofor.extension.ioformat.HetThinningExport enabled
reading: capsis.extension.dataextractor.DETimeTotalAccumulationQuantityNexo enabled
reading: prunus.extension.objectviewer.ParentageViewer enabled
reading: capsis.extension.dataextractor.DETimeCarbon enabled
reading: capsis.extension.dataextractor.DETimeSizeDispersion enabled
reading: forceps.extension.ioformat.CepsProductivitySceneGenotype enabled
reading: simq.extension.dataextractor.SimqDETreeExtractivesProfile enabled
reading: capsis.extension.dataextractor.DEDiamDistrib enabled
reading: capsis.extension.dataextractor.DEIntertype enabled
reading: capsis.extension.dataextractor.DEDbhClassN enabled
reading: presage.extension.dataextractor.DETimePresageSOMPoth enabled
reading: pinuspinaster.extension.ioformat.PPIFNInventory enabled
reading: ibasam.extension.dataextractor.IbaTimeProportionMale_OneSW enabled
reading: luberon2.extension.dataextractor.Lub2LocusRelativeDeficitInHeterozygous enabled
reading: sydy.extension.extractorgroup.SydyEG_3_ProdGVC_RecVC enabled
reading: capsis.extension.datarenderer.drgraph.DRStackedAreaGraph enabled
reading: ventoux.extension.ioformat.VtxExport2 enabled
reading: capsis.util.extendeddefaulttype.dataextractor.DEDbhClassN2 enabled
reading: mediterranea.extension.intervener.ViabilityAnalysis enabled
reading: woudyfor.extension.ioformat.WoudyCompetitorExport enabled
reading: capsis.extension.dataextractor.DEHeightInterceptionIndex enabled
reading: ventoux.extension.intervener.VtxThinner enabled
reading: capsis.extension.modeltool.viewertoolkit.ViewerToolKit enabled
reading: mustard.extension.dataextractor.DETimeIncVProd enabled
reading: ibasam.extension.filter.IbaFishInRiver enabled
reading: sydy2.extension.ioformat.Sydy2ExportTreeList_Cut enabled
reading: migration.extension.ioformat.MigExportCell enabled
reading: fuelmanager.extension.objectviewer.Fm2SelectionState enabled
reading: capsis.extension.standviewer.SVAvatars enabled
reading: pinuspinaster.extension.ioformat.PPStandCarbonWithBiomassExport enabled
reading: capsis.extension.dataextractor.DETimeACG enabled
reading: capsis.extension.dataextractor.DETimeDEADBB enabled
reading: heterofor.extension.ioformat.HetTreeNutrientDemand enabled
reading: ibasam.extension.dataextractor.IbaTimeProportionMale_Parr1 enabled
reading: woudyfor.extension.dataextractor.WoudyTimeLinePositionShrubBiomass enabled
reading: ibasam.extension.dataextractor.IbaTimeProportionMale_Parr0 enabled
reading: mediterranea.extension.dataextractor.MedWatershedTable enabled
reading: pinuspinaster.extension.dataextractor.DETimeNDefoliationClass enabled
reading: capsis.extension.dataextractor.DETimeMeanHMeanCrownBaseH enabled
reading: sydy.extension.dataextractor.DivEspDim disabled
reading: simmem.extension.ioformat.SimGymnoExport enabled
reading: safe.extension.standviewer.safe.SVSafe enabled
reading: isgm.extension.dataextractor.DEIsgmAgeTreeHeight enabled
reading: regelight.extension.ioformat.RegExportRefPos enabled
reading: capsis.extension.modeltool.historychecker.HistoryChecker enabled
reading: nrg.extension.standviewer.SVNrg enabled
reading: sydy2.extension.intervener.statinv.Sydy2StatInvFORGECO enabled
reading: runaway.extension.dataextractor.CompetitivenessFitnessPlot enabled
reading: rreshar.extension.dataextractor.RRSSoilWaterContent enabled
reading: cytisus.extension.dataextractor.CytDistanceClassN enabled
reading: heterofor.extension.ioformat.HetNutrientStatusExport enabled
reading: lerfob.fagacees.extension.objectviewer.FgTreeTaper enabled
reading: cytisus.extension.dataextractor.CytTimeSeedNumber enabled
reading: capsis.extension.dataextractor.DETimeBIOMTOT enabled
reading: heterofor.extension.ioformat.HetNutrientCyclingExport enabled
reading: capsis.extension.dataextractor.DEVolumeClassN enabled
reading: capsis.extension.objectviewer.TreeInspectorViewer enabled
reading: dynet.extension.dataextractor.FishGrowthRate enabled
reading: capsis.lib.fire.exporter.quicfire.QuicFire enabled
reading: capsis.extension.filter.gfish.FishThreshold enabled
reading: simq.extension.dataextractor.SimqDETreeVolumicMassProfile enabled
reading: rreshar.extension.ioformat.RRSCellDailyWaterExport enabled
reading: fireparadox.extension.itemchooser.FmPlantChooser enabled
reading: sydy2.extension.intervener.statinv.Sydy2StatInv enabled
reading: capsis.extension.modeltool.GeneticsGeneration enabled
reading: ventoux.extension.standviewer.SVVentoux2 enabled
reading: capsis.extension.intervener.GymnoGHAThinner2 enabled
reading: modispinaster.extension.dataextractor.ModisBiomassBalboa enabled
reading: woudyfor.extension.dataextractor.WoudyTimeSeedlingN enabled
reading: gbx.waffle.extension.intervener.WafThinner enabled
reading: gymnos.extension.ioformat.GymnosTreeDataExport enabled
reading: organon.extension.dataextractor.OrgImperialTreesPerAcre enabled
reading: simcop.extension.dataextractor.LAIViewer enabled
reading: simmem.extension.dataextractor.SimTimeN enabled
reading: capsis.extension.dataextractor.MuTimeTotalVolume enabled
reading: croireplant.extension.dataextractor.CPlantGrowthTimeIncr enabled
reading: simmem.extension.dataextractor.SimTimeG enabled
reading: croireplant.extension.ioformat.CPlantExportTool enabled
reading: capsis.extension.dataextractor.DETimeInterceptionIndexRank enabled
reading: samsara2.extension.dataextractor.Samsa2TimeCarbonDryMatterMass enabled
reading: samsara2.extension.dataextractor.Samsa2SaplingHClassN enabled
reading: pinuspinaster.extension.dataextractor.DETimeMeanRatePMoth enabled
reading: capsis.extension.dataextractor.DEHdomN enabled
reading: regelight.extension.modeltool.LightPointsImportation enabled
reading: capsis.extension.dataextractor.DETimeVg enabled
reading: pp3.extension.dataextractor.DETimeStandCompartmentDeadWood enabled
reading: capsis.extension.dataextractor.DETimeInterCrown enabled
reading: quergus.extension.dataextractor.DEQuergusRegeTable enabled
reading: quergus.extension.dataextractor.DETimeFutureRegenerationComposition enabled
reading: nrg2017.extension.ioformat.Nrg2017Inventory enabled
reading: capsis.extension.dataextractor.DEDbhLeafSurface enabled
reading: organon.extension.dataextractor.OrgCubicMetersVolumePerHectare enabled
reading: phenofit5.extension.dataextractor.Fit5ControlTable enabled
reading: nrg2017.extension.standviewer.Nrg2017SVSimple enabled
reading: capsis.extension.intervener.EconomicIntervention enabled
reading: heterofor.extension.ioformat.HetRegenerationCohortsHydraulicsDailyExport enabled
reading: fuelmanager.extension.intervener.FuelMoistureAdjuster enabled
reading: walltree.extension.intervener.WalThinner enabled
reading: maddmodel.extension.dataextractor.DESpeciesN enabled
reading: phenofit4.extension.dataextractor.Fit4LeafIndex enabled
reading: woudyfor.extension.dataextractor.WoudyDbhClassShrubNumber enabled
reading: ventoux.extension.standviewer.SVVentoux enabled
reading: isgm.extension.dataextractor.DEIsgmAgeVolume enabled
reading: lerfob.fagacees.extension.ioformat.FgSumStepsWithMasses enabled
reading: mountain.extension.standviewer.SVMountain enabled
reading: organon.extension.dataextractor.OrgBoardFootVolumePerHectare enabled
reading: simcap.extension.intervener.SimcapThinner enabled
reading: capsis.extension.dataextractor.DETimeV2 enabled
reading: heterofor.extension.ioformat.HetTreeNutrientStock enabled
reading: dynet.extension.dataextractor.FishPairwiseFST enabled
reading: samsara2.extension.dataextractor.DETimeDbhCumulativePerSpecies enabled
reading: capsis.extension.economicfunction.ExpensePerHectare enabled
reading: capsis.extension.dataextractor.DETimeMeanDbhIncrement enabled
reading: pp3.extension.ioformat.Pp3StandTableExportForInventoryFile enabled
reading: maddmodel.extension.dataextractor.DETestColoredCurves enabled
reading: migration.extension.ioformat.MigExportCohort enabled
reading: sydy2.extension.dataextractor.DETimeHDRatioDomMean enabled
reading: ibasam.extension.dataextractor.IbaSizeDistribution_OneSW enabled
reading: capsis.extension.intervener.foreoledisturbance.ForeoleDisturbance enabled
reading: capsis.extension.filter.general.FQualitativeProperty enabled
reading: sydy.extension.extractorgroup.others.SydyEG_HogCerneAutoeStab enabled
reading: ventoug.extension.objectviewer.OVCellNGEvolution enabled
reading: luberon2.extension.dataextractor.Lub2TimeGUNha enabled
reading: artemis.extension.ioformat.ArtExportWrapper enabled
reading: deesses.extension.intervener.DesThinner enabled
reading: capsis.extension.dataextractor.DETimeDCI enabled
reading: sydy2.extension.dataextractor.DETimeDgRW enabled
reading: luberon2.extension.dataextractor.Lub2TimeGUDiameterGrowthThreshold enabled
reading: capsis.extension.dataextractor.DETimeGiniG enabled
reading: samsara.extension.ioformat.SamsaInventory enabled
reading: ecoaf.extension.modeltool.EcoafRadiativeBalance enabled
reading: sydy2.extension.dataextractor.DETimeGProd2 enabled
reading: capsis.extension.dataextractor.DETimeBIOMAER enabled
reading: pinuspinaster.extension.intervener.FomThinner enabled
reading: simmem.extension.dataextractor.SimTimeDensity enabled
reading: capsis.extension.objectviewer.NZ1SideViewer enabled
reading: woudyfor.extension.ioformat.WoudyShrubValidationExport enabled
reading: stretch.extension.sketchaddon.sketcher.StretchSketcher enabled
reading: ibasam.extension.ioformat.IbaSimulationBreedersExport enabled
reading: plantabsl.extension.dataextractor.PlantaTimeNha enabled
reading: heterofor.extension.dataextractor.HetTimeLAIstorey enabled
reading: heterofor.extension.intervener.HetWindDamage enabled
reading: mustard.extension.dataextractor.DEHdomClassN enabled
reading: capsis.extension.dataextractor.DETimeVg2 enabled
reading: capsis.extension.dataextractor.DEStructureType enabled
reading: forceps.extension.ioformat.CepsProductivity enabled
reading: optimist.extension.dataextractor.OptimTimeDdomDmean enabled
reading: ibasam.extension.dataextractor.IbaSizeDistribution_Parr2 enabled
reading: ibasam.extension.dataextractor.IbaSizeDistribution_Parr1 enabled
reading: ibasam.extension.dataextractor.IbaSizeDistribution_Parr0 enabled
reading: pinuspinaster.extension.dataextractor.DETimeStandBiomass enabled
reading: heterofor.extension.standviewer.SVRegenerationAndTreeHeightDistribution enabled
reading: capsis.extension.dataextractor.DETimeRW enabled
