location,Latitude,SunInclination,Altitude
49612,52.61114539865847,-4,10
49613,52.61223699958795,-4,10
49614,52.60782680171074,-4,10
49615,52.39446165268938,-4,10
49616,52.40342162875263,-4,10
49617,52.58485465676941,-4,10
49618,52.57983039238828,-4,10
49619,52.63637239736421,-4,10
49620,52.58990902776885,-4,10
49621,52.56303218064715,-4,10
49622,52.58206252521555,-4,10
49623,52.58878895600427,-4,10
49624,52.494193941062136,-4,10
49625,52.48523092513611,-4,10
49626,52.5983086226018,-4,10
49627,52.61845369747286,-4,10
49628,52.62685869076727,-4,10
49629,52.627413059738544,-4,10
49630,52.48471410469326,-4,10
49631,52.64533171034308,-4,10
49632,52.59886792715837,-4,10
49633,52.58766159351601,-4,10
49634,52.58934990329595,-4,10
49635,52.62630249623423,-4,10
49636,52.5792678035907,-4,10
49637,52.61955660283038,-4,10
49638,52.620652206645325,-4,10
49639,52.65131309671413,-4,10
49640,52.64235185662336,-4,10
49641,52.58150722563761,-4,10
49642,52.599425408176295,-4,10
49643,52.539450027657104,-4,10
49644,52.38944873726541,-4,10
49645,52.52933851893843,-4,10
49646,52.628516320450885,-4,10
49647,52.58822618603156,-4,10
49648,52.619006062776805,-4,10
49649,52.62796560301171,-4,10
49650,52.494663644182666,-4,10
49651,52.36045982910797,-4,10
49652,52.44790973783678,-4,10
49653,52.43894126448548,-4,10
49654,52.45191434900055,-4,10
49655,52.36090154300899,-4,10
49656,52.41904409109992,-4,10
49657,52.39544721917691,-4,10
49658,52.404416231706335,-4,10
49659,52.431323144230966,-4,10
49660,52.44029207337122,-4,10
49661,52.35582454301365,-4,10
49662,52.364795340167774,-4,10
49663,52.41112696546033,-4,10
49664,52.42009520938584,-4,10
49665,52.38647818581026,-4,10
49666,52.37750913161043,-4,10
49667,52.359570960727225,-4,10
49668,52.43265715639724,-4,10
49669,52.439393352509455,-4,10
49670,52.44836197142046,-4,10
49671,52.42280053940531,-4,10
49672,52.38692395677382,-4,10
49673,52.40306716079229,-4,10
49674,52.31951644966016,-4,10
49675,52.400252392333336,-4,10
49676,52.44162651505187,-4,10
49677,52.40922295160983,-4,10
49678,52.43740850155687,-4,10
49679,52.369429210963496,-4,10
49680,52.46809104365116,-4,10
49681,52.42906343216865,-4,10
49682,52.368540056581416,-4,10
49683,52.41946666404272,-4,10
49684,52.41049571520097,-4,10
49685,52.418193490669154,-4,10
49686,52.44699981428925,-4,10
49687,52.44073870598903,-4,10
49688,52.41158225005104,-4,10
49689,52.394999489080135,-4,10
49690,52.40396835750595,-4,10
49691,52.41293720503239,-4,10
49692,52.43087483737088,-4,10
49693,52.43984362217478,-4,10
49694,52.44881238606298,-4,10
49695,52.43824873325792,-4,10
49696,52.41776546338931,-4,10
49697,52.351490426546434,-4,10
49698,52.447455685422646,-4,10
49699,52.420550640523466,-4,10
49700,52.402613838499285,-4,10
49701,52.43782952720182,-4,10
49702,52.3689855407898,-4,10
49703,52.39454994342382,-4,10
49704,52.36134144323985,-4,10
49705,52.37031110877395,-4,10
49706,52.451476670009214,-4,10
49707,52.43176963309482,-4,10
49708,52.40351866716463,-4,10
49709,52.47661478953261,-4,10
49710,52.40879506208913,-4,10
49711,52.36521891258776,-4,10
49712,52.37795475916751,-4,10
49713,52.35624797916953,-4,10
49714,51.78228076143358,-4,10
49715,51.713703148917645,-4,10
49716,51.78259271007418,-4,10
49717,51.766718250855135,-4,10
49718,51.81478736368291,-4,10
49719,51.74320235889798,-4,10
49720,51.72530581466182,-4,10
49721,51.7322647095257,-4,10
49722,51.72331705755928,-4,10
49723,51.818077229014406,-4,10
49724,51.827026273554914,-4,10
49725,51.704755650477935,-4,10
49726,51.85387323336809,-4,10
49727,51.862822162003575,-4,10
49728,51.75215058709529,-4,10
49729,51.791539083140535,-4,10
49730,51.7471348384391,-4,10
49731,51.85321795706032,-4,10
49732,51.824397074878014,-4,10
49733,51.84361237316117,-4,10
49734,51.79188196905652,-4,10
49735,51.80083130869727,-4,10
49736,51.83400541190207,-4,10
49737,51.825057025481485,-4,10
49738,51.73292960119345,-4,10
49739,51.72398173707511,-4,10
49740,51.79755237241656,-4,10
49741,51.834663805598574,-4,10
49742,51.81676658307525,-4,10
49743,51.71503384352753,-4,10
49744,51.80716016502414,-4,10
49745,51.724644656161765,-4,10
49746,51.79886924408726,-4,10
49747,51.74254077823439,-4,10
49748,51.75608432218536,-4,10
49749,51.78293260057524,-4,10
49750,51.80116084287248,-4,10
49751,51.83532043139471,-4,10
49752,51.82637162497658,-4,10
49753,51.81742278951477,-4,10
49754,51.710034502151686,-4,10
49755,51.701085290017566,-4,10
49756,51.705421665099806,-4,10
49757,51.792214284217245,-4,10
49758,51.70043180138838,-4,10
49759,51.714369376080576,-4,10
49760,51.75910748824928,-4,10
49761,52.3068831196963,-4,10
49762,52.31447715020368,-4,10
49763,52.30553122116591,-4,10
49764,52.31717462298651,-4,10
49765,52.29928100511889,-4,10
49766,52.3598844951978,-4,10
49767,52.2724403552064,-4,10
49768,52.2717697600654,-4,10
49769,52.36883046099249,-4,10
49770,52.29033415155239,-4,10
49771,52.3234230491228,-4,10
49772,52.377776396690976,-4,10
49773,52.28138726824472,-4,10
49774,52.3034898963149,-4,10
49775,52.28216332467765,-4,10
49776,52.33236891791247,-4,10
49777,52.32410033127198,-4,10
49778,52.33100852309729,-4,10
49779,52.29793672707655,-4,10
49780,52.28899030453283,-4,10
49781,52.32477581512147,-4,10
49782,52.3337221179056,-4,10
49783,52.28004385207576,-4,10
49784,52.36056084641627,-4,10
49785,52.36950702927037,-4,10
49786,52.37845318211527,-4,10
49787,52.38739930494025,-4,10
49788,52.396345397734606,-4,10
49789,52.333046417344015,-4,10
49790,52.36678994989787,-4,10
49791,52.27936945048767,-4,10
49792,52.28831568666545,-4,10
49793,52.38468048119083,-4,10
49794,52.29726189284343,-4,10
49795,52.30620806901097,-4,10
49796,52.315154215157385,-4,10
49797,52.29658526202024,-4,10
49798,52.38604349732828,-4,10
49799,52.37709780954186,-4,10
49800,52.35920634339709,-4,10
49801,52.37573523072909,-4,10
49802,52.38672230228251,-4,10
49803,52.30755637305832,-4,10
49804,52.28966312621615,-4,10
49805,52.28071645804907,-4,10
49806,52.37641742083279,-4,10
49807,52.36747192114124,-4,10
49808,52.31106486525132,-4,10
49809,52.30212003030098,-4,10
49810,52.29317516480554,-4,10
49811,52.3316896197753,-4,10
49812,52.31311762776453,-4,10
49813,52.32274396883818,-4,10
49814,52.35716108615052,-4,10
49815,52.36610617799671,-4,10
49816,52.3750512393965,-4,10
49817,52.38399627033886,-4,10
49818,52.39294127081279,-4,10
49819,52.31379828768453,-4,10
49820,52.31243517060863,-4,10
49821,52.30417213465319,-4,10
49822,52.38536289024259,-4,10
49823,52.39430832935974,-4,10
49824,52.31582948238149,-4,10
49825,52.37912816565028,-4,10
49826,52.28354308221929,-4,10
49827,52.27459837592832,-4,10
49828,52.28285410079754,-4,10
49829,52.32544950050749,-4,10
49830,52.38807450513696,-4,10
49831,52.29386077611164,-4,10
49832,52.3165029517123,-4,10
49833,52.29860976455607,-4,10
49834,52.29248775789931,-4,10
49835,52.30143240295725,-4,10
49836,52.39566817775628,-4,10
49837,52.302805861475576,-4,10
49838,52.46537944848688,-4,10
49839,52.45641407534141,-4,10
49840,52.48379950343626,-4,10
49841,52.41060519704995,-4,10
49842,52.47483401733835,-4,10
49843,52.50025587515741,-4,10
49844,52.481334432847326,-4,10
49845,52.49926375064695,-4,10
49846,52.42754593855376,-4,10
49847,52.437992857143726,-4,10
49848,52.43651074391517,-4,10
49849,52.41957036562889,-4,10
49850,52.42853551182869,-4,10
49851,52.45543081610146,-4,10
49852,52.45444028707878,-4,10
49853,52.4733609069595,-4,10
49854,52.48232591877589,-4,10
49855,52.46340502487047,-4,10
49856,52.472369740128414,-4,10
49857,52.49129090817691,-4,10
49858,52.46586850902186,-4,10
49859,52.46439587273297,-4,10
49860,52.49470910900396,-4,10
49861,52.4663557511691,-4,10
49862,52.49227543424013,-4,10
49863,52.48331012794132,-4,10
49864,52.474344799355215,-4,10
49865,52.48677047622833,-4,10
49866,52.47780694167528,-4,10
49867,52.42704842866444,-4,10
49868,52.46290687420139,-4,10
49869,52.47187142910267,-4,10
49870,52.48083596140015,-4,10
49871,52.490795915425295,-4,10
49872,52.48183108534645,-4,10
49873,52.46390135775484,-4,10
49874,52.46488856968385,-4,10
49875,52.43700659786103,-4,10
49876,52.42804163298226,-4,10
49877,52.42654910343584,-4,10
49878,52.4624069058695,-4,10
49879,52.47137129983267,-4,10
49880,52.419076645655046,-4,10
49881,52.49876495816236,-4,10
49882,52.50074920694016,-4,10
49883,52.45493646025253,-4,10
49884,52.47385376252219,-4,10
49885,52.48281893301442,-4,10
49886,52.491784081155465,-4,10
49887,52.92149926848898,-4,10
49888,52.55851252106585,-4,10
49889,52.5495549770137,-4,10
49890,52.69775858234272,-4,10
49891,52.67089102915488,-4,10
49892,52.6798469062547,-4,10
49893,52.56747003971996,-4,10
49894,52.66193512602831,-4,10
49895,52.65297919688285,-4,10
49896,52.64402324172634,-4,10
49897,52.68880275731996,-4,10
49898,52.576427532968665,-4,10
49899,52.61225725176155,-4,10
49900,52.59434244322027,-4,10
49901,52.60329986020841,-4,10
49902,52.62121461787229,-4,10
49903,52.648086563475886,-4,10
49904,52.65704382774279,-4,10
49905,52.66600106653013,-4,10
49906,52.68391546763626,-4,10
49907,52.71078687801225,-4,10
49908,52.635067260566615,-4,10
49909,52.72870102398682,-4,10
49910,52.8720105090507,-4,10
49911,52.91254706160884,-4,10
49912,52.89464256549917,-4,10
49913,53.02850974036252,-4,10
49914,52.58538500080456,-4,10
49915,52.719743963765474,-4,10
49916,52.64284586618965,-4,10
49917,52.61715522026881,-4,10
49918,52.6165680124729,-4,10
49919,52.62552385649799,-4,10
49920,52.634479674458845,-4,10
49921,52.64343546634757,-4,10
49922,52.65239123215626,-4,10
49923,52.61948581825047,-4,10
49924,52.61052900878413,-4,10
49925,52.66134697187706,-4,10
49926,52.67030268550205,-4,10
49927,52.60157217364983,-4,10
49928,52.592615312855145,-4,10
49929,52.60761214239143,-4,10
49930,52.58365842640764,-4,10
49931,52.68821403443302,-4,10
49932,52.697169669723145,-4,10
49933,52.70612527888582,-4,10
49934,52.7150808619131,-4,10
49935,52.92273676463958,-4,10
49936,52.83320947461284,-4,10
49937,52.72403641879702,-4,10
49938,52.74194745410305,-4,10
49939,53.01955507713122,-4,10
49940,52.885231963097816,-4,10
49941,52.87627687816063,-4,10
49942,52.67925837302335,-4,10
49943,52.62611125341148,-4,10
49944,52.62844260204125,-4,10
49945,52.6553127992844,-4,10
49946,52.608199161146366,-4,10
49947,52.599243076051984,-4,10
49948,52.70905249950403,-4,10
49949,52.590286964993446,-4,10
49950,52.756721004567375,-4,10
49951,52.65818871441864,-4,10
49952,52.64923108137008,-4,10
49953,52.64027342299907,-4,10
49954,52.63131573931294,-4,10
49955,52.70009594713558,-4,10
49956,52.69113936902298,-4,10
49957,52.646356092565824,-4,10
49958,52.68218276517396,-4,10
49959,52.664269480297015,-4,10
49960,52.62235803031899,-4,10
49961,52.61340029602455,-4,10
49962,52.604442536436935,-4,10
49963,52.65429099866828,-4,10
49964,52.66325026233294,-4,10
49965,52.67220950133025,-4,10
49966,52.681168715653335,-4,10
49967,52.77971844274082,-4,10
49968,52.78867736043596,-4,10
49969,52.79763625336716,-4,10
49970,52.67322613559608,-4,10
49971,52.90421409620935,-4,10
49972,52.813874045246855,-4,10
49973,52.94002366898298,-4,10
49974,52.67165423850728,-4,10
49975,52.68061327384206,-4,10
49976,52.95668550779977,-4,10
49977,52.93878168812032,-4,10
49978,52.9119257519092,-4,10
49979,52.9029737180904,-4,10
49980,52.89402165674572,-4,10
49981,52.83135645736295,-4,10
49982,52.77020226458267,-4,10
49983,52.77916102724303,-4,10
49984,52.78811976507303,-4,10
49985,52.967499386524445,-4,10
49986,52.6397022611084,-4,10
49987,52.64865973545507,-4,10
49988,53.02791190288042,-4,10
49989,52.65761718440457,-4,10
49990,52.66657460794951,-4,10
49991,52.69344672608295,-4,10
49992,52.7024040479356,-4,10
49993,52.71136134434662,-4,10
49994,52.72031861530859,-4,10
49995,52.653736093603776,-4,10
49996,52.63074476137194,-4,10
49997,52.62178723625308,-4,10
49998,52.95854691679676,-4,10
49999,52.65180144206781,-4,10
50000,52.660756991780985,-4,10
50001,52.6697125153212,-4,10
50002,52.67866801268052,-4,10
50003,52.68762348385098,-4,10
50004,52.696578928824565,-4,10
50005,52.70553434759334,-4,10
50006,52.71448974014928,-4,10
50007,52.74135576046012,-4,10
50008,52.750311048084725,-4,10
50009,52.684041806937394,-4,10
50010,52.612829685759166,-4,10
50011,52.59491450867567,-4,10
50012,52.58595688210081,-4,10
50013,52.57699923018032,-4,10
50014,52.75926630945639,-4,10
50015,52.866727395258295,-4,10
50016,52.87568231460835,-4,10
50017,52.88463720759231,-4,10
50018,52.89359207420203,-4,10
50019,52.920456515704345,-4,10
50020,53.01895743286641,-4,10
50021,52.603872109897566,-4,10
50022,52.92211893735576,-4,10
50023,52.75567538614418,-4,10
50024,52.77358351378903,-4,10
50025,52.89478012809301,-4,10
50026,52.87686960170707,-4,10
50027,52.86791429919616,-4,10
50028,52.81331039666005,-4,10
50029,52.795394132566194,-4,10
50030,52.61622598647607,-4,10
50031,52.60726731699751,-4,10
50032,52.75090293250923,-4,10
50033,52.90345568232897,-4,10
50034,52.89449763135282,-4,10
50035,52.75149298514652,-4,10
50036,52.742537316544016,-4,10
50037,52.72462590107759,-4,10
50038,52.71567015422942,-4,10
50039,52.70671438131519,-4,10
50040,52.885539555305975,-4,10
50041,52.86762332802894,-4,10
50042,52.84970700055522,-4,10
50043,52.615978981644695,-4,10
50044,52.795957417526445,-4,10
50045,52.94897599370465,-4,10
50046,53.02015087194086,-4,10
50047,53.03806055730611,-4,10
50048,52.79739779622577,-4,10
50049,52.80635075660722,-4,10
50050,52.78253753749184,-4,10
50051,52.82730725447321,-4,10
50052,52.72696552697802,-4,10
50053,52.73592200206817,-4,10
50054,52.76279127265936,-4,10
50055,52.77174764460432,-4,10
50056,52.86130994347445,-4,10
50057,52.888178128770434,-4,10
50058,53.013559907212766,-4,10
50059,53.031471174090754,-4,10
50060,52.764629463337,-4,10
50061,52.83626111750397,-4,10
50062,52.94370538040731,-4,10
50063,52.95265889426916,-4,10
50064,52.97056584122779,-4,10
50065,52.89393234276268,-4,10
50066,52.88497444923683,-4,10
50067,52.87601653057274,-4,10
50068,52.8312265604316,-4,10
50069,52.8222684910897,-4,10
50070,52.93168934364813,-4,10
50071,52.94959441973556,-4,10
50072,52.93475183963521,-4,10
50073,52.867321766935866,-4,10
50074,52.8153036898047,-4,10
50075,52.70788709900416,-4,10
50076,52.72707159607221,-4,10
50077,52.91456141080055,-4,10
50078,52.923511350392616,-4,10
50079,52.932461261596586,-4,10
50080,52.73603101929806,-4,10
50081,52.74499041794698,-4,10
50082,52.753949792012186,-4,10
50083,52.762909141486894,-4,10
50084,52.77186846636422,-4,10
50085,52.780827766637415,-4,10
50086,52.789787042299615,-4,10
50087,52.798746293344,-4,10
50088,52.942090956428494,-4,10
50089,52.92821431379868,-4,10
50090,52.91925993923034,-4,10
50091,52.91030553809679,-4,10
50092,52.90135111040635,-4,10
50093,52.892396656167314,-4,10
50094,52.88344217538794,-4,10
50095,52.87448766807648,-4,10
50096,52.92761306761057,-4,10
50097,52.86072495920151,-4,10
50098,52.85176903443624,-4,10
50099,52.73533965366404,-4,10
50100,52.72638336627517,-4,10
50101,52.924789755114986,-4,10
50102,52.86277170374344,-4,10
50103,52.90752505348688,-4,10
50104,52.91647563912471,-4,10
50105,52.92542619663693,-4,10
50106,52.93437672601408,-4,10
50107,52.94332722724671,-4,10
50108,52.95227770032536,-4,10
50109,52.91583940298828,-4,10
50110,52.90688902265189,-4,10
50111,52.566896705836086,-4,10
50112,52.89299528562865,-4,10
50113,52.86213669815716,-4,10
50114,52.5830792585768,-4,10
50115,52.59203595853828,-4,10
50116,52.60099263277141,-4,10
50117,52.93353236943736,-4,10
50118,52.9245791954617,-4,10
50119,52.8260924980361,-4,10
50120,52.81713899997642,-4,10
50121,52.673314540982126,-4,10
50122,52.717427053042826,-4,10
50123,52.57412253289456,-4,10
50124,52.55793937169879,-4,10
50125,52.63797782311556,-4,10
50126,52.62902087872636,-4,10
50127,52.7729782258657,-4,10
50128,52.78193205437484,-4,10
50129,52.76999284420842,-4,10
50130,52.76103703804382,-4,10
50131,52.75208120585089,-4,10
50132,52.74312534763746,-4,10
50133,52.73416946341145,-4,10
50134,52.72521355318067,-4,10
50135,52.716257616952994,-4,10
50136,52.70730165473621,-4,10
50137,52.7640243705278,-4,10
50138,52.6983456665382,-4,10
50139,52.671477546134845,-4,10
50140,52.66252145408998,-4,10
50141,52.95480750612482,-4,10
50142,52.89920842634352,-4,10
50143,52.90815924472746,-4,10
50144,52.91711003507893,-4,10
50145,52.926060797388615,-4,10
50146,52.9350115316471,-4,10
50147,52.94396223784498,-4,10
50148,52.94585621638258,-4,10
50149,52.68938965236677,-4,10
50150,52.918658887158266,-4,10
50151,52.91805599272838,-4,10
50152,52.59605317174353,-4,10
50153,52.95387177528423,-4,10
50154,52.895376924736304,-4,10
50155,52.90060989436536,-4,10
50156,52.84686672024774,-4,10
50157,52.83790943558392,-4,10
50158,52.77520773208703,-4,10
50159,52.76625024441193,-4,10
50160,52.97706900915046,-4,10
50161,52.96811636744542,-4,10
50162,52.95916369847976,-4,10
50163,52.58709517859626,-4,10
50164,52.9502110022623,-4,10
50165,52.81591729475027,-4,10
50166,52.806964163695525,-4,10
50167,52.79801100553751,-4,10
50168,52.757292731393655,-4,10
50169,52.59661976907632,-4,10
50170,52.68343846658683,-4,10
50171,52.63188489221582,-4,10
50172,52.62292699992975,-4,10
50173,52.61396908241751,-4,10
50174,52.60501113968634,-4,10
50175,52.94125827880185,-4,10
50176,52.93690489882093,-4,10
50177,52.69951434907862,-4,10
50178,52.69055795836218,-4,10
50179,52.656468644574375,-4,10
50180,52.6654256980204,-4,10
50181,52.6743827259041,-4,10
50182,52.68276216068314,-4,10
50183,52.69171895126806,-4,10
50184,52.72754585692627,-4,10
50185,52.73650251913244,-4,10
50186,52.74545915564006,-4,10
50187,52.77232891089516,-4,10
50188,52.8708493641124,-4,10
50189,52.87980561422221,-4,10
50190,53.02310209897864,-4,10
50191,52.683339728218,-4,10
50192,52.71021058166557,-4,10
50193,52.72812435597678,-4,10
50194,52.746038027827794,-4,10
50195,52.75499482531182,-4,10
50196,52.77290834335898,-4,10
50197,52.86247439320022,-4,10
50198,52.87143085679967,-4,10
50199,52.88038729466219,-4,10
50200,52.64751156557356,-4,10
50201,52.63855446102548,-4,10
50202,52.6295973309376,-4,10
50203,52.620640175317405,-4,10
50204,52.61453604479827,-4,10
50205,52.62349414494549,-4,10
50206,52.63245221994061,-4,10
50207,52.67724221738246,-4,10
50208,52.686200141313456,-4,10
50209,52.69515804004179,-4,10
50210,52.57585401449332,-4,10
50211,52.82952349169572,-4,10
50212,52.83848098618992,-4,10
50213,52.8474384553572,-4,10
50214,52.89339890848227,-4,10
50215,52.85639589919018,-4,10
50216,52.87431071082373,-4,10
50217,52.89222542103148,-4,10
50218,52.90118273808215,-4,10
50219,52.584811297663,-4,10
50220,52.59376855533771,-4,10
50221,52.61168299417237,-4,10
50222,52.64693474188959,-4,10
50223,52.65589163504092,-4,10
50224,52.664848502562,-4,10
50225,52.67380534444527,-4,10
50226,52.8653533176815,-4,10
50227,52.90235076880686,-4,10
50228,52.91130260152329,-4,10
50229,52.94264608155247,-4,10
50230,52.84857640728603,-4,10
50231,52.8575342185098,-4,10
50232,52.8664920045422,-4,10
50233,52.87544976537597,-4,10
50234,52.88440750100381,-4,10
50235,52.89336521141845,-4,10
50236,52.90232289661257,-4,10
50237,52.911280556578895,-4,10
50238,52.951640642142046,-4,10
50239,52.63211108951252,-4,10
50240,52.82170282253919,-4,10
50241,52.6410661184931,-4,10
50242,52.66793104706531,-4,10
50243,52.74852440555108,-4,10
50244,52.94269037470141,-4,10
50245,52.933740079022535,-4,10
50246,52.75747909083268,-4,10
50247,52.90194993315641,-4,10
50248,52.873887585393135,-4,10
50249,52.88284189898551,-4,10
50250,52.89179618596654,-4,10
50251,52.90075044632791,-4,10
50252,52.65897609727762,-4,10
50253,52.90970468006126,-4,10
50254,52.94248551634991,-4,10
50255,52.96039172895102,-4,10
50256,52.59774749464396,-4,10
50257,52.6067060083003,-4,10
50258,52.61566449696621,-4,10
50259,52.6246229606346,-4,10
50260,52.81274491062255,-4,10
50261,52.78137967476189,-4,10
50262,52.77242019645968,-4,10
50263,52.64588460977143,-4,10
50264,52.65484407628266,-4,10
50265,52.76346069362592,-4,10
50266,52.95143863619067,-4,10
50267,52.6638035182058,-4,10
50268,52.74443738792428,-4,10
50269,52.780274022584734,-4,10
50270,52.78923311955734,-4,10
50271,52.79819219183916,-4,10
50272,52.92881371689,-4,10
50273,52.91985914879531,-4,10
50274,52.910904554214696,-4,10
50275,52.93479139912373,-4,10
50276,52.92858078954895,-4,10
50277,52.96934479462226,-4,10
50278,52.73547816760101,-4,10
50279,52.927953553449086,-4,10
50280,52.69458943127458,-4,10
50281,52.909101980257255,-4,10
50282,52.695986359792535,-4,10
50283,52.68703110571927,-4,10
50284,52.6780758253716,-4,10
50285,52.6691205187576,-4,10
50286,52.66016518588523,-4,10
50287,52.65120982676258,-4,10
50288,52.96221994013421,-4,10
50289,52.95326625698517,-4,10
50290,52.76523272422111,-4,10
50291,52.7562784525787,-4,10
50292,52.62405946522676,-4,10
50293,52.6422544413976,-4,10
50294,52.63301772234782,-4,10
50295,52.67780863152901,-4,10
50296,52.68676673803018,-4,10
50297,52.82113531608975,-4,10
50298,52.83009301966797,-4,10
50299,52.74971733201908,-4,10
50300,52.758672401946015,-4,10
50301,52.86613118431082,-4,10
50302,52.87508591119767,-4,10
50303,52.9541778190298,-4,10
50304,52.94459540633851,-4,10
50305,52.93564449576395,-4,10
50306,52.9266935572125,-4,10
50307,52.91774259069349,-4,10
50308,52.89984057379012,-4,10
50309,52.89088952342433,-4,10
50310,52.88193844512824,-4,10
50311,52.627280575818354,-4,10
50312,52.87298733891114,-4,10
50313,52.61110691313272,-4,10
50314,52.6021498919433,-4,10
50315,52.59319284516889,-4,10
50316,52.58423577281693,-4,10
50317,52.575278674895,-4,10
50318,52.56632155141055,-4,10
50319,52.61510118302746,-4,10
50320,52.88404061163968,-4,10
50321,52.62006390872958,-4,10
50322,52.94522673256998,-4,10
50323,52.919002180276216,-4,10
50324,52.63987049880272,-4,10
50325,52.591454782360536,-4,10
50326,53.03088258832929,-4,10
50327,52.58249826946655,-4,10
50328,52.67206223629759,-4,10
50329,52.66310595591782,-4,10
50330,52.65414964967229,-4,10
50331,52.645193317568726,-4,10
50332,52.63623695961484,-4,10
50333,52.57354173077609,-4,10
50334,52.67264509949919,-4,10
50335,52.66368863136797,-4,10
50336,52.65473213744722,-4,10
50337,52.64577561774461,-4,10
50338,52.87488115874593,-4,10
50339,52.89279623746095,-4,10
50340,53.038654886655095,-4,10
50341,52.63681907226776,-4,10
50342,52.89654839858204,-4,10
50343,52.600411269450376,-4,10
50344,52.60936773072845,-4,10
50345,52.68160154183313,-4,10
50346,52.63091585476931,-4,10
50347,52.681018490803865,-4,10
50348,52.68997471942889,-4,10
50349,52.69893092216491,-4,10
50350,52.72579937496138,-4,10
50351,52.73475547406375,-4,10
50352,52.743711547238256,-4,10
50353,52.75266759447712,-4,10
50354,52.67568880939749,-4,10
50355,52.76162361577253,-4,10
50356,52.88700518545855,-4,10
50357,52.83905069800173,-4,10
50358,52.85696597890663,-4,10
50359,52.86592358146316,-4,10
50360,52.86850499189226,-4,10
50361,52.87746048510067,-4,10
50362,52.89537139311576,-4,10
50363,52.90432680790647,-4,10
50364,52.86909384487774,-4,10
50365,52.93627561820747,-4,10
50366,52.605577919506125,-4,10
50367,52.91837330581144,-4,10
50368,52.90401931002989,-4,10
50369,52.85922789523272,-4,10
50370,52.9508257411316,-4,10
50371,52.94187281918612,-4,10
50372,52.932919870087794,-4,10
50373,52.816529064857946,-4,10
50374,52.64460919218141,-4,10
50375,52.65957155433544,-4,10
50376,52.65356533610291,-4,10
50377,52.82425659580947,-4,10
50378,52.81774709995481,-4,10
50379,52.82670079419323,-4,10
50380,52.93414302600374,-4,10
50381,52.94309637014091,-4,10
50382,52.95204968728717,-4,10
50383,52.96100297743392,-4,10
50384,52.77860177622927,-4,10
50385,52.96995624057255,-4,10
50386,52.74912178445887,-4,10
50387,52.62669682656624,-4,10
50388,52.6774818112424,-4,10
50389,52.66852669595691,-4,10
50390,52.60878435730662,-4,10
50391,52.92732447595152,-4,10
50392,52.59982808382952,-4,10
50393,52.59087178446456,-4,10
50394,52.58191545921945,-4,10
50395,52.63565302233327,-4,10
50396,52.61774060488811,-4,10
50397,52.6189059040221,-4,10
50398,52.60994928126856,-4,10
50399,52.96873150352902,-4,10
50400,52.887592577704666,-4,10
50401,52.878636730843546,-4,10
50402,52.86968085800655,-4,10
50403,52.95977863591549,-4,10
50404,52.62786250102438,-4,10
50405,52.80757573653205,-4,10
50406,52.94319935999135,-4,10
50407,52.900147941070095,-4,10
50408,52.90491642179389,-4,10
50409,53.03924736506648,-4,10
50410,52.76583415303116,-4,10
50411,52.89596081666086,-4,10
50412,52.89119387517533,-4,10
50413,52.59718454342272,-4,10
50414,52.8825683465946,-4,10
50415,52.87361703717251,-4,10
50416,52.86466569992167,-4,10
50417,52.90175373887849,-4,10
50418,52.63151438387482,-4,10
50419,52.6416611921168,-4,10
50420,52.96342952280565,-4,10
50421,52.67628830310844,-4,10
50422,52.60614287575707,-4,10
50423,52.756879687524325,-4,10
50424,52.76068458677005,-4,10
50425,52.76964319394813,-4,10
50426,52.74792519544317,-4,10
50427,52.93310159083055,-4,10
50428,52.94205168036723,-4,10
50429,52.65061638638605,-4,10
50430,52.95100174158124,-4,10
50431,52.64046922067285,-4,10
50432,52.64942403100338,-4,10
50433,52.3457813801375,-4,10
50434,51.92134196021899,-4,10
50435,51.91530646354399,-4,10
50436,52.32786360256627,-4,10
50437,51.91238299047412,-4,10
50438,51.92425769310604,-4,10
50439,51.93320889458441,-4,10
50440,52.14315806677764,-4,10
50441,52.28306872269656,-4,10
50442,52.27988009950104,-4,10
50443,52.27092497279112,-4,10
50444,52.21719365749772,-4,10
50445,52.19032764340626,-4,10
50446,52.15450592212554,-4,10
50447,51.94821871922709,-4,10
50448,52.013768442602895,-4,10
50449,52.031670254684975,-4,10
50450,52.004817494292965,-4,10
50451,51.96643498321493,-4,10
50452,51.934696742627615,-4,10
50453,51.9730131612099,-4,10
50454,52.2920277484645,-4,10
50455,52.3009867493424,-4,10
50456,52.30994572532331,-4,10
50457,52.31890467640026,-4,10
50458,51.957478935740106,-4,10
50459,52.1586248810277,-4,10
50460,51.9973982407662,-4,10
50461,51.98844096086025,-4,10
50462,51.97948365528484,-4,10
50463,52.0058177148308,-4,10
50464,51.97052632404747,-4,10
50465,51.96156896715559,-4,10
50466,51.9526115846167,-4,10
50467,51.943654176438216,-4,10
50468,51.92573928319237,-4,10
50469,51.91678179813987,-4,10
50470,51.92522904728269,-4,10
50471,51.98405404711362,-4,10
50472,52.13420331098594,-4,10
50473,52.07151927531028,-4,10
50474,52.062564306721264,-4,10
50475,51.975095252747856,-4,10
50476,52.040621118438494,-4,10
50477,51.8719939888791,-4,10
50478,52.32002121440243,-4,10
50479,52.24384814405185,-4,10
50480,52.07438163400128,-4,10
50481,52.065428643170975,-4,10
50482,52.05647562499513,-4,10
50483,51.81240813502591,-4,10
50484,52.34634109087997,-4,10
50485,51.78241645332562,-4,10
50486,52.03230637175653,-4,10
50487,52.023355276237616,-4,10
50488,52.01440415261384,-4,10
50489,52.00545300089443,-4,10
50490,51.951745501086506,-4,10
50491,51.94279415295584,-4,10
50492,51.933842776803175,-4,10
50493,51.791374321748,-4,10
50494,52.25280618284893,-4,10
50495,52.26176419634899,-4,10
50496,52.3244695819221,-4,10
50497,52.08333459747738,-4,10
50498,51.940083904215086,-4,10
50499,51.94903727709372,-4,10
50500,51.95799062273934,-4,10
50501,51.93113050411203,-4,10
50502,51.984850496192045,-4,10
50503,52.020663279010414,-4,10
50504,52.04752257948245,-4,10
50505,51.80033216466398,-4,10
50506,51.922177076793176,-4,10
50507,51.90427014054236,-4,10
50508,52.18973128568273,-4,10
50509,52.19868645880992,-4,10
50510,52.20764160548158,-4,10
50511,52.25619149612219,-4,10
50512,52.247232370863706,-4,10
50513,51.74971610632274,-4,10
50514,51.91322362226708,-4,10
50515,52.04957195398792,-4,10
50516,51.80928998206622,-4,10
50517,51.86814870401103,-4,10
50518,51.845120996390726,-4,10
50519,51.90374210170033,-4,10
50520,51.85407868611389,-4,10
50521,51.86303635027915,-4,10
50522,51.8899091893534,-4,10
50523,51.89886675121298,-4,10
50524,51.90782428747762,-4,10
50525,51.83868148008887,-4,10
50526,51.82972582348911,-4,10
50527,51.93956676230334,-4,10
50528,51.94852286210029,-4,10
50529,51.82077014053564,-4,10
50530,51.81181443123639,-4,10
50531,51.8028586955993,-4,10
50532,52.37377655193762,-4,10
50533,51.83616328111699,-4,10
50534,51.827205540300085,-4,10
50535,51.89478587123487,-4,10
50536,51.88582961465909,-4,10
50537,51.78730907126726,-4,10
50538,51.8052221317958,-4,10
50539,51.814178623014776,-4,10
50540,51.82313508819328,-4,10
50541,51.83209152732358,-4,10
50542,51.84104794039792,-4,10
50543,51.847637110326914,-4,10
50544,51.87710797830594,-4,10
50545,51.86554829168613,-4,10
50546,51.88345936750291,-4,10
50547,51.89241486581295,-4,10
50548,51.9551026140661,-4,10
50549,51.85000432740855,-4,10
50550,51.81824777394737,-4,10
50551,51.86791702320775,-4,10
50552,51.8768733319808,-4,10
50553,51.87450384279131,-4,10
50554,52.04125743916133,-4,10
50555,52.00750989619114,-4,10
50556,52.40176641549211,-4,10
50557,51.90286056178712,-4,10
50558,51.9118193762199,-4,10
50559,51.81767178115597,-4,10
50560,51.82662936331177,-4,10
50561,51.835586919859225,-4,10
50562,51.93419889142654,-4,10
50563,51.94315905913114,-4,10
50564,52.23883077877283,-4,10
50565,52.24779010788499,-4,10
50566,52.25674941221348,-4,10
50567,52.29258638155318,-4,10
50568,52.30154556186002,-4,10
50569,51.844544450790906,-4,10
50570,52.02015789728913,-4,10
50571,51.88494285765779,-4,10
50572,52.01120779675654,-4,10
50573,51.97540710971579,-4,10
50574,51.93529657800675,-4,10
50575,51.94425709720085,-4,10
50576,51.96217806234012,-4,10
50577,51.97113850827208,-4,10
50578,51.85350195609937,-4,10
50579,51.8624594357772,-4,10
50580,51.88037431821118,-4,10
50581,52.02953108124351,-4,10
50582,52.02058376587262,-4,10
50583,52.01163642090232,-4,10
50584,51.88933172095242,-4,10
50585,51.89828909803321,-4,10
50586,51.90724644944609,-4,10
50587,51.984357324193496,-4,10
50588,51.91620377518362,-4,10
50589,51.87598396797536,-4,10
50590,51.8087141733992,-4,10
50591,52.34409140782932,-4,10
50592,52.35304971618064,-4,10
50593,52.36200799937489,-4,10
50594,52.31030057434741,-4,10
50595,52.30134438582861,-4,10
50596,52.26551937172149,-4,10
50597,52.06847437711283,-4,10
50598,52.05951748900684,-4,10
50599,52.00577561876352,-4,10
50600,51.99681855019239,-4,10
50601,51.98786145587076,-4,10
50602,51.9699471900062,-4,10
50603,52.37096625740493,-4,10
50604,52.37992449026356,-4,10
50605,51.867025053223806,-4,10
50606,52.3091227001457,-4,10
50607,52.29121105314972,-4,10
50608,52.28225519041602,-4,10
50609,51.98669709871761,-4,10
50610,51.74601020289703,-4,10
50611,51.77288348651086,-4,10
50612,51.81327103865624,-4,10
50613,51.822230103675054,-4,10
50614,51.84014815862467,-4,10
50615,51.84910714854144,-4,10
50616,51.85806611341014,-4,10
50617,51.78184119659736,-4,10
50618,51.7907988811125,-4,10
50619,51.799756540048925,-4,10
50620,51.93584274999424,-4,10
50621,52.30016688972891,-4,10
50622,51.92516107523824,-4,10
50623,51.934118349602535,-4,10
50624,51.94307559826898,-4,10
50625,51.84797711840693,-4,10
50626,51.85693572176302,-4,10
50627,51.86909074395653,-4,10
50628,51.87804742818809,-4,10
50629,51.86589429992151,-4,10
50630,51.88381138061696,-4,10
50631,51.89276988313964,-4,10
50632,51.910686812499264,-4,10
50633,51.91964523932186,-4,10
50634,51.92860364089675,-4,10
50635,51.946520368274776,-4,10
50636,51.95547869406351,-4,10
50637,51.88700408647302,-4,10
50638,51.89596071880367,-4,10
50639,51.83901848986027,-4,10
50640,51.90491732517234,-4,10
50641,51.94191310323605,-4,10
50642,51.91387390557138,-4,10
50643,51.9317869884297,-4,10
50644,51.94074349087362,-4,10
50645,51.95865641775231,-4,10
50646,51.96761284217166,-4,10
50647,51.97656924056738,-4,10
50648,51.9855256129317,-4,10
50649,51.99448195925692,-4,10
50650,52.272115737337415,-4,10
50651,51.932956226551845,-4,10
50652,51.923999324022816,-4,10
50653,51.89712846144248,-4,10
50654,51.88817145560992,-4,10
50655,51.96878357814335,-4,10
50656,51.8300598361302,-4,10
50657,51.82110115722386,-4,10
50658,51.81214245314829,-4,10
50659,51.96099001847833,-4,10
50660,51.97774035137196,-4,10
50661,51.77952247626006,-4,10
50662,52.248900180037054,-4,10
50663,52.25785984078461,-4,10
50664,52.37433318507178,-4,10
50665,52.38329250012959,-4,10
50666,51.78847941953733,-4,10
50667,52.39225179044398,-4,10
50668,51.79743633694432,-4,10
50669,51.80639322847344,-4,10
50670,51.83326374771738,-4,10
50671,51.84222053565881,-4,10
50672,51.851177297684245,-4,10
50673,51.860134033786025,-4,10
50674,51.76277066765984,-4,10
50675,51.77172803410336,-4,10
50676,51.80318372391063,-4,10
50677,51.879214423970446,-4,10
50678,51.8702573665316,-4,10
50679,51.82547169261121,-4,10
50680,51.81651448053469,-4,10
50681,51.96581328495864,-4,10
50682,52.33513307432812,-4,10
50683,51.9747633219964,-4,10
50684,52.010563184612586,-4,10
50685,52.01951307883509,-4,10
50686,52.03741278149512,-4,10
50687,51.80755724271157,-4,10
50688,51.79859997914937,-4,10
50689,51.78964268985561,-4,10
50690,51.98371333049023,-4,10
50691,52.41072583486203,-4,10
50692,52.29034102982401,-4,10
50693,52.27242403622314,-4,10
50694,51.935848190983975,-4,10
50695,51.92279102384946,-4,10
50696,51.93174464758908,-4,10
50697,51.93869566890606,-4,10
50698,51.92973692978645,-4,10
50699,51.92077816555537,-4,10
50700,52.01691600129438,-4,10
50701,51.94480599338846,-4,10
50702,51.95376377030664,-4,10
50703,51.96272152173114,-4,10
50704,51.98063694806976,-4,10
50705,51.98959462296914,-4,10
50706,51.99855227234539,-4,10
50707,51.90342399570323,-4,10
50708,51.92689036310054,-4,10
50709,52.13291394517872,-4,10
50710,52.23144217319084,-4,10
50711,52.27622670298906,-4,10
50712,52.025865035719534,-4,10
50713,52.03481404121407,-4,10
50714,51.98177068035433,-4,10
50715,52.03546639822319,-4,10
50716,51.94480344408412,-4,10
50717,51.962724759222674,-4,10
50718,51.97168538025827,-4,10
50719,52.27928182548391,-4,10
50720,52.270326890748215,-4,10
50721,52.048933646541386,-4,10
50722,52.03998301528885,-4,10
50723,52.02208166793802,-4,10
50724,52.222485190026525,-4,10
50725,52.013130951858464,-4,10
50726,51.91793250974547,-4,10
50727,51.891058796923765,-4,10
50728,52.39280697143689,-4,10
50729,52.374888009297685,-4,10
50730,52.01029873624413,-4,10
50731,52.01924565322132,-4,10
50732,52.25730552714593,-4,10
50733,52.24834604432105,-4,10
50734,52.239386536783925,-4,10
50735,52.33738203476766,-4,10
50736,52.32842295380256,-4,10
50737,52.00922864843135,-4,10
50738,52.31946384799162,-4,10
50739,52.31050471734181,-4,10
50740,52.01477187685259,-4,10
50741,52.02372601196927,-4,10
50742,51.90001672664978,-4,10
50743,52.05954228321672,-4,10
50744,52.21659672568963,-4,10
50745,51.74772846610031,-4,10
50746,51.75668680203096,-4,10
50747,51.801478101537874,-4,10
50748,51.81043628535944,-4,10
50749,51.81939444380412,-4,10
50750,51.82835257686473,-4,10
50751,52.010968467812,-4,10
50752,52.019915599067055,-4,10
50753,51.83731068453398,-4,10
50754,51.84626876680463,-4,10
50755,51.85522682366935,-4,10
50756,51.86418485512095,-4,10
50757,51.882100841755445,-4,10
50758,52.06849628368179,-4,10
50759,52.004180207521976,-4,10
50760,51.94152420675643,-4,10
50761,51.93257323670028,-4,10
50762,52.00642452396531,-4,10
50763,51.91687948707089,-4,10
50764,52.411831476761776,-4,10
50765,52.40287170199922,-4,10
50766,52.39391190269429,-4,10
50767,52.38495207885374,-4,10
50768,52.37599223048429,-4,10
50769,52.36703235759261,-4,10
50770,52.05724395427188,-4,10
50771,51.91403418622227,-4,10
50772,51.86927964957262,-4,10
50773,51.93235701417034,-4,10
50774,51.95026457217409,-4,10
50775,51.96817202186659,-4,10
50776,52.01537888028265,-4,10
50777,51.97712570607485,-4,10
50778,51.99503299317284,-4,10
50779,52.00398659604557,-4,10
50780,52.01294017178934,-4,10
50781,52.030847241855966,-4,10
50782,52.37935682415854,-4,10
50783,52.04875420330431,-4,10
50784,52.057707643275215,-4,10
50785,52.06666105606583,-4,10
50786,52.075614441667554,-4,10
50787,52.08345228247981,-4,10
50788,51.976049119569446,-4,10
50789,52.24554835764344,-4,10
50790,52.254506942251005,-4,10
50791,52.26346550177992,-4,10
50792,51.986079363179776,-4,10
50793,52.02433320977185,-4,10
50794,52.033287512424586,-4,10
50795,52.04224178823254,-4,10
50796,51.91467121207791,-4,10
50797,51.94069824419047,-4,10
50798,51.94965181364509,-4,10
50799,51.95860535594441,-4,10
50800,52.22555181942597,-4,10
50801,51.99441925341747,-4,10
50802,52.02127939097172,-4,10
50803,52.03023271572006,-4,10
50804,51.93142351594231,-4,10
50805,51.94934204919754,-4,10
50806,51.95830127846083,-4,10
50807,51.967260482805344,-4,10
50808,51.97621966222416,-4,10
50809,51.985178816710295,-4,10
50810,52.05709252653524,-4,10
50811,52.06604574230159,-4,10
50812,52.22706653772554,-4,10
50813,52.087012764307886,-4,10
50814,52.08395209202435,-4,10
50815,52.07499893080083,-4,10
50816,52.37039877368452,-4,10
50817,52.36144069796581,-4,10
50818,52.35248259700968,-4,10
50819,52.28138254557354,-4,10
50820,52.34352447082332,-4,10
50821,52.280816881678106,-4,10
50822,52.27185855390925,-4,10
50823,52.26290020097492,-4,10
50824,52.25394182288222,-4,10
50825,52.24498341963832,-4,10
50826,52.23602499125038,-4,10
50827,52.28977518427428,-4,10
50828,51.876546861304256,-4,10
50829,52.00027626049649,-4,10
50830,51.85862864670298,-4,10
50831,51.89537418306537,-4,10
50832,51.88641773833058,-4,10
50833,51.8774612675675,-4,10
50834,51.86850477078385,-4,10
50835,51.85954824798734,-4,10
50836,51.85059169918571,-4,10
50837,51.84163512438665,-4,10
50838,51.9991266130735,-4,10
50839,51.9812109210991,-4,10
50840,51.97225303694381,-4,10
50841,51.96329512735285,-4,10
50842,51.954337192333576,-4,10
50843,51.90433060176414,-4,10
50844,51.94537923189326,-4,10
50845,51.92746323477873,-4,10
50846,51.9185051981191,-4,10
50847,51.90954713606757,-4,10
50848,51.90058904863146,-4,10
50849,51.89163093581799,-4,10
50850,51.882672797634456,-4,10
50851,51.86475644518611,-4,10
50852,51.8557982309358,-4,10
50853,51.84683999134439,-4,10
50854,51.83788172641908,-4,10
50855,51.81996512059569,-4,10
50856,51.81100677971202,-4,10
50857,51.93642124603921,-4,10
50858,51.91328699441914,-4,10
50859,51.9401560160441,-4,10
50860,51.9580685667664,-4,10
50861,52.28250846621947,-4,10
50862,52.29146731205591,-4,10
50863,52.300426132930205,-4,10
50864,52.30938492883534,-4,10
50865,52.31834369976431,-4,10
50866,52.32730244571006,-4,10
50867,52.33626116666554,-4,10
50868,52.34521986262372,-4,10
50869,52.35417853357756,-4,10
50870,52.36313717952,-4,10
50871,52.38105439634235,-4,10
50872,52.06788632690338,-4,10
50873,52.10370127704762,-4,10
50874,52.0231170310414,-4,10
50875,52.01416309086278,-4,10
50876,52.00520912370181,-4,10
50877,51.942530598776194,-4,10
50878,51.93357641605922,-4,10
50879,51.92462220643549,-4,10
50880,52.2804765731473,-4,10
50881,52.27152125503572,-4,10
50882,52.262565910557065,-4,10
50883,52.19987776160138,-4,10
50884,52.1550997230953,-4,10
50885,52.1013652102866,-4,10
50886,51.97598101312734,-4,10
50887,51.96702480299592,-4,10
50888,51.80204841352331,-4,10
50889,52.27868175124108,-4,10
50890,51.78413160525954,-4,10
50891,52.22495289930921,-4,10
50892,52.088543859319856,-4,10
50893,52.07959212206201,-4,10
50894,52.07064035696531,-4,10
50895,52.034833018371216,-4,10
50896,52.025881114216055,-4,10
50897,52.01692918227629,-4,10
50898,52.00797722256095,-4,10
50899,51.86758776649916,-4,10
50900,51.999025235079024,-4,10
50901,51.98112117685135,-4,10
50902,51.80580856536985,-4,10
50903,51.79685186069893,-4,10
50904,51.97216910612358,-4,10
50905,51.95426488148505,-4,10
50906,51.94531272759221,-4,10
50907,51.93636054599557,-4,10
50908,51.92740833670408,-4,10
50909,51.78789513007666,-4,10
50910,51.77893837351068,-4,10
50911,51.76102478257824,-4,10
50912,51.97020704073407,-4,10
50913,51.97915559158631,-4,10
50914,51.98810411330878,-4,10
50915,52.05074294889236,-4,10
50916,52.059691237216455,-4,10
50917,51.74543391383682,-4,10
50918,51.76334909337084,-4,10
50919,51.81476524408177,-4,10
50920,52.273549595427895,-4,10
50921,51.823721896826974,-4,10
50922,52.08147139632849,-4,10
50923,52.21599799765835,-4,10
50924,52.20704306945909,-4,10
50925,52.03689440027884,-4,10
50926,52.02793894281408,-4,10
50927,51.99211684924765,-4,10
50928,51.96525000240362,-4,10
50929,51.956294334132544,-4,10
50930,51.88464804129215,-4,10
50931,51.87569213647187,-4,10
50932,51.86673620540788,-4,10
50933,51.85778024810801,-4,10
50934,51.848824264580166,-4,10
50935,51.83986825483223,-4,10
50936,51.83091221887203,-4,10
50937,51.821956156707415,-4,10
50938,51.81300006834624,-4,10
50939,51.80404395379632,-4,10
50940,51.750306716971565,-4,10
50941,51.757256203255686,-4,10
50942,51.748297685387584,-4,10
50943,51.92032457909932,-4,10
50944,51.929277413779104,-4,10
50945,51.938230221008986,-4,10
50946,52.00985168959893,-4,10
50947,52.01880424938458,-4,10
50948,52.06356663506806,-4,10
50949,52.07251902949377,-4,10
50950,51.83267852359784,-4,10
50951,52.08761953764239,-4,10
50952,52.058932521763296,-4,10
50953,51.965571735525344,-4,10
50954,51.964654841657605,-4,10
50955,51.74793367565397,-4,10
50956,51.92703890774523,-4,10
50957,51.96285867977265,-4,10
50958,51.9556993638354,-4,10
50959,51.928832772059216,-4,10
50960,51.88405459187938,-4,10
50961,51.875098876832176,-4,10
50962,51.84823157381089,-4,10
50963,51.98076840606512,-4,10
50964,52.07031543769506,-4,10
50965,51.933094082251074,-4,10
50966,51.97361029308156,-4,10
50967,51.94205389620281,-4,10
50968,52.07926999401082,-4,10
50969,52.088224523594135,-4,10
50970,52.29061979172317,-4,10
50971,52.281664118748886,-4,10
50972,51.98611224683359,-4,10
50973,51.977155686695845,-4,10
50974,51.95028585057098,-4,10
50975,51.94132918665106,-4,10
50976,51.89654547830936,-4,10
50977,51.83031990697633,-4,10
50978,51.82136403413664,-4,10
50979,51.878631813702334,-4,10
50980,51.95101368546128,-4,10
50981,52.13480389544526,-4,10
50982,52.15271376553949,-4,10
50983,52.00808442087794,-4,10
50984,52.0181810087582,-4,10
50985,51.87256931270333,-4,10
50986,51.86361149010624,-4,10
50987,51.85465364201638,-4,10
50988,51.84569576844108,-4,10
50989,51.83673786938767,-4,10
50990,51.827779944863465,-4,10
50991,51.8188219948758,-4,10
50992,51.80986401943196,-4,10
50993,51.80090601853926,-4,10
50994,51.79194799220501,-4,10
50995,51.8225465081066,-4,10
50996,51.80463392789119,-4,10
50997,51.831502759034784,-4,10
50998,51.840458983832896,-4,10
50999,51.84941518249311,-4,10
51000,51.85837135500769,-4,10
51001,52.04113494009862,-4,10
51002,52.02713334146818,-4,10
51003,52.06294239596114,-4,10
51004,52.07189459045306,-4,10
51005,52.08084675727459,-4,10
51006,52.29957543846697,-4,10
51007,52.30853105897232,-4,10
51008,52.2768067805923,-4,10
51009,52.214106957120485,-4,10
51010,52.01704220321742,-4,10
51011,52.07126836622669,-4,10
51012,52.03546022384819,-4,10
51013,52.026508118946,-4,10
51014,52.017555986338735,-4,10
51015,51.892201297935465,-4,10
51016,51.90115959327247,-4,10
51017,51.9190761080235,-4,10
51018,51.9280343274231,-4,10
51019,51.93699252149581,-4,10
51020,51.9459506902344,-4,10
51021,51.95490883363158,-4,10
51022,51.97282504437285,-4,10
51023,51.98178311170243,-4,10
51024,52.015891001226926,-4,10
51025,52.1412920998161,-4,10
51026,52.221904430678165,-4,10
51027,52.40231996420084,-4,10
51028,52.23086122747233,-4,10
51029,52.23981799846722,-4,10
51030,52.26668815657985,-4,10
51031,52.24667283339247,-4,10
51032,52.25563177900741,-4,10
51033,52.26459069968821,-4,10
51034,51.80697612096704,-4,10
51035,51.79801904314079,-4,10
51036,51.78906193950994,-4,10
51037,51.78010481008204,-4,10
51038,52.25223566245986,-4,10
51039,52.24327780674573,-4,10
51040,52.18953014009353,-4,10
51041,51.97453037412827,-4,10
51042,52.38440069565613,-4,10
51043,52.04997868959862,-4,10
51044,52.3754410244801,-4,10
51045,52.0069335875174,-4,10
51046,52.00860382603533,-4,10
51047,51.99965163804478,-4,10
51048,51.99069942237596,-4,10
51049,51.98174717903783,-4,10
51050,51.9727949080393,-4,10
51051,51.9638426093893,-4,10
51052,51.95489028309672,-4,10
51053,51.92803313845252,-4,10
51054,51.86967494258568,-4,10
51055,51.86071804560376,-4,10
51056,51.85176112276418,-4,10
51057,51.842804174074544,-4,10
51058,51.83384719954241,-4,10
51059,51.82489019917541,-4,10
51060,51.81593317298109,-4,10
51061,51.8815271098003,-4,10
51062,51.8904848813898,-4,10
51063,51.89944262746445,-4,10
51064,51.90840034801693,-4,10
51065,51.92631571252585,-4,10
51066,51.93527335646751,-4,10
51067,51.94423097485748,-4,10
51068,51.95318856768835,-4,10
51069,51.9621461349527,-4,10
51070,51.97110367664313,-4,10
51071,51.98901868327263,-4,10
51072,51.99797614819681,-4,10
51073,52.36648132871064,-4,10
51074,52.07866520183781,-4,10
51075,51.982353519742325,-4,10
51076,52.26610466426502,-4,10
51077,51.88437800744795,-4,10
51078,51.89333669129443,-4,10
51079,51.92021259187781,-4,10
51080,51.929171175063225,-4,10
51081,51.93812973306558,-4,10
51082,51.94708826587777,-4,10
51083,51.95688752481488,-4,10
51084,52.30193043038044,-4,10
51085,51.94793164041971,-4,10
51086,51.938975729792574,-4,10
51087,51.87541929845397,-4,10
51088,51.903151825121846,-4,10
51089,51.88523971559921,-4,10
51090,51.95156733469608,-4,10
51091,51.93364737709712,-4,10
51092,51.87628362156857,-4,10
51093,52.01626228175729,-4,10
51094,52.05140106961646,-4,10
51095,51.997709464341504,-4,10
51096,51.97981202994378,-4,10
51097,51.97086326916975,-4,10
51098,52.0827153165796,-4,10
51099,51.894195783452936,-4,10
51100,51.86646056431957,-4,10
51101,51.96584338297018,-4,10
51102,51.97479921487774,-4,10
51103,51.9066668340608,-4,10
51104,51.915623974309526,-4,10
51105,51.92458108880207,-4,10
51106,51.93353817753093,-4,10
51107,52.2302784836736,-4,10
51108,52.06418908940508,-4,10
51109,52.07314168319855,-4,10
51110,52.082094249480136,-4,10
51111,52.24819162574804,-4,10
51112,52.25714815795506,-4,10
51113,51.81270763196082,-4,10
51114,51.748529585522704,-4,10
51115,51.821666516789136,-4,10
51116,51.83062537651944,-4,10
51117,51.84854302065788,-4,10
51118,51.85750180505184,-4,10
51119,51.96781983425256,-4,10
51120,51.83808543462958,-4,10
51121,51.88286236830509,-4,10
51122,51.95450408496773,-4,10
51123,51.96345918019871,-4,10
51124,52.15391032878034,-4,10
51125,52.09122263752556,-4,10
51126,52.07376255141753,-4,10
51127,52.06480975882251,-4,10
51128,51.95604677349262,-4,10
51129,52.38049034770412,-4,10
51130,51.98461732353406,-4,10
51131,52.22650016347135,-4,10
51132,52.24441668172865,-4,10
51133,52.25337490303571,-4,10
51134,52.27129126997057,-4,10
51135,52.28024941558399,-4,10
51136,51.94249524048856,-4,10
51137,51.96040928905982,-4,10
51138,51.96936627465834,-4,10
51139,51.97832323445539,-4,10
51140,51.98728016844334,-4,10
51141,51.99623707661464,-4,10
51142,52.05893471030832,-4,10
51143,52.07684808715111,-4,10
51144,52.27388838314518,-4,10
51145,52.28920753595177,-4,10
51146,52.307123700921565,-4,10
51147,52.31608174550908,-4,10
51148,52.0798729992227,-4,10
51149,52.07091824977224,-4,10
51150,51.98136929100367,-4,10
51151,51.97241424888007,-4,10
51152,52.28284446113604,-4,10
51153,51.97565834882489,-4,10
51154,52.069378983942485,-4,10
51155,51.96669934911187,-4,10
51156,51.92190397573352,-4,10
51157,52.371531933037325,-4,10
51158,51.96500525590301,-4,10
51159,52.05585693880331,-4,10
51160,52.04690409136867,-4,10
51161,52.0379512165274,-4,10
51162,52.25166334200685,-4,10
51163,52.36257349327218,-4,10
51164,52.3536150284158,-4,10
51165,52.344656538475306,-4,10
51166,52.02899831428817,-4,10
51167,52.3356980234578,-4,10
51168,52.32673948337039,-4,10
51169,52.29986371275968,-4,10
51170,52.290905072463566,-4,10
51171,52.28194640713296,-4,10
51172,52.27298771677495,-4,10
51173,52.24611149560702,-4,10
51174,51.93253900702111,-4,10
51175,52.020045384659774,-4,10
51176,51.94842096266725,-4,10
51177,51.93946778692791,-4,10
51178,51.93051458388629,-4,10
51179,51.92156135355104,-4,10
51180,51.95774032440197,-4,10
51181,52.06042759484463,-4,10
51182,51.97677919281084,-4,10
51183,51.91782972247962,-4,10
51184,51.91657164270004,-4,10
51185,51.93296760370913,-4,10
51186,51.924013588817,-4,10
51187,51.87428463137458,-4,10
51188,52.11204222372418,-4,10
51189,52.12099567017915,-4,10
51190,51.93447488320479,-4,10
51191,52.01598410100709,-4,10
51192,52.06971083922381,-4,10
51193,51.78469978269941,-4,10
51194,51.74886513689165,-4,10
51195,51.92643739808226,-4,10
51196,51.91748258097454,-4,10
51197,51.92094385427049,-4,10
51198,51.80261695435945,-4,10
51199,51.94342646156221,-4,10
51200,51.96132953444161,-4,10
51201,51.98818393403517,-4,10
51202,51.847409441923865,-4,10
51203,51.83845099490653,-4,10
51204,51.82053402511421,-4,10
51205,51.81157550235357,-4,10
51206,51.86532626016507,-4,10
51207,51.9956449519383,-4,10
51208,52.00459875072455,-4,10
51209,52.01355252245947,-4,10
51210,52.04041367527147,-4,10
51211,52.0493673387162,-4,10
51212,52.06727458431565,-4,10
51213,52.05084321975294,-4,10
51214,52.02398940828811,-4,10
51215,52.05147617776587,-4,10
51216,51.997135344603,-4,10
51217,51.92989688705934,-4,10
51218,51.84966950192274,-4,10
51219,51.84071033216534,-4,10
51220,51.83500878575208,-4,10
51221,52.06105897152507,-4,10
51222,51.947654382907146,-4,10
51223,52.07896212620527,-4,10
51224,52.05523646810857,-4,10
51225,51.80813659356839,-4,10
51226,51.81709401663909,-4,10
51227,51.82605141403614,-4,10
51228,52.02837843928884,-4,10
51229,51.86188074673834,-4,10
51230,51.870838015654975,-4,10
51231,51.87979525885304,-4,10
51232,51.88875247632503,-4,10
51233,51.89770966806347,-4,10
51234,52.04628381931781,-4,10
51235,51.95661307178259,-4,10
51236,51.96443699457582,-4,10
51237,52.03420403027224,-4,10
51238,51.79917914483149,-4,10
51239,51.91720157008731,-4,10
51240,52.025252327429016,-4,10
51241,51.98881547551822,-4,10
51242,51.96196047004073,-4,10
51243,51.94405699363769,-4,10
51244,51.93573376795172,-4,10
51245,52.03733114304165,-4,10
51246,51.93510521363795,-4,10
51247,51.9261534057848,-4,10
51248,52.02462175873587,-4,10
51249,52.01630059672145,-4,10
51250,52.007348838158606,-4,10
51251,51.77230664469809,-4,10
51252,51.944685749031215,-4,10
51253,52.03357325970235,-4,10
51254,51.64516522781848,-4,10
51255,51.654122558241895,-4,10
51256,51.6003781896081,-4,10
51257,51.60933564870432,-4,10
51258,51.79569142029607,-4,10
51259,51.66307986290835,-4,10
51260,51.66481433888688,-4,10
51261,51.680994394940136,-4,10
51262,51.6558564805,-4,10
51263,51.64689859657279,-4,10
51264,51.60210879408766,-4,10
51265,51.673772171726014,-4,10
51266,51.61180807571336,-4,10
51267,51.68330498084237,-4,10
51268,51.602852711516725,-4,10
51269,51.67203714181025,-4,10
51270,51.394349548873166,-4,10
51271,51.61537172390464,-4,10
51272,51.38539147473112,-4,10
51273,51.63867400905795,-4,10
51274,51.64762926706413,-4,10
51275,51.82257768981499,-4,10
51276,51.81361562381463,-4,10
51277,51.80465353397293,-4,10
51278,51.60641522272286,-4,10
51279,51.69226294623744,-4,10
51280,51.67021932955375,-4,10
51281,51.710178800526805,-4,10
51282,51.46407651378238,-4,10
51283,51.47303950509031,-4,10
51284,51.49992833732086,-4,10
51285,51.54474258503666,-4,10
51286,51.53577978278821,-4,10
51287,51.82883837026933,-4,10
51288,51.64955262367064,-4,10
51289,51.61165161634988,-4,10
51290,51.45511349886882,-4,10
51291,51.58475964275238,-4,10
51292,51.56683154452723,-4,10
51293,51.6405880950304,-4,10
51294,51.63162354344864,-4,10
51295,51.508891234146766,-4,10
51296,51.51785410733728,-4,10
51297,51.52681695688642,-4,10
51298,51.622658968930814,-4,10
51299,51.61369437148243,-4,10
51300,51.57579560521873,-4,10
51301,51.55370536362579,-4,10
51302,51.56266811854963,-4,10
51303,51.57163084980215,-4,10
51304,51.71913668940643,-4,10
51305,51.78672928279014,-4,10
51306,51.77776712146132,-4,10
51307,51.76880493631574,-4,10
51308,51.73295595768789,-4,10
51309,51.7239936535501,-4,10
51310,51.58246319428677,-4,10
51311,51.7150313256322,-4,10
51312,51.69710659848038,-4,10
51313,51.6881441992586,-4,10
51314,51.67918177628105,-4,10
51315,51.457055352274864,-4,10
51316,51.44809745708231,-4,10
51317,51.43913953630352,-4,10
51318,51.43018158994586,-4,10
51319,51.6074815379791,-4,10
51320,51.59851890147186,-4,10
51321,51.446150460355575,-4,10
51322,51.58059355737737,-4,10
51323,51.7012208861347,-4,10
51324,51.44369309773045,-4,10
51325,51.72818108921051,-4,10
51326,51.682729979010055,-4,10
51327,51.44667486392114,-4,10
51328,51.437711634596944,-4,10
51329,51.84625415215986,-4,10
51330,51.479530437800456,-4,10
51331,51.47057114033005,-4,10
51332,51.730380573894095,-4,10
51333,51.72142198028299,-4,10
51334,51.41229133229589,-4,10
51335,51.42125221904682,-4,10
51336,51.43021308135243,-4,10
51337,51.439173919206176,-4,10
51338,51.44813473260152,-4,10
51339,51.457095521531926,-4,10
51340,51.4660562859908,-4,10
51341,51.54670206381818,-4,10
51342,51.45563806971661,-4,10
51343,51.464601251977456,-4,10
51344,51.47356441069781,-4,10
51345,51.48252754587173,-4,10
51346,51.8283264118001,-4,10
51347,51.83729029354395,-4,10
51348,51.835743268596055,-4,10
51349,51.45877714722042,-4,10
51350,51.844706632080936,-4,10
51351,51.85366997223678,-4,10
51352,51.8626332890578,-4,10
51353,51.42874838174993,-4,10
51354,51.449818703251225,-4,10
51355,51.42294321913378,-4,10
51356,51.73933914226468,-4,10
51357,51.53630586210991,-4,10
51358,51.52734286833856,-4,10
51359,51.518379850985305,-4,10
51360,51.500453745556776,-4,10
51361,51.49149065749337,-4,10
51362,51.43190173920071,-4,10
51363,51.419785105385934,-4,10
51364,51.41082180551085,-4,10
51365,51.555662583200125,-4,10
51366,51.685587353576025,-4,10
51367,51.676628633869264,-4,10
51368,51.41455419856581,-4,10
51369,51.40559544633595,-4,10
51370,51.396636668839264,-4,10
51371,51.38767786608289,-4,10
51372,51.378719038073925,-4,10
51373,51.42351292552173,-4,10
51374,51.66766988896472,-4,10
51375,51.640793503135335,-4,10
51376,51.70960324745805,-4,10
51377,51.4078553574175,-4,10
51378,51.41681482999423,-4,10
51379,51.46161181782361,-4,10
51380,51.42577427757658,-4,10
51381,51.43473370015764,-4,10
51382,51.64975232359067,-4,10
51383,51.82677988178791,-4,10
51384,51.4324716271966,-4,10
51385,51.7438278103129,-4,10
51386,51.56462307803806,-4,10
51387,51.40185848213056,-4,10
51388,51.38710888542244,-4,10
51389,51.39606750685248,-4,10
51390,51.40502610295248,-4,10
51391,51.41398467371531,-4,10
51392,51.84676643839267,-4,10
51393,51.71246336143849,-4,10
51394,51.66318689945267,-4,10
51395,51.68110727440526,-4,10
51396,51.690067424929005,-4,10
51397,51.699027550808765,-4,10
51398,51.70798765203785,-4,10
51399,51.71694772860953,-4,10
51400,51.72590778051709,-4,10
51401,51.73486780775379,-4,10
51402,51.67214709924422,-4,10
51403,51.59745869545743,-4,10
51404,51.545268832293445,-4,10
51405,51.572157601257565,-4,10
51406,51.67439874316521,-4,10
51407,51.5332856964756,-4,10
51408,51.593150757072095,-4,10
51409,51.575234606580985,-4,10
51410,51.56627649311998,-4,10
51411,51.55731835419173,-4,10
51412,51.68336252558957,-4,10
51413,51.69232628478814,-4,10
51414,51.70129002075522,-4,10
51415,51.71025373348508,-4,10
51416,51.71921742297211,-4,10
51417,51.452652470288086,-4,10
51418,51.73714473219461,-4,10
51419,51.74610835191866,-4,10
51420,51.75507194837699,-4,10
51421,51.66543493752077,-4,10
51422,51.81936250693384,-4,10
51423,51.65647110866189,-4,10
51424,51.647507256594295,-4,10
51425,51.69168776073166,-4,10
51426,51.700645516883455,-4,10
51427,51.61391689078111,-4,10
51428,51.43718739824857,-4,10
51429,51.42822431255375,-4,10
51430,51.41926120327703,-4,10
51431,51.410298070424325,-4,10
51432,51.66538897358801,-4,10
51433,51.40133491400154,-4,10
51434,51.58704005209292,-4,10
51435,51.56016298726112,-4,10
51436,51.551203915429234,-4,10
51437,51.62061556119574,-4,10
51438,51.6743469899568,-4,10
51439,51.629579482855554,-4,10
51440,51.63854338132363,-4,10
51441,51.59599902345877,-4,10
51442,51.77299907147344,-4,10
51443,51.781962598100094,-4,10
51444,51.53940199996264,-4,10
51445,51.77829775817267,-4,10
51446,51.769335403372594,-4,10
51447,51.76037302482859,-4,10
51448,51.74244819653304,-4,10
51449,51.73348574679362,-4,10
51450,51.724523273334526,-4,10
51451,51.71556077616178,-4,10
51452,51.37815023866956,-4,10
51453,51.69763571069952,-4,10
51454,51.67971055045516,-4,10
51455,51.67074793480474,-4,10
51456,51.66178529547686,-4,10
51457,51.60800896261915,-4,10
51458,51.59904615771707,-4,10
51459,51.590083329185454,-4,10
51460,51.5811204770303,-4,10
51461,51.6886731424221,-4,10
51462,51.55423177888319,-4,10
51463,51.44143030358325,-4,10
51464,51.45934758046337,-4,10
51465,51.53044378467632,-4,10
51466,51.467735565809285,-4,10
51467,51.79092610143808,-4,10
51468,51.656430931743344,-4,10
51469,51.611640340636846,-4,10
51470,51.73473737208532,-4,10
51471,51.698908823853714,-4,10
51472,51.45038895467456,-4,10
51473,51.60268214608986,-4,10
51474,51.81781647166225,-4,10
51475,51.593723926117946,-4,10
51476,51.575807409928295,-4,10
51477,51.56684911372503,-4,10
51478,51.55789079212581,-4,10
51479,51.53997407276839,-4,10
51480,51.531015675024605,-4,10
51481,51.80885303822491,-4,10
51482,51.50941681005605,-4,10
51483,51.72346226547747,-4,10
51484,51.453529277535175,-4,10
51485,51.64304405743375,-4,10
51486,51.696239848472935,-4,10
51487,51.6872806130098,-4,10
51488,51.623146970572016,-4,10
51489,51.61419087240024,-4,10
51490,51.63408449333569,-4,10
51491,51.65200359664357,-4,10
51492,51.62512490435624,-4,10
51493,51.37700740702535,-4,10
51494,51.39492394673493,-4,10
51495,51.4038821783864,-4,10
51496,51.41284038455935,-4,10
51497,51.42179856524648,-4,10
51498,51.430756720440485,-4,10
51499,51.61616529050228,-4,10
51500,51.6577813204114,-4,10
51501,51.64882570700902,-4,10
51502,51.63987006718818,-4,10
51503,51.44868206376869,-4,10
51504,51.457643027254086,-4,10
51505,51.46660396633584,-4,10
51506,51.53829059967623,-4,10
51507,51.54725131883149,-4,10
51508,51.66373843877189,-4,10
51509,51.672698814760906,-4,10
51510,51.68165916618844,-4,10
51511,51.69061949304779,-4,10
51512,51.6995797953323,-4,10
51513,51.71750032615021,-4,10
51514,51.72646055467024,-4,10
51515,51.74438093789913,-4,10
51516,51.753341092594574,-4,10
51517,51.762301222668455,-4,10
51518,51.43971485013412,-4,10
51519,51.44867295432008,-4,10
51520,51.45763103299107,-4,10
51521,51.46658908613976,-4,10
51522,51.57372730170752,-4,10
51523,51.59165403232264,-4,10
51524,51.62750721237615,-4,10
51525,51.63647044877701,-4,10
51526,51.645433661721135,-4,10
51527,51.66336001721589,-4,10
51528,51.67232315975476,-4,10
51529,51.68128627881348,-4,10
51530,51.69024937438616,-4,10
51531,51.81625446215462,-4,10
51532,51.80729152833829,-4,10
51533,51.79832857101917,-4,10
51534,51.78936559020316,-4,10
51535,51.67832135255372,-4,10
51536,51.669362067111656,-4,10
51537,51.56476390127327,-4,10
51538,51.439721075886176,-4,10
51539,51.55580047742895,-4,10
51540,51.53787355953344,-4,10
51541,51.475547113758864,-4,10
51542,51.403418695949,-4,10
51543,51.412382516879255,-4,10
51544,51.42134631449756,-4,10
51545,51.430310088798166,-4,10
51546,51.43927383977536,-4,10
51547,51.4482375674234,-4,10
51548,51.45720127173652,-4,10
51549,51.466164952708986,-4,10
51550,51.48409224460895,-4,10
51551,51.49305585552488,-4,10
51552,51.50201944307712,-4,10
51553,51.51098300725988,-4,10
51554,51.51994654806738,-4,10
51555,51.52891006549382,-4,10
51556,51.54683703018041,-4,10
51557,51.66040275669058,-4,10
51558,51.43076006361304,-4,10
51559,51.45139246657615,-4,10
51560,51.75246556801893,-4,10
51561,51.76142830765665,-4,10
51562,51.77039102368919,-4,10
51563,51.779353716110606,-4,10
51564,51.78831638491491,-4,10
51565,51.81520424956523,-4,10
51566,51.44030655544484,-4,10
51567,51.82416682384117,-4,10
51568,51.76340287649275,-4,10
51569,51.72756080093795,-4,10
51570,51.69171833396759,-4,10
51571,51.6648362271264,-4,10
51572,51.54834456032069,-4,10
51573,51.53938349236186,-4,10
51574,51.77236333417335,-4,10
51575,51.46719865708912,-4,10
51576,51.47616264454194,-4,10
51577,51.48512660877101,-4,10
51578,51.64491085333107,-4,10
51579,51.65387387576666,-4,10
51580,51.66283687466837,-4,10
51581,51.67179985003029,-4,10
51582,51.68076280184649,-4,10
51583,51.689725730111086,-4,10
51584,51.698688634818105,-4,10
51585,51.70765151596163,-4,10
51586,51.743502804782025,-4,10
51587,51.58372868089739,-4,10
51588,51.57476497250506,-4,10
51589,51.565801240826325,-4,10
51590,51.55683748586687,-4,10
51591,51.503054467535215,-4,10
51592,51.49409054977068,-4,10
51593,51.52146128347128,-4,10
51594,51.51250014255243,-4,10
51595,51.48561657397903,-4,10
51596,51.47665533587041,-4,10
51597,51.65750840919363,-4,10
51598,51.64854711218526,-4,10
51599,51.60374026426624,-4,10
51600,51.59477882215158,-4,10
51601,51.585817355874845,-4,10
51602,51.56789435086042,-4,10
51603,51.558932812135424,-4,10
51604,51.54997124927373,-4,10
51605,51.54100966228159,-4,10
51606,51.50516307313535,-4,10
51607,51.49620136558591,-4,10
51608,51.48723963394392,-4,10
51609,51.47827787821567,-4,10
51610,51.46931609840743,-4,10
51611,51.46035429452549,-4,10
51612,51.69335335509601,-4,10
51613,51.44243061456562,-4,10
51614,51.71127568267891,-4,10
51615,51.72919791328116,-4,10
51616,51.46769407348046,-4,10
51617,51.458732786815546,-4,10
51618,51.44977147588212,-4,10
51619,51.4408101406866,-4,10
51620,51.43184878123537,-4,10
51621,51.58613567392129,-4,10
51622,51.59509147208579,-4,10
51623,51.60404724387952,-4,10
51624,51.61300298929457,-4,10
51625,51.62195870832299,-4,10
51626,51.63091440095685,-4,10
51627,51.80984674947428,-4,10
51628,51.80088586485342,-4,10
51629,51.791924955922894,-4,10
51630,51.73815899219846,-4,10
51631,51.720236810105824,-4,10
51632,51.65144342129741,-4,10
51633,51.64248406093907,-4,10
51634,51.61560583014244,-4,10
51635,51.44922764490512,-4,10
51636,51.401127113409785,-4,10
51637,51.41008732220672,-4,10
51638,51.419047506292216,-4,10
51639,51.42800766565955,-4,10
51640,51.43696780030199,-4,10
51641,51.44026648308918,-4,10
51642,51.44592791021281,-4,10
51643,51.49072808855608,-4,10
51644,51.622553718605495,-4,10
51645,51.61359780972736,-4,10
51646,51.604641874536746,-4,10
51647,51.55986180417216,-4,10
51648,51.45818878239154,-4,10
51649,51.48176810240473,-4,10
51650,51.43130529695019,-4,10
51651,51.8157302430683,-4,10
51652,51.80676747691981,-4,10
51653,51.70844684686834,-4,10
51654,51.73531877625032,-4,10
51655,51.74427603455051,-4,10
51656,51.45405910265372,-4,10
51657,51.44509640036891,-4,10
51658,51.43613367435967,-4,10
51659,51.69921244646696,-4,10
51660,51.708175495049936,-4,10
51661,51.71713852012925,-4,10
51662,51.74402745428603,-4,10
51663,51.75299038529157,-4,10
51664,51.76195329276389,-4,10
51665,51.77091617669706,-4,10
51666,51.7798790370852,-4,10
51667,51.78884187392231,-4,10
51668,51.46714989554199,-4,10
51669,51.476110984350015,-4,10
51670,51.54779881770885,-4,10
51671,51.664288214706666,-4,10
51672,51.43360615974867,-4,10
51673,51.442565197834114,-4,10
51674,51.45152421076469,-4,10
51675,51.58590638133635,-4,10
51676,51.59486499082698,-4,10
51677,51.60382357504212,-4,10
51678,51.65757454914717,-4,10
51679,51.66653295623343,-4,10
51680,51.67549133798682,-4,10
51681,51.68444969440014,-4,10
51682,51.69340802546619,-4,10
51683,51.702366331177785,-4,10
51684,51.71132461152765,-4,10
51685,51.720282866508576,-4,10
51686,51.72924109611333,-4,10
51687,51.42464709651546,-4,10
51688,51.69948948560554,-4,10
51689,51.41568800814147,-4,10
51690,51.39776975599933,-4,10
51691,51.67324876633408,-4,10
51692,51.68220929346883,-4,10
51693,51.691169796104255,-4,10
51694,51.76285293441942,-4,10
51695,51.77181321626326,-4,10
51696,51.49968804993524,-4,10
51697,51.55344729761417,-4,10
51698,51.56240708539783,-4,10
51699,51.57136684835492,-4,10
51700,51.58032658647858,-4,10
51701,51.589286299762,-4,10
51702,51.59824598819832,-4,10
51703,51.37089218940591,-4,10
51704,51.37985140337841,-4,10
51705,51.3888105922452,-4,10
51706,51.40672889463376,-4,10
51707,51.69053209862083,-4,10
51708,51.681574685921696,-4,10
51709,51.672617247515575,-4,10
51710,51.654918062333934,-4,10
51711,51.64595470636609,-4,10
51712,51.63699132700087,-4,10
51713,51.62802792424408,-4,10
51714,51.61906449810157,-4,10
51715,51.60113757568246,-4,10
51716,51.592174079417454,-4,10
51717,51.58321055978986,-4,10
51718,51.57424701680544,-4,10
51719,51.56528345047003,-4,10
51720,51.55631986078932,-4,10
51721,51.53839261141515,-4,10
51722,51.52942895173321,-4,10
51723,51.52046526872902,-4,10
51724,51.51150156240833,-4,10
51725,51.66388139489863,-4,10
51726,51.50253783277688,-4,10
51727,51.67284470405431,-4,10
51728,51.71766089849382,-4,10
51729,51.606646369992745,-4,10
51730,51.58872737490857,-4,10
51731,51.57976783998791,-4,10
51732,51.82150939454508,-4,10
51733,51.8125476702128,-4,10
51734,51.74981492891067,-4,10
51735,51.73189107305436,-4,10
51736,51.7229291092432,-4,10
51737,51.7050051098858,-4,10
51738,51.69604307435195,-4,10
51739,51.68708101492289,-4,10
51740,51.63330815689434,-4,10
51741,51.7804025858962,-4,10
51742,51.75351343208822,-4,10
51743,51.74455033387613,-4,10
51744,51.708697706470566,-4,10
51745,51.63594780736752,-4,10
51746,51.493574079840414,-4,10
51747,51.4756465040753,-4,10
51748,51.56184869542379,-4,10
51749,51.55288908579413,-4,10
51750,51.499130905582014,-4,10
51751,51.48121131331985,-4,10
51752,51.472251479933576,-4,10
51753,51.46329162171967,-4,10
51754,51.60095681571031,-4,10
51755,51.60991445950396,-4,10
51756,51.454331738684864,-4,10
51757,51.44537183083602,-4,10
51758,51.4364118981799,-4,10
51759,51.42745194072331,-4,10
51760,51.64574477813006,-4,10
51761,51.654702293612296,-4,10
51762,51.66365978340996,-4,10
51763,51.57080828015733,-4,10
51764,51.48461030360465,-4,10
51765,51.46302178120804,-4,10
51766,51.49887225799979,-4,10
51767,51.46668268125811,-4,10
51768,51.45771883515877,-4,10
51769,51.44875496578301,-4,10
51770,51.43979107313651,-4,10
51771,51.41289925562968,-4,10
51772,51.624345930371305,-4,10
51773,51.61538368000227,-4,10
51774,51.59745910775069,-4,10
51775,51.58849678588041,-4,10
51776,51.5526472602451,-4,10
51777,51.543684819328256,-4,10
51778,51.53472235462034,-4,10
51779,51.525759866127466,-4,10
51780,51.5167973538557,-4,10
51781,51.50783481781113,-4,10
51782,51.48990967442776,-4,10
51783,51.444566744196464,-4,10
51784,51.62698473788188,-4,10
51785,51.56424259335915,-4,10
51786,51.58553966664077,-4,10
51787,51.594495274622425,-4,10
51788,51.60345085615911,-4,10
51789,51.6124064112428,-4,10
51790,51.62136193986552,-4,10
51791,51.63927291769605,-4,10
51792,51.66592696090032,-4,10
51793,51.8441872386726,-4,10
51794,51.826260820659954,-4,10
51795,51.79937101828322,-4,10
51796,51.79040770408548,-4,10
51797,51.78144436652799,-4,10
51798,51.77248100561657,-4,10
51799,51.76351762135698,-4,10
51800,51.83522404136068,-4,10
51801,51.65696586143199,-4,10
51802,51.648004737689085,-4,10
51803,51.60319875508093,-4,10
51804,51.78726008922273,-4,10
51805,51.79622239651672,-4,10
51806,51.80518468004853,-4,10
51807,51.46877717504098,-4,10
51808,51.477738782931134,-4,10
51809,51.486700366674405,-4,10
51810,51.49566192626445,-4,10
51811,51.504623461694905,-4,10
51812,51.53150792296551,-4,10
51813,51.54046936169425,-4,10
51814,51.54943077623167,-4,10
51815,51.63213014988959,-4,10
51816,51.623165413556286,-4,10
51817,51.55839216657136,-4,10
51818,51.56735353270697,-4,10
51819,51.75455421375504,-4,10
51820,51.745590782816485,-4,10
51821,51.73662732854714,-4,10
51822,51.72766385095274,-4,10
51823,51.47667703161305,-4,10
51824,51.43185604246258,-4,10
51825,51.64822836688784,-4,10
51826,51.69281011359328,-4,10
51827,51.72865397694822,-4,10
51828,51.73761488198743,-4,10
51829,51.791379801006975,-4,10
51830,51.39341678869448,-4,10
51831,51.40238030191335,-4,10
51832,51.411343791697455,-4,10
51833,51.42030725804097,-4,10
51834,51.42927070093808,-4,10
51835,51.44719751636976,-4,10
51836,51.45616088889267,-4,10
51837,51.80034053558021,-4,10
51838,51.485641159986045,-4,10
51839,51.64109486335023,-4,10
51840,51.56631727221947,-4,10
51841,51.58424504192572,-4,10
51842,51.718700350039065,-4,10
51843,51.70973682581187,-4,10
51844,51.7007732782769,-4,10
51845,51.69180970743995,-4,10
51846,51.6828461133067,-4,10
51847,51.673882495882935,-4,10
51848,51.66491885517439,-4,10
51849,51.65595519118678,-4,10
51850,51.64699150392583,-4,10
51851,51.63802779339727,-4,10
51852,51.62906405960681,-4,10
51853,51.62010030256016,-4,10
51854,51.61113652226302,-4,10
51855,51.60217271872111,-4,10
51856,51.59320889194012,-4,10
51857,51.5752811686836,-4,10
51858,51.465124237945815,-4,10
51859,51.65005955393274,-4,10
51860,51.86211356310676,-4,10
51861,51.73135597778028,-4,10
51862,51.75824121225068,-4,10
51863,51.81201103286358,-4,10
51864,51.82097258551672,-4,10
51865,51.74485585767545,-4,10
51866,51.73589841414948,-4,10
51867,51.72239418497424,-4,10
51868,51.70902592952612,-4,10
51869,51.69111081148041,-4,10
51870,51.68215321399082,-4,10
51871,51.39889585985335,-4,10
51872,51.67319559086662,-4,10
51873,51.66423794211522,-4,10
51874,51.65528026774405,-4,10
51875,51.700068383328,-4,10
51876,51.71343236818732,-4,10
51877,51.68654677400356,-4,10
51878,51.67758486135537,-4,10
51879,51.462491787077695,-4,10
51880,51.47145427281796,-4,10
51881,51.48041673474985,-4,10
51882,51.4893791728673,-4,10
51883,51.49834158716424,-4,10
51884,51.50730397763449,-4,10
51885,51.51626634427202,-4,10
51886,51.5252286870707,-4,10
51887,51.53419100602439,-4,10
51888,51.543153301126985,-4,10
51889,51.55211557237235,-4,10
51890,51.56107781975437,-4,10
51891,51.61485080257194,-4,10
51892,51.62381288273832,-4,10
51893,51.63277493899209,-4,10
51894,51.61049151185035,-4,10
51895,51.60153368391572,-4,10
51896,51.57466004673251,-4,10
51897,51.53882817287752,-4,10
51898,51.696800919127874,-4,10
51899,51.68784150446264,-4,10
51900,51.67888206487468,-4,10
51901,51.66096311095826,-4,10
51902,51.55784976379893,-4,10
51903,51.53096603922651,-4,10
51904,51.522004749189065,-4,10
51905,51.504082096382646,-4,10
51906,51.48615934664352,-4,10
51907,51.47719793544016,-4,10
51908,51.4682365000228,-4,10
51909,51.45927504039776,-4,10
51910,51.450313556571466,-4,10
51911,51.44135204855027,-4,10
51912,51.87107669021732,-4,10
51913,51.602655485900975,-4,10
51914,51.85624111039883,-4,10
51915,51.65642155032511,-4,10
51916,51.71914751779553,-4,10
51917,51.46716320083004,-4,10
51918,51.45820496468468,-4,10
51919,51.44924670308812,-4,10
51920,51.44028841604764,-4,10
51921,51.43133010357046,-4,10
51922,51.42237176566384,-4,10
51923,51.413413402335,-4,10
51924,51.40445501359117,-4,10
51925,51.3954965994396,-4,10
51926,51.38653815988745,-4,10
51927,51.37757969494199,-4,10
51928,51.79979343398884,-4,10
51929,51.77291168171303,-4,10
51930,51.76395104875732,-4,10
51931,51.728108272790486,-4,10
51932,51.66538247590088,-4,10
51933,51.474087563523376,-4,10
51934,51.48305086561948,-4,10
51935,51.49201414422828,-4,10
51936,51.540544391159486,-4,10
51937,51.56741997824915,-4,10
51938,51.60325373978651,-4,10
51939,51.612212116804656,-4,10
51940,51.65700362133773,-4,10
51941,51.66596184608221,-4,10
51942,51.53158581151323,-4,10
51943,51.67492004542244,-4,10
51944,51.692836367861055,-4,10
51945,51.70179449094493,-4,10
51946,51.71075258859548,-4,10
51947,51.71971066080545,-4,10
51948,51.61478217717272,-4,10
51949,51.60582586409863,-4,10
51950,51.68387821935115,-4,10
51951,51.45991626427907,-4,10
51952,51.45095745722372,-4,10
51953,51.44199862493629,-4,10
51954,51.55063868078234,-4,10
51955,51.54167976415872,-4,10
51956,51.5327208223729,-4,10
51957,51.46104838309267,-4,10
51958,51.45208921516388,-4,10
51959,51.4431300221432,-4,10
51960,51.43417080403762,-4,10
51961,51.42521156085412,-4,10
51962,51.41625229259971,-4,10
51963,51.40729299928134,-4,10
51964,51.398333680906006,-4,10
51965,51.38937433748065,-4,10
51966,51.38041496901226,-4,10
51967,51.424080884693545,-4,10
51968,51.43303976742388,-4,10
51969,51.5520874366275,-4,10
51970,51.8167769066989,-4,10
51971,51.8078138057784,-4,10
51972,51.79885068142098,-4,10
51973,51.41186402886112,-4,10
51974,51.42082766111907,-4,10
51975,51.429791269995086,-4,10
51976,51.43875485548337,-4,10
51977,51.44771841757815,-4,10
51978,51.45668195627362,-4,10
51979,51.46564547156403,-4,10
51980,51.4746089634435,-4,10
51981,51.48357243190627,-4,10
51982,51.49253587694653,-4,10
51983,51.501499298558485,-4,10
51984,51.51046269673625,-4,10
51985,51.51942607147407,-4,10
51986,51.54631605498926,-4,10
51987,51.55527933590879,-4,10
51988,51.402900373227,-4,10
51989,51.58647409551335,-4,10
51990,51.393936694222496,-4,10
51991,51.619583281487856,-4,10
51992,51.789887533632445,-4,10
51993,51.78092436241864,-4,10
51994,51.77196116778544,-4,10
51995,51.75403470828413,-4,10
51996,51.7450714434277,-4,10
51997,51.73610815517518,-4,10
51998,51.71818150850511,-4,10
51999,51.70921815009919,-4,10
52000,51.70025476832041,-4,10
52001,51.68232793466748,-4,10
52002,51.664401007592645,-4,10
52003,51.65543750903644,-4,10
52004,51.6464739871421,-4,10
52005,51.63751044191539,-4,10
52006,51.62854687336205,-4,10
52007,51.61061966629854,-4,10
52008,51.59543288621985,-4,10
52009,51.64022646154,-4,10
52010,51.64918510091178,-4,10
52011,51.72981171826747,-4,10
52012,51.72085330637967,-4,10
52013,51.71189486918721,-4,10
52014,51.70293640669724,-4,10
52015,51.76090155163632,-4,10
52016,51.769864099205805,-4,10
52017,51.77882662309783,-4,10
52018,51.787789123306425,-4,10
52019,51.80571405264909,-4,10
52020,51.8146764817711,-4,10
52021,51.822044429353774,-4,10
52022,51.81308253390575,-4,10
52023,51.77723471309045,-4,10
52024,51.76827269816176,-4,10
52025,51.714500107375535,-4,10
52026,51.75193898039546,-4,10
52027,51.70553792543293,-4,10
52028,51.716088458838165,-4,10
52029,51.69816305618726,-4,10
52030,51.5009773993439,-4,10
52031,51.50994063096051,-4,10
52032,51.51890383907219,-4,10
52033,51.527867023673096,-4,10
52034,51.53683018475734,-4,10
52035,51.54579332231904,-4,10
52036,51.55475643635226,-4,10
52037,51.59060865708272,-4,10
52038,51.63542340289651,-4,10
52039,51.64438628132008,-4,10
52040,51.653349136150034,-4,10
52041,51.66231196738044,-4,10
52042,51.67127477500533,-4,10
52043,51.68023755901873,-4,10
52044,51.68920031941472,-4,10
52045,51.7071257693304,-4,10
52046,51.59113222483651,-4,10
52047,51.69657571965574,-4,10
52048,51.6428019848097,-4,10
52049,51.66191473706719,-4,10
52050,51.64400084570236,-4,10
52051,51.63504386117376,-4,10
52052,51.626086850757865,-4,10
52053,51.617129814462224,-4,10
52054,51.37928609302132,-4,10
52055,51.38824510173494,-4,10
52056,51.39720408526606,-4,10
52057,51.40616304360757,-4,10
52058,51.41512197675243,-4,10
52059,51.693977918916985,-4,10
52060,51.68501940585358,-4,10
52061,51.6760608675142,-4,10
52062,51.667102303906006,-4,10
52063,51.65814371503614,-4,10
52064,51.72461254027516,-4,10
52065,51.68761349005013,-4,10
52066,51.41960130638942,-4,10
52067,51.42769849347312,-4,10
52068,51.633839612361896,-4,10
52069,51.61591479611528,-4,10
52070,51.60695235232867,-4,10
52071,51.5979898847746,-4,10
52072,51.58902739345913,-4,10
52073,51.55317719070476,-4,10
52074,51.54421458067327,-4,10
52075,51.53525194691671,-4,10
52076,51.52628928944112,-4,10
52077,51.517326608252496,-4,10
52078,51.5083639033569,-4,10
52079,51.49940117476032,-4,10
52080,51.47251284682488,-4,10
52081,51.4456243057968,-4,10
52082,51.436661411461465,-4,10
52083,51.41873555183772,-4,10
52084,51.39161186302797,-4,10
52085,51.4285616423209,-4,10
52086,51.8114726219863,-4,10
52087,51.80142942167831,-4,10
52088,51.79246833895294,-4,10
52089,51.72974008165976,-4,10
52090,51.72077880523537,-4,10
52091,51.71181750462741,-4,10
52092,51.69389483088622,-4,10
52093,51.68493345776575,-4,10
52094,51.64908772376634,-4,10
52095,51.6979177654215,-4,10
52096,51.55176739456896,-4,10
52097,51.48905193257535,-4,10
52098,51.58635676040152,-4,10
52099,51.55158212721234,-4,10
52100,51.54262002619527,-4,10
52101,51.53365790125457,-4,10
52102,51.82043400239703,-4,10
52103,51.670481370346366,-4,10
52104,51.80251121746419,-4,10
52105,51.7845883361113,-4,10
52106,51.73094766285777,-4,10
52107,51.73990641246296,-4,10
52108,51.42064692410973,-4,10
52109,51.70743346498986,-4,10
52110,51.429604712222,-4,10
52111,51.64159986738585,-4,10
52112,51.632634992606334,-4,10
52113,51.52469575239645,-4,10
52114,51.62367009501732,-4,10
52115,51.65912547112014,-4,10
52116,51.66808726056586,-4,10
52117,51.68601076741919,-4,10
52118,51.71289584750996,-4,10
52119,51.721857492798016,-4,10
52120,51.73081911403783,-4,10
52121,51.73978071122312,-4,10
52122,51.56054420429961,-4,10
52123,51.70407126305418,-4,10
52124,51.51573357962704,-4,10
52125,51.48009248088567,-4,10
52126,51.57630828198849,-4,10
52127,51.567344057627714,-4,10
52128,51.45377373218077,-4,10
52129,51.50677138295252,-4,10
52130,51.49780916237905,-4,10
52131,51.48884691791277,-4,10
52132,51.47988464955984,-4,10
52133,51.47092235732641,-4,10
52134,51.4619600412186,-4,10
52135,51.44403533740437,-4,10
52136,51.43507294971021,-4,10
52137,51.45321397600452,-4,10
52138,51.444254424463146,-4,10
52139,51.435294847976095,-4,10
52140,51.60875507958863,-4,10
52141,51.462733437269385,-4,10
52142,51.47169311746791,-4,10
52143,51.46217350259333,-4,10
52144,51.58527248325539,-4,10
52145,51.68671795728851,-4,10
52146,51.67775887652334,-4,10
52147,51.66879977070175,-4,10
52148,51.65984063983081,-4,10
52149,51.47113300422268,-4,10
52150,51.65088148391752,-4,10
52151,51.64192230296882,-4,10
52152,51.69567701299033,-4,10
52153,51.63296309699171,-4,10
52154,51.60608532895967,-4,10
52155,51.57920733592268,-4,10
52156,51.480652772769545,-4,10
52157,51.67491322452896,-4,10
52158,51.66594925450907,-4,10
52159,51.65698526133919,-4,10
52160,51.64802124502493,-4,10
52161,51.615044609980174,-4,10
52162,51.61771232763906,-4,10
52163,51.43453996241264,-4,10
52164,51.623278073355934,-4,10
52165,51.56000883112696,-4,10
52166,51.56897071335985,-4,10
52167,51.577932571583816,-4,10
52168,51.84574008894821,-4,10
52169,51.697360224821736,-4,10
52170,51.44752021151042,-4,10
52171,51.60481800213972,-4,10
52172,51.613779764265495,-4,10
52173,51.6317032163902,-4,10
52174,51.64066490637657,-4,10
52175,51.65311866070318,-4,10
52176,51.64415876546514,-4,10
52177,51.43400522530063,-4,10
52178,51.442967272463,-4,10
52179,51.45192929563699,-4,10
52180,51.83677639481127,-4,10
52181,51.51519906004672,-4,10
52182,51.82781267748146,-4,10
52183,51.81884893696447,-4,10
52184,51.66152170250078,-4,10
52185,51.65256200982303,-4,10
52186,51.643602292319954,-4,10
52187,51.634642549998375,-4,10
52188,51.62568278286514,-4,10
52189,51.61672299092706,-4,10
52190,51.688400631513694,-4,10
52191,51.46089129481637,-4,10
52192,51.67542593985177,-4,10
52193,51.69335413824165,-4,10
52194,51.70231820278554,-4,10
52195,51.73817422982317,-4,10
52196,51.74713817877001,-4,10
52197,51.79195757634714,-4,10
52198,51.80092138639164,-4,10
52199,51.80988517326598,-4,10
52200,51.6843900505952,-4,10
52201,51.63223995878171,-4,10
52202,51.81039857895091,-4,10
52203,51.47881522116648,-4,10
52204,51.60552252881446,-4,10
52205,51.61448163014857,-4,10
52206,51.623440706404935,-4,10
52207,51.64135878365633,-4,10
52208,51.65031778463735,-4,10
52209,51.65927676051249,-4,10
52210,51.66823571127478,-4,10
52211,51.67719463691714,-4,10
52212,51.50623703389106,-4,10
52213,51.49727498377004,-4,10
52214,51.48831290968986,-4,10
52215,51.47935081165669,-4,10
52216,51.470388689676746,-4,10
52217,51.461426543756176,-4,10
52218,51.44350218011797,-4,10
52219,51.57864507441565,-4,10
52220,51.560726646222655,-4,10
52221,51.61431616395073,-4,10
52222,51.60535423057232,-4,10
52223,51.48777714832474,-4,10
52224,51.49673905146346,-4,10
52225,51.63111517340379,-4,10
52226,51.622150761261146,-4,10
52227,51.61318632612437,-4,10
52228,51.60422186799898,-4,10
52229,51.66207853118546,-4,10
52230,51.46985326999496,-4,10
52231,51.67103837690524,-4,10
52232,51.68895799403007,-4,10
52233,51.845224248880754,-4,10
52234,51.8362607197875,-4,10
52235,51.82729716743631,-4,10
52236,51.5695062574509,-4,10
52237,51.57846828666001,-4,10
52238,51.59639227322692,-4,10
52239,51.679998197855696,-4,10
52240,51.62666954989,-4,10
52241,51.67944101335296,-4,10
52242,51.41174295098263,-4,10
52243,51.5898434663518,-4,10
52244,51.74662415061084,-4,10
52245,51.73766036599426,-4,10
52246,51.54154820664575,-4,10
52247,51.55050996553612,-4,10
52248,51.55947170036317,-4,10
52249,51.568433411120594,-4,10
52250,51.57739509780215,-4,10
52251,51.698473540794566,-4,10
52252,51.59880333266359,-4,10
52253,51.68951359187919,-4,10
52254,51.67159361991517,-4,10
52255,51.59991274460454,-4,10
52256,51.590952524213016,-4,10
52257,51.58199227918215,-4,10
52258,51.56407171522909,-4,10
52259,51.55511139632031,-4,10
52260,51.46550685463611,-4,10
52261,51.59935891817622,-4,10
52262,51.590398874546025,-4,10
52263,51.68055361825047,-4,10
52264,51.80197120592502,-4,10
52265,51.79300994996744,-4,10
52266,51.784048669843216,-4,10
52267,51.55326214537268,-4,10
52268,51.5678548113995,-4,10
52269,51.81833359183289,-4,10
52270,51.809369992982944,-4,10
52271,51.80040637089222,-4,10
52272,51.79144272556642,-4,10
52273,51.52362461670015,-4,10
52274,51.51466278565742,-4,10
52275,51.505700930576445,-4,10
52276,51.64962657230392,-4,10
52277,51.65858821416598,-4,10
52278,51.66754983195641,-4,10
52279,51.43856247469134,-4,10
52280,51.78247905701125,-4,10
52281,51.755587912026535,-4,10
52282,51.66074256569822,-4,10
52283,51.68547299529728,-4,10
52284,51.6944345408351,-4,10
52285,51.712357559613935,-4,10
52286,51.73028048195487,-4,10
52287,51.644583916963256,-4,10
52288,51.5724787131672,-4,10
52289,51.56351859543204,-4,10
52290,51.66263359688004,-4,10
52291,51.580883575262405,-4,10
52292,51.61727893128448,-4,10
52293,51.62550239247222,-4,10
52294,51.63445921630329,-4,10
52295,51.45599525885046,-4,10
52296,51.57192365940215,-4,10
52297,51.56296371877785,-4,10
52298,51.49128330308932,-4,10
52299,51.43752195359607,-4,10
52300,51.67145527388843,-4,10
52301,51.66249818074805,-4,10
52302,51.608318937091305,-4,10
52303,51.4565462653542,-4,10
52304,51.68387717139321,-4,10
52305,51.66646180601696,-4,10
52306,51.6574976490964,-4,10
52307,51.44758565153269,-4,10
52308,51.438625013178175,-4,10
52309,51.42966435029727,-4,10
52310,51.60371222308408,-4,10
52311,51.58578356331312,-4,10
52312,51.57681919887136,-4,10
52313,51.42070366289656,-4,10
52314,51.65354106177048,-4,10
52315,51.61654554268849,-4,10
52316,51.5980461089792,-4,10
52317,51.55384686816892,-4,10
52318,51.43585424736081,-4,10
52319,51.42015335863422,-4,10
52320,51.44481400220896,-4,10
52321,51.44703482069163,-4,10
52322,51.438074357931534,-4,10
52323,51.42689446764311,-4,10
52324,51.408974833626566,-4,10
52325,51.40841596890992,-4,10
52326,51.42911387057685,-4,10
52327,51.41737562019261,-4,10
52328,51.70180499563228,-4,10
52329,51.54488981103832,-4,10
52330,51.41119282211025,-4,10
52331,51.57176090474725,-4,10
52332,52.691413606340085,-4,10
52333,52.63158907970801,-4,10
52334,52.67347689818582,-4,10
52335,52.565404411418925,-4,10
52336,52.57437288205697,-4,10
52337,52.58334133171762,-4,10
52338,52.59230976039681,-4,10
52339,52.61024655479412,-4,10
52340,52.619214920503936,-4,10
52341,52.5092208197122,-4,10
52342,52.54302160802888,-4,10
52343,52.72728677095164,-4,10
52344,52.745223227342485,-4,10
52345,52.55688625269719,-4,10
52346,52.547917595019314,-4,10
52347,52.57482350531812,-4,10
52348,52.61069775950623,-4,10
52349,52.715109262586886,-4,10
52350,52.619666270726455,-4,10
52351,52.534048685456455,-4,10
52352,52.62863476100773,-4,10
52353,52.65554010617675,-4,10
52354,52.66450851266107,-4,10
52355,52.70038192896131,-4,10
52356,52.7093502306064,-4,10
52357,52.71831851127124,-4,10
52358,52.64611989162817,-4,10
52359,52.63760323034595,-4,10
52360,52.68244526274687,-4,10
52361,52.6178498892966,-4,10
52362,52.649522075220005,-4,10
52363,52.78810912591751,-4,10
52364,52.56312462373104,-4,10
52365,52.57209235950665,-4,10
52366,52.58106007400667,-4,10
52367,52.607963089809765,-4,10
52368,52.61693071916387,-4,10
52369,52.6258983272206,-4,10
52370,52.63486591397552,-4,10
52371,52.643833479424295,-4,10
52372,52.66162144095564,-4,10
52373,52.67058598095444,-4,10
52374,52.6528010235625,-4,10
52375,52.752227411335234,-4,10
52376,52.66176854638575,-4,10
52377,52.67970352806985,-4,10
52378,52.71557323546494,-4,10
52379,52.72454060896024,-4,10
52380,52.7514426013271,-4,10
52381,52.67955049842799,-4,10
52382,52.543587054128,-4,10
52383,52.552551405402966,-4,10
52384,52.63322954689747,-4,10
52385,52.64219367141144,-4,10
52386,52.6511577732196,-4,10
52387,52.6601218523166,-4,10
52388,52.76495594747244,-4,10
52389,52.67073604788967,-4,10
52390,52.64055558833421,-4,10
52391,52.73428643359159,-4,10
52392,52.62681779377647,-4,10
52393,52.65848854036065,-4,10
52394,52.67642140538774,-4,10
52395,52.68538780526473,-4,10
52396,52.65508817332063,-4,10
52397,52.664056433998326,-4,10
52398,52.67302467365709,-4,10
52399,52.68199289229275,-4,10
52400,52.69096108990109,-4,10
52401,52.69992926647795,-4,10
52402,52.708897422019135,-4,10
52403,52.7447698337432,-4,10
52404,52.63560962201858,-4,10
52405,52.63578567707507,-4,10
52406,52.52715064152381,-4,10
52407,52.571974803238525,-4,10
52408,52.64369229340341,-4,10
52409,52.64458034146168,-4,10
52410,52.671492379588365,-4,10
52411,52.68046301888489,-4,10
52412,52.72531591461881,-4,10
52413,52.54610589144618,-4,10
52414,52.58197805965022,-4,10
52415,52.59094604881229,-4,10
52416,52.599914016810224,-4,10
52417,52.60888196363977,-4,10
52418,52.55643591980767,-4,10
52419,52.55404520591832,-4,10
52420,52.70614201744583,-4,10
52421,52.60750090931533,-4,10
52422,52.67924015362614,-4,10
52423,52.58436457107764,-4,10
52424,52.59333041742308,-4,10
52425,52.6560472968725,-4,10
52426,52.673990247132,-4,10
52427,52.69193311853812,-4,10
52428,52.59535230766817,-4,10
52429,52.604315871769,-4,10
52430,52.6401698986316,-4,10
52431,52.64712503269543,-4,10
52432,52.65609072472813,-4,10
52433,52.66505639469643,-4,10
52434,52.7009045246631,-4,10
52435,52.57539870270721,-4,10
52436,52.68298766842,-4,10
52437,52.70091885382655,-4,10
52438,52.70988441339851,-4,10
52439,52.71689432664445,-4,10
52440,52.70987591106508,-4,10
52441,52.71884727774081,-4,10
52442,52.72781862468707,-4,10
52443,52.618279125234125,-4,10
52444,52.60931397302268,-4,10
52445,52.60034879851658,-4,10
52446,52.591383601720864,-4,10
52447,52.582418382640654,-4,10
52448,52.57345314128106,-4,10
52449,52.69195327216537,-4,10
52450,52.56448787764714,-4,10
52451,52.64707579218076,-4,10
52452,52.60221797323062,-4,10
52453,52.46780656609356,-4,10
52454,52.47677269838255,-4,10
52455,52.48573880870514,-4,10
52456,52.49470489705647,-4,10
52457,52.50367096343163,-4,10
52458,52.5126370078258,-4,10
52459,52.5216030302341,-4,10
52460,52.53056903065164,-4,10
52461,52.53953500907357,-4,10
52462,52.54850096549498,-4,10
52463,52.55746689991097,-4,10
52464,52.65777227884818,-4,10
52465,52.611189576408826,-4,10
52466,52.7384936747618,-4,10
52467,52.76540043431594,-4,10
52468,52.56643281231669,-4,10
52469,52.494557200363424,-4,10
52470,52.5035290395838,-4,10
52471,52.53044443931592,-4,10
52472,52.539416199906384,-4,10
52473,52.548387940831496,-4,10
52474,52.55735966208801,-4,10
52475,52.56633136367277,-4,10
52476,52.5753030455826,-4,10
52477,52.58427470781431,-4,10
52478,52.59324635036472,-4,10
52479,52.75643153516886,-4,10
52480,52.7547325471166,-4,10
52481,52.76370381511259,-4,10
52482,52.77267506336289,-4,10
52483,52.75596026459428,-4,10
52484,52.764931929212906,-4,10
52485,52.77390357424807,-4,10
52486,52.78287519969664,-4,10
52487,52.61646838963807,-4,10
52488,52.62543584860288,-4,10
52489,52.63440328620527,-4,10
52490,52.64337070244083,-4,10
52491,52.52389114999677,-4,10
52492,52.53286370986694,-4,10
52493,52.55822629389887,-4,10
52494,52.56719536262136,-4,10
52495,52.49207538945488,-4,10
52496,52.6030714300812,-4,10
52497,52.63218080702425,-4,10
52498,52.61424151917325,-4,10
52499,52.587332433878,-4,10
52500,52.56939294137927,-4,10
52501,52.5853678365066,-4,10
52502,52.52262438429853,-4,10
52503,52.51366094181352,-4,10
52504,52.54183625039102,-4,10
52505,52.65233809730515,-4,10
52506,52.66130547079376,-4,10
52507,52.50469747630309,-4,10
52508,52.4957339877728,-4,10
52509,52.64115042023467,-4,10
52510,52.48310433000205,-4,10
52511,52.47413325057937,-4,10
52512,52.46516215119024,-4,10
52513,52.748784180099165,-4,10
52514,52.73981481292013,-4,10
52515,52.73084542521754,-4,10
52516,52.72187601699523,-4,10
52517,52.712906588257,-4,10
52518,52.70393713900666,-4,10
52519,52.69496766924804,-4,10
52520,52.6859981789849,-4,10
52521,52.67702866822108,-4,10
52522,52.65012001296336,-4,10
52523,52.56266318748644,-4,10
52524,52.52269012090159,-4,10
52525,52.53166229360088,-4,10
52526,52.58549492012495,-4,10
52527,52.59446695623844,-4,10
52528,52.67521440228602,-4,10
52529,52.71110164785864,-4,10
52530,52.72007341034772,-4,10
52531,52.79006400080049,-4,10
52532,52.781095888127766,-4,10
52533,52.571630774532856,-4,10
52534,52.77212775444143,-4,10
52535,52.76315959974567,-4,10
52536,52.75419142404463,-4,10
52537,52.729045153268935,-4,10
52538,52.44721989252612,-4,10
52539,52.45619103183803,-4,10
52540,52.69717475090239,-4,10
52541,52.7801860882216,-4,10
52542,52.68347136206595,-4,10
52543,52.76270591328195,-4,10
52544,52.58468327505366,-4,10
52545,52.59365504937949,-4,10
52546,52.6474852829742,-4,10
52547,52.656456919817096,-4,10
52548,52.69234327062614,-4,10
52549,52.70131480917187,-4,10
52550,52.71028632804861,-4,10
52551,52.71925782725318,-4,10
52552,52.72822930678237,-4,10
52553,52.58339512928126,-4,10
52554,52.57442957324647,-4,10
52555,52.56546399506498,-4,10
52556,52.55649839474172,-4,10
52557,52.74617220680193,-4,10
52558,52.75514362728586,-4,10
52559,52.764115028081655,-4,10
52560,52.77308640918607,-4,10
52561,52.704373277387184,-4,10
52562,52.63086477481369,-4,10
52563,52.62189556549576,-4,10
52564,52.69540366688964,-4,10
52565,52.61925713185302,-4,10
52566,52.59236066316429,-4,10
52567,52.54106173195574,-4,10
52568,52.53209817116362,-4,10
52569,52.52313458740127,-4,10
52570,52.64158557464603,-4,10
52571,52.65055530777006,-4,10
52572,52.65952502046572,-4,10
52573,52.78205777059593,-4,10
52574,52.68643403594496,-4,10
52575,52.63894716546216,-4,10
52576,52.69098007242952,-4,10
52577,52.64791604739019,-4,10
52578,52.66585374891767,-4,10
52579,52.755541008941,-4,10
52580,52.76450962048288,-4,10
52581,52.58601852179603,-4,10
52582,52.61292633553115,-4,10
52583,52.62100933929746,-4,10
52584,52.70891058555385,-4,10
52585,52.71787580878527,-4,10
52586,52.57571148110004,-4,10
52587,52.49496445278565,-4,10
52588,52.77347821119758,-4,10
52589,52.78244678108115,-4,10
52590,52.79141533012949,-4,10
52591,52.80038385833854,-4,10
52592,52.54753277228174,-4,10
52593,52.53856712768999,-4,10
52594,52.529601460971456,-4,10
52595,52.50393642324801,-4,10
52596,52.5206357721311,-4,10
52597,52.502704328104926,-4,10
52598,52.70743608590933,-4,10
52599,52.66261201252833,-4,10
52600,52.60882238565628,-4,10
52601,52.59985736955757,-4,10
52602,52.5819272703037,-4,10
52603,52.57296218715881,-4,10
52604,52.56399708167547,-4,10
52605,52.51167006117396,-4,10
52606,52.739376272199294,-4,10
52607,52.51290837411079,-4,10
52608,52.53085221702525,-4,10
52609,52.56673966752178,-4,10
52610,52.53342798530279,-4,10
52611,52.54239488481961,-4,10
52612,52.551361762709135,-4,10
52613,52.56032861896673,-4,10
52614,52.5692954535878,-4,10
52615,52.57826226656767,-4,10
52616,52.58722905790179,-4,10
52617,52.521880305370935,-4,10
52618,52.59619582758546,-4,10
52619,52.62309600668757,-4,10
52620,52.63206268972314,-4,10
52621,52.64102935108509,-4,10
52622,52.64999599076871,-4,10
52623,52.65896260876937,-4,10
52624,52.66792920508241,-4,10
52625,52.68586233262689,-4,10
52626,52.53982410907061,-4,10
52627,52.60516257561408,-4,10
52628,52.55503195385884,-4,10
52629,52.71246847204148,-4,10
52630,52.64968288524312,-4,10
52631,52.7294503174582,-4,10
52632,52.72047844372808,-4,10
52633,52.71150655048348,-4,10
52634,52.5617193631577,-4,10
52635,52.579659732512,-4,10
52636,52.58862988676255,-4,10
52637,52.633480353603886,-4,10
52638,52.64245038606437,-4,10
52639,52.65142039821373,-4,10
52640,52.73214959295328,-4,10
52641,52.70253463772749,-4,10
52642,52.5410368751601,-4,10
52643,52.5320645922681,-4,10
52644,52.52309228992558,-4,10
52645,52.51411996813558,-4,10
52646,52.50514762690112,-4,10
52647,52.673049470456895,-4,10
52648,52.79993511196453,-4,10
52649,52.79096672868158,-4,10
52650,52.73715599025758,-4,10
52651,52.72818746077069,-4,10
52652,52.55778143985281,-4,10
52653,52.56675036517613,-4,10
52654,52.78328114986296,-4,10
52655,52.77430939328428,-4,10
52656,52.76533761717263,-4,10
52657,52.7563658215311,-4,10
52658,52.74739400636281,-4,10
52659,52.61159467975403,-4,10
52660,52.66408413616509,-4,10
52661,52.62056348023373,-4,10
52662,52.63850101872515,-4,10
52663,52.64746975672876,-4,10
52664,52.65643847389894,-4,10
52665,52.66540717023161,-4,10
52666,52.67437584572279,-4,10
52667,52.68334450036839,-4,10
52668,52.71025033919111,-4,10
52669,52.71921891041384,-4,10
52670,52.62953225989213,-4,10
52671,52.65511877967638,-4,10
52672,52.47065908350719,-4,10
52673,52.47962613428631,-4,10
52674,52.474551174974735,-4,10
52675,52.46557994099632,-4,10
52676,52.45660868710926,-4,10
52677,52.44763741331688,-4,10
52678,52.63718800012835,-4,10
52679,52.62822257707906,-4,10
52680,52.632615821097374,-4,10
52681,52.62364604712782,-4,10
52682,52.492493583192186,-4,10
52683,52.59673660273109,-4,10
52684,52.569826974680495,-4,10
52685,52.542048109561655,-4,10
52686,52.551017787027135,-4,10
52687,52.60483542116537,-4,10
52688,52.61380495504385,-4,10
52689,52.622774468394674,-4,10
52690,52.63174396121404,-4,10
52691,52.64071343349812,-4,10
52692,52.58776674711525,-4,10
52693,52.70349916417749,-4,10
52694,52.56426241904416,-4,10
52695,52.65397166854316,-4,10
52696,52.48859316347029,-4,10
52697,52.49756017105456,-4,10
52698,52.50652715703456,-4,10
52699,52.57704920928355,-4,10
52700,52.55014114799814,-4,10
52701,52.54117175299994,-4,10
52702,52.51549412140565,-4,10
52703,52.52446106416326,-4,10
52704,52.64500083344552,-4,10
52705,52.79750231054319,-4,10
52706,52.77956126048858,-4,10
52707,52.75264953520728,-4,10
52708,52.74367892007415,-4,10
52709,52.73470828492707,-4,10
52710,52.72573762976951,-4,10
52711,52.70779625943663,-4,10
52712,52.69882554426821,-4,10
52713,52.68985480910301,-4,10
52714,52.78853179553148,-4,10
52715,52.537101631246166,-4,10
52716,52.52813643646037,-4,10
52717,52.519171219361766,-4,10
52718,52.70049240282796,-4,10
52719,52.67357852416789,-4,10
52720,52.6466644676003,-4,10
52721,52.628721664427815,-4,10
52722,52.6197502332131,-4,10
52723,52.53105008113675,-4,10
52724,52.540016214534575,-4,10
52725,52.54898232599471,-4,10
52726,52.55794841551227,-4,10
52727,52.5669144830824,-4,10
52728,52.57588052870027,-4,10
52729,52.584846552361,-4,10
52730,52.593812554059774,-4,10
52731,52.61174449155188,-4,10
52732,52.62071042733549,-4,10
52733,52.65657395060639,-4,10
52734,52.6655397764338,-4,10
52735,52.70946365616443,-4,10
52736,52.71843488972034,-4,10
52737,52.669807764902494,-4,10
52738,52.54333358414572,-4,10
52739,52.61336656046048,-4,10
52740,52.6043971679239,-4,10
52741,52.59542775480606,-4,10
52742,52.5595498965991,-4,10
52743,52.550580380632645,-4,10
52744,52.541610844108,-4,10
52745,52.64290609420833,-4,10
52746,52.54308563500861,-4,10
52747,52.755987191832375,-4,10
52748,52.605834486005,-4,10
52749,52.62376252447928,-4,10
52750,52.47159536739381,-4,10
52751,52.65187333921122,-4,10
52752,52.660840562777445,-4,10
52753,52.49849735981489,-4,10
52754,52.5164319140254,-4,10
52755,52.52539915889608,-4,10
52756,52.53436638227103,-4,10
52757,52.61479851661981,-4,10
52758,52.69243712186086,-4,10
52759,52.5646798643491,-4,10
52760,52.64541949215439,-4,10
52761,52.55694966194701,-4,10
52762,52.65315291975608,-4,10
52763,52.66211764224236,-4,10
52764,52.67108234227372,-4,10
52765,52.76133381680995,-4,10
52766,52.72546334414452,-4,10
52767,52.716495672895455,-4,10
52768,52.68959253181927,-4,10
52769,52.56592123132985,-4,10
52770,52.68062477569861,-4,10
52771,52.6537213801113,-4,10
52772,52.64475353918812,-4,10
52773,52.680047019845,-4,10
52774,52.54797807283879,-4,10
52775,52.503119831529325,-4,10
52776,52.79857781954424,-4,10
52777,52.78064190856022,-4,10
52778,52.77167392145575,-4,10
52779,52.67165699837085,-4,10
52780,52.62233593241196,-4,10
52781,52.57489278098408,-4,10
52782,52.61077878225035,-4,10
52783,52.65439046234905,-4,10
52784,52.67233234296112,-4,10
52785,52.68130325337178,-4,10
52786,52.69027414384766,-4,10
52787,52.69924501438542,-4,10
52788,52.70821586498163,-4,10
52789,52.72615750633588,-4,10
52790,52.73512829708716,-4,10
52791,52.583864310906485,-4,10
52792,52.74409906788331,-4,10
52793,52.7620405495967,-4,10
52794,52.771011260507095,-4,10
52795,52.77998195144877,-4,10
52796,52.599364113578304,-4,10
52797,52.608328970684255,-4,10
52798,52.78895262241831,-4,10
52799,52.79792327341228,-4,10
52800,52.70140285963513,-4,10
52801,52.75306981872095,-4,10
52802,52.64027461454417,-4,10
52803,52.64924392471716,-4,10
52804,52.6582132142896,-4,10
52805,52.48477279565109,-4,10
52806,52.47580699627622,-4,10
52807,52.64118544319709,-4,10
52808,52.63983396348099,-4,10
52809,52.64880313149379,-4,10
52810,52.63222164363198,-4,10
52811,52.62325782123452,-4,10
52812,52.61429397601021,-4,10
52813,52.49373857292896,-4,10
52814,52.60533010796456,-4,10
52815,52.56219992526979,-4,10
52816,52.57116736300164,-4,10
52817,52.60703689991953,-4,10
52818,52.62497153991043,-4,10
52819,52.69339932030964,-4,10
52820,52.6844332501795,-4,10
52821,52.67546715815999,-4,10
52822,52.66650104425589,-4,10
52823,52.5263299604663,-4,10
52824,52.64856875081319,-4,10
52825,52.73128198615943,-4,10
52826,52.71334286743384,-4,10
52827,52.51452018219543,-4,10
52828,52.52349263299008,-4,10
52829,52.532465064389584,-4,10
52830,52.5414374763909,-4,10
52831,52.57732693035511,-4,10
52832,52.58629924532095,-4,10
52833,52.72088163819668,-4,10
52834,52.74779759164339,-4,10
52835,52.72231243702585,-4,10
52836,52.756769537188845,-4,10
52837,52.448053113730346,-4,10
52838,52.45702452141942,-4,10
52839,52.47496727724075,-4,10
52840,52.48393862536639,-4,10
52841,52.492909953630935,-4,10
52842,52.50188126203106,-4,10
52843,52.55570869509299,-4,10
52844,52.77121824829028,-4,10
52845,52.7747133698563,-4,10
52846,52.75373788404303,-4,10
52847,52.63960257128419,-4,10
52848,52.62167014663496,-4,10
52849,52.49518532826476,-4,10
52850,52.611743865489615,-4,10
52851,52.504151549365176,-4,10
52852,52.51314908254131,-4,10
52853,52.50418578178858,-4,10
52854,52.49522245794943,-4,10
52855,52.51311774854721,-4,10
52856,52.52208392580599,-4,10
52857,52.48621908525075,-4,10
52858,52.58143433211645,-4,10
52859,52.73637729747741,-4,10
52860,52.63393882777324,-4,10
52861,52.67905214495868,-4,10
52862,52.6611234087905,-4,10
52863,52.65215900682584,-4,10
52864,52.56251374615771,-4,10
52865,52.55354909610531,-4,10
52866,52.73893589277686,-4,10
52867,52.763290760676966,-4,10
52868,52.63063636988984,-4,10
52869,52.477252820327976,-4,10
52870,52.545574500338205,-4,10
52871,52.61270390152426,-4,10
52872,52.60373763456261,-4,10
52873,52.59477134575474,-4,10
52874,52.58580503510544,-4,10
52875,52.57683870261949,-4,10
52876,52.56787234830165,-4,10
52877,52.55890597215667,-4,10
52878,52.54993957418933,-4,10
52879,52.77226187548074,-4,10
52880,52.5409731544044,-4,10
52881,52.52304024940068,-4,10
52882,52.49614072838166,-4,10
52883,52.74922102303621,-4,10
52884,52.758190510771904,-4,10
52885,52.61204039506879,-4,10
52886,52.78123297048099,-4,10
52887,52.51867939141992,-4,10
52888,52.527644450104674,-4,10
52889,52.53200671280657,-4,10
52890,52.65732951022967,-4,10
52891,52.53087453913948,-4,10
52892,52.480095337110185,-4,10
52893,52.706526418802255,-4,10
52894,52.73343721381246,-4,10
52895,52.7424074384644,-4,10
52896,52.691467588981645,-4,10
52897,52.68250214187366,-4,10
52898,52.67353667262267,-4,10
52899,52.66457118123364,-4,10
52900,52.65560566771158,-4,10
52901,52.72403973870671,-4,10
52902,52.73300984557902,-4,10
52903,52.71738598516063,-4,10
52904,52.69945583242294,-4,10
52905,52.61876904276,-4,10
52906,52.59187304578074,-4,10
52907,52.58290766900661,-4,10
52908,52.57394227001701,-4,10
52909,52.56497684881703,-4,10
52910,52.55601140541168,-4,10
52911,52.54704593980601,-4,10
52912,52.53808045200503,-4,10
52913,52.529114942013805,-4,10
52914,52.52014940983733,-4,10
52915,52.511183855480645,-4,10
52916,52.50221827894874,-4,10
52917,52.49325268024663,-4,10
52918,52.48428705937933,-4,10
52919,52.74197993221689,-4,10
52920,52.70043301394159,-4,10
52921,52.750949998616726,-4,10
52922,52.70939841674849,-4,10
52923,52.67119743975051,-4,10
52924,52.65990524993103,-4,10
52925,52.64197138445471,-4,10
52926,52.62403743275928,-4,10
52927,52.61507042459079,-4,10
52928,52.7060994642732,-4,10
52929,52.71506961160355,-4,10
52930,52.50270879918504,-4,10
52931,52.52962340555521,-4,10
52932,52.53859490147728,-4,10
52933,52.60610339488122,-4,10
52934,52.57920217655148,-4,10
52935,52.57023506072306,-4,10
52936,52.56126792337626,-4,10
52937,52.55230076451564,-4,10
52938,52.5475663776266,-4,10
52939,52.58532670707631,-4,10
52940,52.49123353249532,-4,10
52941,52.67961544228529,-4,10
52942,52.688585787952434,-4,10
52943,52.69755611345927,-4,10
52944,52.56550927059396,-4,10
52945,52.76087277266984,-4,10
52946,52.7250028949395,-4,10
52947,52.716035372272536,-4,10
52948,52.57448068740548,-4,10
52949,52.58345208443121,-4,10
52950,52.68016506879864,-4,10
52951,52.653262117869126,-4,10
52952,52.48226274419287,-4,10
52953,52.6442944250446,-4,10
52954,52.60325899810576,-4,10
52955,52.77076073505789,-4,10
52956,52.70007844376832,-4,10
52957,52.709049563448616,-4,10
52958,52.7180206632938,-4,10
52959,52.76287586487715,-4,10
52960,52.77184684564207,-4,10
52961,52.780817806548605,-4,10
52962,52.78978874759349,-4,10
52963,52.54408665034309,-4,10
52964,52.55305116255943,-4,10
52965,52.5620156521891,-4,10
52966,52.63373075546661,-4,10
52967,52.57731505031009,-4,10
52968,52.54970008923155,-4,10
52969,52.50173040895608,-4,10
52970,52.51069582836792,-4,10
52971,52.51966122554096,-4,10
52972,52.52862660047016,-4,10
52973,52.54655728357678,-4,10
52974,52.55552259174404,-4,10
52975,52.75052051436128,-4,10
52976,52.567638532980254,-4,10
52977,52.58557689400459,-4,10
52978,52.6035151722732,-4,10
52979,52.612484280364285,-4,10
52980,52.62145336775461,-4,10
52981,52.63939148041729,-4,10
52982,52.74385753143509,-4,10
52983,52.59429286354304,-4,10
52984,52.73488975453456,-4,10
52985,52.71695413721991,-4,10
52986,52.61222511075963,-4,10
52987,52.62119120149985,-4,10
52988,52.63015727032155,-4,10
52989,52.63912331721991,-4,10
52990,52.54262831630737,-4,10
52991,52.66602132632655,-4,10
52992,52.6839532226921,-4,10
52993,52.69291913794862,-4,10
52994,52.70188503124782,-4,10
52995,52.63532671096999,-4,10
52996,52.62635897564963,-4,10
52997,52.61739121908785,-4,10
52998,52.60842344128902,-4,10
52999,52.59945564225743,-4,10
53000,52.60482390317771,-4,10
53001,52.61378760806919,-4,10
53002,52.69186428779828,-4,10
53003,52.64067858539587,-4,10
53004,52.58151998051333,-4,10
53005,52.57255211780947,-4,10
53006,52.66419376676221,-4,10
53007,52.67316496574987,-4,10
53008,52.69110730425622,-4,10
53009,52.672114723637314,-4,10
53010,52.68108264865624,-4,10
53011,52.69005055252822,-4,10
53012,52.69901843524902,-4,10
53013,52.725921956461406,-4,10
53014,52.64836050568176,-4,10
53015,52.47329193581088,-4,10
53016,52.45535025882214,-4,10
53017,52.56079918392845,-4,10
53018,52.551832176076914,-4,10
53019,52.54286514665489,-4,10
53020,52.53389809566692,-4,10
53021,52.52493102311759,-4,10
53022,52.51596392901151,-4,10
53023,52.50699681335314,-4,10
53024,52.75464312493595,-4,10
53025,52.76361144650825,-4,10
53026,52.78154802681173,-4,10
53027,52.79051628553469,-4,10
53028,52.6863350263791,-4,10
53029,52.463897853527655,-4,10
53030,52.47286854564405,-4,10
53031,52.48183921762922,-4,10
53032,52.54223319706239,-4,10
53033,52.69624189960646,-4,10
53034,52.66037382245148,-4,10
53035,52.65140674939534,-4,10
53036,52.6424396548413,-4,10
53037,52.63347253879388,-4,10
53038,52.615538242237,-4,10
53039,52.6065710617366,-4,10
53040,52.57966939140152,-4,10
53041,52.5707021250269,-4,10
53042,52.56173483719496,-4,10
53043,52.55276752791021,-4,10
53044,52.569766170204936,-4,10
53045,52.53483284500013,-4,10
53046,52.57873313490177,-4,10
53047,52.60563389946853,-4,10
53048,52.68289579880916,-4,10
53049,52.67392728891144,-4,10
53050,52.6649587581092,-4,10
53051,52.70980120303423,-4,10
53052,52.727738034586494,-4,10
53053,52.53125816848682,-4,10
53054,52.5402301914008,-4,10
53055,52.58509001252393,-4,10
53056,52.59406191803748,-4,10
53057,52.6478929398796,-4,10
53058,52.6748081862921,-4,10
53059,52.69275158587688,-4,10
53060,52.70172325625277,-4,10
53061,52.71069490701349,-4,10
53062,52.71966653815585,-4,10
53063,52.72863814967673,-4,10
53064,52.75555286647889,-4,10
53065,52.76452439948225,-4,10
53066,52.773495912848304,-4,10
53067,52.73670641897097,-4,10
53068,52.50367226757015,-4,10
53069,52.6684015939793,-4,10
53070,52.65943484533166,-4,10
53071,52.65046807505836,-4,10
53072,52.64150128316402,-4,10
53073,52.63253446965325,-4,10
53074,52.61460077780089,-4,10
53075,52.596666999538144,-4,10
53076,52.46432110735282,-4,10
53077,52.5258654713838,-4,10
53078,52.65599020640654,-4,10
53079,52.53295605129404,-4,10
53080,52.541922798755415,-4,10
53081,52.55088952452787,-4,10
53082,52.559856228606726,-4,10
53083,52.56882291098734,-4,10
53084,52.540495596350766,-4,10
53085,52.57778957166504,-4,10
53086,52.586756210635166,-4,10
53087,52.59572282789299,-4,10
53088,52.604689423433896,-4,10
53089,52.613655997253154,-4,10
53090,52.62262254934609,-4,10
53091,52.66314677747571,-4,10
53092,52.65417881017575,-4,10
53093,52.64521082174165,-4,10
53094,52.63624281217767,-4,10
53095,52.62727478148809,-4,10
53096,52.61830672967714,-4,10
53097,52.60933865674909,-4,10
53098,52.60037056270816,-4,10
53099,52.59140244755861,-4,10
53100,52.555529775958746,-4,10
53101,52.5465615553295,-4,10
53102,52.54946186226544,-4,10
53103,52.5584281063001,-4,10
53104,52.567394328450014,-4,10
53105,52.57636052871035,-4,10
53106,52.749656026464,-4,10
53107,52.51689807633256,-4,10
53108,52.73171670877386,-4,10
53109,52.65098876955584,-4,10
53110,52.64702163380754,-4,10
53111,52.629084425936846,-4,10
53112,52.62011579067331,-4,10
53113,52.61114713452975,-4,10
53114,52.55733475941563,-4,10
53115,52.54836595722568,-4,10
53116,52.49802967614712,-4,10
53117,52.489062517397954,-4,10
53118,52.4711281352884,-4,10
53119,52.49080986947963,-4,10
53120,52.69670924258576,-4,10
53121,52.4956639387456,-4,10
53122,52.52256299890071,-4,10
53123,52.53152930856092,-4,10
53124,52.488121988816125,-4,10
53125,52.49708884465237,-4,10
53126,52.50605567882292,-4,10
53127,52.51502249132314,-4,10
53128,52.5239892821484,-4,10
53129,52.57025918024814,-4,10
53130,52.57922921601784,-4,10
53131,52.62407908966342,-4,10
53132,52.6330490033262,-4,10
53133,52.6420188966249,-4,10
53134,52.49373722420446,-4,10
53135,52.68815910894516,-4,10
53136,52.69712929671919,-4,10
53137,52.704807579211234,-4,10
53138,52.78937160647361,-4,10
53139,52.62275129007308,-4,10
53140,52.762459127815966,-4,10
53141,52.57491505084966,-4,10
53142,52.56594931627127,-4,10
53143,52.55698355961455,-4,10
53144,52.54801778088443,-4,10
53145,52.53905198008584,-4,10
53146,52.530086157223714,-4,10
53147,52.52112031230299,-4,10
53148,52.58388076334474,-4,10
53149,52.5121544453286,-4,10
53150,52.49422264523846,-4,10
53151,52.44680055146037,-4,10
53152,52.45577155570806,-4,10
53153,52.780400800170064,-4,10
53154,52.46474253994146,-4,10
53155,52.47371350415711,-4,10
53156,52.482684448351634,-4,10
53157,52.50318855630544,-4,10
53158,52.48525671213255,-4,10
53159,52.592846453751584,-4,10
53160,52.646640132061535,-4,10
53161,52.46347277856966,-4,10
53162,52.51126736482111,-4,10
53163,52.50229594265184,-4,10
53164,52.484353038875696,-4,10
53165,52.45743853466662,-4,10
53166,52.61318086372792,-4,10
53167,52.62214726262288,-4,10
53168,52.61974339239302,-4,10
53169,52.63111363972453,-4,10
53170,52.64904632852906,-4,10
53171,52.675945198167504,-4,10
53172,52.651659305045705,-4,10
53173,52.69387766882538,-4,10
53174,52.66062354586976,-4,10
53175,52.66958776404297,-4,10
53176,52.44846699366472,-4,10
53177,52.64007999502819,-4,10
53178,52.47244333376041,-4,10
53179,52.47629075699262,-4,10
53180,52.55598376085783,-4,10
53181,52.51454903887967,-4,10
53182,52.49661569705606,-4,10
53183,52.71592195867283,-4,10
53184,52.72489236098817,-4,10
53185,52.73386274318508,-4,10
53186,52.74283310525999,-4,10
53187,52.751803447209376,-4,10
53188,52.52351567718878,-4,10
53189,52.64566627259243,-4,10
53190,52.67257061543688,-4,10
53191,52.681538687558486,-4,10
53192,52.690506738593065,-4,10
53193,52.699474768536426,-4,10
53194,52.73534667731289,-4,10
53195,52.74431460173653,-4,10
53196,52.75328250504349,-4,10
53197,52.65463440794965,-4,10
53198,52.54701539396039,-4,10
53199,52.53248229375654,-4,10
53200,52.541448888578216,-4,10
53201,52.56495210672709,-4,10
53202,52.573920431564,-4,10
53203,52.50062627666347,-4,10
53204,52.68004014829701,-4,10
53205,52.56834854251977,-4,10
53206,52.55938201296453,-4,10
53207,52.58288873536439,-4,10
53208,52.6366981161651,-4,10
53209,52.59185701812408,-4,10
53210,52.61876174011695,-4,10
53211,52.62772993867187,-4,10
53212,52.50315693377363,-4,10
53213,52.51211990326481,-4,10
53214,52.68901063105108,-4,10
53215,52.69798109370077,-4,10
53216,52.55041546164912,-4,10
53217,52.60082527983887,-4,10
53218,52.56214777481589,-4,10
53219,52.70083275587466,-4,10
53220,52.58008842047367,-4,10
53221,52.61892288419117,-4,10
53222,52.69069164226647,-4,10
53223,52.64583631748494,-4,10
53224,52.60421444304444,-4,10
53225,52.70863363302006,-4,10
53226,52.72657554421406,-4,10
53227,52.59524800057714,-4,10
53228,52.58628153633079,-4,10
53229,52.53818151241428,-4,10
53230,52.73554646996784,-4,10
53231,52.6278940484834,-4,10
53232,52.636865192915785,-4,10
53233,52.57111810775772,-4,10
53234,52.68172061706321,-4,10
53235,52.67274957198008,-4,10
53236,52.65480742218762,-4,10
53237,52.72361067026683,-4,10
53238,52.64288004285804,-4,10
53239,52.633909871824095,-4,10
53240,52.589058712960096,-4,10
53241,52.72975220888488,-4,10
53242,52.71185485170551,-4,10
53243,52.72646356958487,-4,10
53244,52.48463346172935,-4,10
53245,52.49358756310121,-4,10
53246,52.48239259919434,-4,10
53247,52.720803544764,-4,10
53248,52.71751596439658,-4,10
53249,52.71620666975476,-4,10
53250,52.6911800123425,-4,10
53251,52.70908734332988,-4,10
53252,52.7443586918174,-4,10
53253,52.7092292840616,-4,10
53254,52.718177131480736,-4,10
53255,52.46672517860475,-4,10
53256,52.47567933356108,-4,10
53257,52.60622720980133,-4,10
53258,52.59728338911288,-4,10
53259,52.71804096843493,-4,10
53260,52.588339537508446,-4,10
53261,52.727124949618734,-4,10
53262,52.7269945666028,-4,10
53263,52.73541114539525,-4,10
53264,52.725159676763525,-4,10
53265,52.75201853463813,-4,10
53266,52.73411265658616,-4,10
53267,52.70028140737158,-4,10
53268,52.691333501420864,-4,10
53269,52.68238556621972,-4,10
53270,52.64285394934407,-4,10
53271,52.633904163009824,-4,10
53272,52.69057099673156,-4,10
53273,52.6995244794554,-4,10
53274,52.70847793517941,-4,10
53275,52.717431363895,-4,10
53276,52.726384765593565,-4,10
53277,52.73533814026654,-4,10
53278,52.74429148790536,-4,10
53279,52.75324480850133,-4,10
53280,52.76219810204592,-4,10
53281,52.77115136853047,-4,10
53282,52.65180370716784,-4,10
53283,52.47275668391877,-4,10
53284,52.82240417613436,-4,10
53285,52.81345186746055,-4,10
53286,52.74306560921394,-4,10
53287,52.736072738465325,-4,10
53288,52.76097143285003,-4,10
53289,52.76992430384091,-4,10
53290,52.77887714760197,-4,10
53291,52.78782996412448,-4,10
53292,52.79678275339968,-4,10
53293,52.50254163766827,-4,10
53294,52.80573551541878,-4,10
53295,52.56277611780676,-4,10
53296,52.57172919135683,-4,10
53297,52.580682237708245,-4,10
53298,52.58963525685229,-4,10
53299,52.72392727319215,-4,10
53300,52.75078493902522,-4,10
53301,52.75973743956646,-4,10
53302,52.51149568542211,-4,10
53303,52.74502049801025,-4,10
53304,52.57045174159731,-4,10
53305,52.73594813782502,-4,10
53306,52.47481591644169,-4,10
53307,52.76489165708048,-4,10
53308,52.75594331977616,-4,10
53309,52.746994953408375,-4,10
53310,52.73804655798718,-4,10
53311,52.72909813352269,-4,10
53312,52.72014968002494,-4,10
53313,52.711201197504025,-4,10
53314,52.70225268597,-4,10
53315,52.69330414543288,-4,10
53316,52.6843555759027,-4,10
53317,52.67540697738953,-4,10
53318,52.50784348372854,-4,10
53319,52.66645834990332,-4,10
53320,52.51678761306469,-4,10
53321,52.81354127575766,-4,10
53322,52.80459182431011,-4,10
53323,52.75089451534534,-4,10
53324,52.759844138252575,-4,10
53325,52.560370924428895,-4,10
53326,52.55142150376099,-4,10
53327,52.54247205442776,-4,10
53328,52.53352257643904,-4,10
53329,52.46587075045048,-4,10
53330,52.52457306980449,-4,10
53331,52.50667397063699,-4,10
53332,52.76879373260755,-4,10
53333,52.77774329840052,-4,10
53334,52.54898201208881,-4,10
53335,52.78669283562177,-4,10
53336,52.79564234426154,-4,10
53337,52.51562353453391,-4,10
53338,52.753855199398274,-4,10
53339,52.45692555406809,-4,10
53340,52.44798032730551,-4,10
53341,52.491150551295306,-4,10
53342,52.50010384212256,-4,10
53343,52.56400139953472,-4,10
53344,52.57295486738192,-4,10
53345,52.69830057421368,-4,10
53346,52.70725363556857,-4,10
53347,52.40325373817336,-4,10
53348,52.509057105820446,-4,10
53349,52.52696355179353,-4,10
53350,52.54486988914539,-4,10
53351,52.55382301706672,-4,10
53352,52.56150779731338,-4,10
53353,52.579395654999466,-4,10
53354,52.74490168209303,-4,10
53355,52.51801034238032,-4,10
53356,52.75396822824327,-4,10
53357,52.41219911667249,-4,10
53358,52.43008978268359,-4,10
53359,52.43903507017368,-4,10
53360,52.76280868973219,-4,10
53361,52.77176215308625,-4,10
53362,52.753306208840975,-4,10
53363,52.49889932359002,-4,10
53364,52.48995513266042,-4,10
53365,52.4211444648462,-4,10
53366,52.48101091095101,-4,10
53367,52.46312237523793,-4,10
53368,52.45417806125677,-4,10
53369,52.4452337165409,-4,10
53370,52.54361981614564,-4,10
53371,52.55256382215903,-4,10
53372,52.48219723334727,-4,10
53373,52.47206665847309,-4,10
53374,52.70290612971935,-4,10
53375,52.685008599003964,-4,10
53376,52.69395737881551,-4,10
53377,52.556209004398326,-4,10
53378,52.5651657814992,-4,10
53379,52.49419228171261,-4,10
53380,52.61087958483067,-4,10
53381,52.55972265189549,-4,10
53382,52.5507734396587,-4,10
53383,52.54182419867249,-4,10
53384,52.47280314467103,-4,10
53385,52.672777498147134,-4,10
53386,52.66382971690768,-4,10
53387,52.65488190636226,-4,10
53388,52.64593406652119,-4,10
53389,52.63698619739471,-4,10
53390,52.62803829899302,-4,10
53391,52.503146550769806,-4,10
53392,52.619830687667445,-4,10
53393,52.61954961260833,-4,10
53394,52.56867183537306,-4,10
53395,52.62878176252112,-4,10
53396,52.64026426667904,-4,10
53397,52.68248762347759,-4,10
53398,52.67353671671774,-4,10
53399,52.49707756284341,-4,10
53400,52.50602694742966,-4,10
53401,52.51497630331546,-4,10
53402,52.52392563049106,-4,10
53403,52.66458578191898,-4,10
53404,52.65563481909063,-4,10
53405,52.646683828242,-4,10
53406,52.51755435059424,-4,10
53407,52.50860416612356,-4,10
53408,52.53829537311034,-4,10
53409,52.54725220159949,-4,10
53410,52.63773280938239,-4,10
53411,52.577620990081535,-4,10
53412,52.64921319087984,-4,10
53413,52.68222630647716,-4,10
53414,52.81611020442252,-4,10
53415,52.53609502501972,-4,10
53416,52.52714469144027,-4,10
53417,52.51819432955829,-4,10
53418,52.59224641283844,-4,10
53419,52.58329836821382,-4,10
53420,52.49134307419178,-4,10
53421,52.4817534425506,-4,10
53422,52.49070371209223,-4,10
53423,52.547505897676544,-4,10
53424,52.53855770708327,-4,10
53425,52.52960948732669,-4,10
53426,52.50276465317806,-4,10
53427,52.49381631686924,-4,10
53428,52.4759195569231,-4,10
53429,52.44907419883362,-4,10
53430,52.545045330287095,-4,10
53431,52.80715992492215,-4,10
53432,52.55399560723294,-4,10
53433,52.61664675205043,-4,10
53434,52.61909037132632,-4,10
53435,52.71509573838789,-4,10
53436,52.61014241440488,-4,10
53437,52.85191103959769,-4,10
53438,52.86086117763717,-4,10
53439,52.601194428238834,-4,10
53440,52.70614597286488,-4,10
53441,52.697196178847776,-4,10
53442,52.68824635634621,-4,10
53443,52.67929650536989,-4,10
53444,52.67034662592839,-4,10
53445,52.66139671803138,-4,10
53446,52.652446781688525,-4,10
53447,52.643496816909376,-4,10
53448,52.63454682370359,-4,10
53449,52.60769667362223,-4,10
53450,52.708568329840695,-4,10
53451,52.69143850218921,-4,10
53452,52.70934017543034,-4,10
53453,52.59806759460192,-4,10
53454,52.58911186190047,-4,10
53455,52.58015610308948,-4,10
53456,52.77449509507412,-4,10
53457,52.861499856069166,-4,10
53458,52.85254951205875,-4,10
53459,52.7655465757917,-4,10
53460,52.75659802752152,-4,10
53461,52.699620665927526,-4,10
53462,52.69067297266735,-4,10
53463,52.68172525007047,-4,10
53464,52.84359913982113,-4,10
53465,52.8346487393658,-4,10
53466,52.82569831070224,-4,10
53467,52.81674785383996,-4,10
53468,52.60702330118597,-4,10
53469,52.80779736878843,-4,10
53470,52.667110952697605,-4,10
53471,52.723445106484405,-4,10
53472,52.46381217913449,-4,10
53473,52.553354804620994,-4,10
53474,52.5444047337118,-4,10
53475,52.45486764369324,-4,10
53476,52.445923077606245,-4,10
53477,52.43697848088465,-4,10
53478,52.673437601778296,-4,10
53479,52.66448960810686,-4,10
53480,52.473442095941664,-4,10
53481,52.741944863895554,-4,10
53482,52.73299518391291,-4,10
53483,52.72404547540714,-4,10
53484,52.655541585215566,-4,10
53485,52.646593533114654,-4,10
53486,52.732400446590674,-4,10
53487,52.67605979029469,-4,10
53488,52.700389352843246,-4,10
53489,52.7988468555571,-4,10
53490,52.73870084405807,-4,10
53491,52.53921463324423,-4,10
53492,52.53026620234021,-4,10
53493,52.512369253337965,-4,10
53494,52.50342073525984,-4,10
53495,52.49447218814374,-4,10
53496,52.48552361199968,-4,10
53497,52.7719951468788,-4,10
53498,52.76304452102272,-4,10
53499,52.73619247469642,-4,10
53500,52.72724173636628,-4,10
53501,52.47657500683766,-4,10
53502,52.4676263726677,-4,10
53503,52.53545463439792,-4,10
53504,52.52650450668887,-4,10
53505,52.71829096994113,-4,10
53506,52.55711140780787,-4,10
53507,52.747649450273634,-4,10
53508,52.58395635139118,-4,10
53509,52.60185283482089,-4,10
53510,52.571200318176885,-4,10
53511,52.65816208622269,-4,10
53512,52.553288670078366,-4,10
53513,52.5443328069082,-4,10
53514,52.53537691766793,-4,10
53515,52.5264210023654,-4,10
53516,52.51746506100849,-4,10
53517,52.508509093605,-4,10
53518,52.49955310016279,-4,10
53519,52.789896314155406,-4,10
53520,52.78094574459284,-4,10
53521,52.63764545181424,-4,10
53522,52.6286973413245,-4,10
53523,52.6197492016556,-4,10
53524,52.6108010328177,-4,10
53525,52.59290460767536,-4,10
53526,52.56224450717056,-4,10
53527,52.626876248545216,-4,10
53528,52.64856100805192,-4,10
53529,52.457445769872486,-4,10
53530,52.46639694177687,-4,10
53531,52.56357909587941,-4,10
53532,52.53241302073474,-4,10
53533,52.460772585351,-4,10
53534,52.53536735807245,-4,10
53535,52.52642306820084,-4,10
53536,52.554634455122894,-4,10
53537,52.5456897837757,-4,10
53538,52.536745081849006,-4,10
53539,52.52780034935391,-4,10
53540,52.58903245122413,-4,10
53541,52.47534808569137,-4,10
53542,52.431451378258224,-4,10
53543,52.44039710298136,-4,10
53544,52.44934279752192,-4,10
53545,52.58275962607952,-4,10
53546,52.591710405280686,-4,10
53547,52.60961187931305,-4,10
53548,52.61856257412553,-4,10
53549,52.62751324078966,-4,10
53550,52.57252370603408,-4,10
53551,52.54136795622932,-4,10
53552,52.5861422367049,-4,10
53553,52.595097013343405,-4,10
53554,52.703557748641984,-4,10
53555,52.71250668049882,-4,10
53556,52.72145558351324,-4,10
53557,52.73040445767533,-4,10
53558,52.7393533029751,-4,10
53559,52.70255226329681,-4,10
53560,52.40461402310154,-4,10
53561,52.41355983830749,-4,10
53562,52.69359780525611,-4,10
53563,52.422505623363314,-4,10
53564,52.63646387929608,-4,10
53565,52.74830211940263,-4,10
53566,52.766199665601214,-4,10
53567,52.684643320620246,-4,10
53568,52.62196118419843,-4,10
53569,52.61300648709837,-4,10
53570,52.77514839535229,-4,10
53571,52.59935735277515,-4,10
53572,52.59041283449314,-4,10
53573,52.58146828557571,-4,10
53574,52.78409709619127,-4,10
53575,52.79304576810812,-4,10
53576,52.757250906948,-4,10
53577,52.69460878795265,-4,10
53578,52.64541448963533,-4,10
53579,52.75462841997496,-4,10
53580,52.503016330322914,-4,10
53581,52.51196181328116,-4,10
53582,52.52090726596981,-4,10
53583,52.529852688377886,-4,10
53584,52.77967025824295,-4,10
53585,52.78862041662124,-4,10
53586,52.79757054667112,-4,10
53587,52.80652064838299,-4,10
53588,52.81547072174728,-4,10
53589,52.59797652563094,-4,10
53590,52.6069205692118,-4,10
53591,52.61586458195532,-4,10
53592,52.518855586301605,-4,10
53593,52.50991079270319,-4,10
53594,52.50096596856977,-4,10
53595,52.492021113912486,-4,10
53596,52.483076228742405,-4,10
53597,52.4964289360468,-4,10
53598,52.514327259427816,-4,10
53599,52.52327637793177,-4,10
53600,52.47413131307062,-4,10
53601,52.49407081710596,-4,10
53602,52.485125273641216,-4,10
53603,52.476179699939536,-4,10
53604,52.46723409601185,-4,10
53605,52.74568047711471,-4,10
53606,52.73673250502893,-4,10
53607,52.727784503727854,-4,10
53608,52.71883647322165,-4,10
53609,52.70988841352053,-4,10
53610,52.700940324634665,-4,10
53611,52.691992206574206,-4,10
53612,52.68304405934933,-4,10
53613,52.67409588297019,-4,10
53614,52.66514767744692,-4,10
53615,52.65436507179804,-4,10
53616,52.65619944278964,-4,10
53617,52.66331562577477,-4,10
53618,52.67226615155608,-4,10
53619,52.68121664913253,-4,10
53620,52.69016711849466,-4,10
53621,52.69911755963302,-4,10
53622,52.74386934163645,-4,10
53623,52.75281961323297,-4,10
53624,52.76176985653926,-4,10
53625,52.77072007154577,-4,10
53626,52.45828846186902,-4,10
53627,52.64725117900849,-4,10
53628,52.68565979844071,-4,10
53629,52.676710780116096,-4,10
53630,52.66776173298867,-4,10
53631,52.50472746489516,-4,10
53632,52.49577849789202,-4,10
53633,52.48682950203,-4,10
53634,52.57178840165879,-4,10
53635,52.58074437588726,-4,10
53636,52.58970032409076,-4,10
53637,52.59865624626143,-4,10
53638,52.53713344506226,-4,10
53639,52.54608989959223,-4,10
53640,52.73299194952964,-4,10
53641,52.55504632828063,-4,10
53642,52.56400273111978,-4,10
53643,52.57295910810195,-4,10
53644,52.55942018384683,-4,10
53645,52.49681639992208,-4,10
53646,52.48787287788525,-4,10
53647,52.47892932479963,-4,10
53648,52.46998574067664,-4,10
53649,52.64477708721225,-4,10
53650,52.65372746416095,-4,10
53651,52.66267781284047,-4,10
53652,52.51367640302958,-4,10
53653,52.522625312285335,-4,10
53654,52.531574192652535,-4,10
53655,52.54052304412126,-4,10
53656,52.63582668200385,-4,10
53657,52.764234909629096,-4,10
53658,52.75528678387336,-4,10
53659,52.74633862896814,-4,10
53660,52.737390444923584,-4,10
53661,52.72844223174984,-4,10
53662,52.71949398945701,-4,10
53663,52.71054571805524,-4,10
53664,52.70159741755469,-4,10
53665,52.6926490879654,-4,10
53666,52.671628133241335,-4,10
53667,52.683700729297485,-4,10
53668,52.66580392476616,-4,10
53669,52.656855478922864,-4,10
53670,52.64790700404127,-4,10
53671,52.63895850013137,-4,10
53672,52.630009967203264,-4,10
53673,52.621061405266936,-4,10
53674,52.603164194409736,-4,10
53675,52.59421554550892,-4,10
53676,52.55842066032356,-4,10
53677,52.54947186668159,-4,10
53678,52.674752341561046,-4,10
53679,52.68057842535401,-4,10
53680,52.73427958344491,-4,10
53681,52.74322967727345,-4,10
53682,52.519468846962894,-4,10
53683,52.49261636305808,-4,10
53684,52.48366547887783,-4,10
53685,52.47471456660714,-4,10
53686,52.46576362625535,-4,10
53687,52.46853214839321,-4,10
53688,52.617246297388085,-4,10
53689,52.60830184041054,-4,10
53690,52.58008834600272,-4,10
53691,52.57114420997798,-4,10
53692,52.47748688438233,-4,10
53693,52.56932031642179,-4,10
53694,52.553255845563946,-4,10
53695,52.54431161719722,-4,10
53696,52.74732415428302,-4,10
53697,52.73836982934241,-4,10
53698,52.729415477765166,-4,10
53699,52.72046109955964,-4,10
53700,52.57826967972983,-4,10
53701,52.64091441888836,-4,10
53702,52.64986355236492,-4,10
53703,52.71150669473407,-4,10
53704,52.5622000431613,-4,10
53705,52.63830288611359,-4,10
53706,52.60285039633505,-4,10
53707,52.52841961868802,-4,10
53708,52.6089752969152,-4,10
53709,52.75507048836966,-4,10
53710,52.74611657939971,-4,10
53711,52.73716264362634,-4,10
53712,52.72820868105804,-4,10
53713,52.71925469170323,-4,10
53714,52.70134663266764,-4,10
53715,52.59107423239784,-4,10
53716,52.69239256300369,-4,10
53717,52.63866758350209,-4,10
53718,52.611804733151736,-4,10
53719,52.62971332674357,-4,10
53720,52.76112977982736,-4,10
53721,52.77007978853353,-4,10
53722,52.58212365783,-4,10
53723,52.537370362276,-4,10
53724,52.77902976884639,-4,10
53725,52.78797972075633,-4,10
53726,52.79692964425372,-4,10
53727,52.80587953932893,-4,10
53728,52.81482940597232,-4,10
53729,52.62075904329068,-4,10
53730,52.75217974273745,-4,10
53731,52.62935456411501,-4,10
53732,52.62040621302287,-4,10
53733,52.61145783284723,-4,10
53734,52.78733719370361,-4,10
53735,52.77838744884606,-4,10
53736,52.50233468593133,-4,10
53737,52.7694376755013,-4,10
53738,52.76048787367901,-4,10
53739,52.75153804338883,-4,10
53740,52.74258818464043,-4,10
53741,52.49338939165985,-4,10
53742,52.48444406705247,-4,10
53743,52.47549871212015,-4,10
53744,52.46655332687382,-4,10
53745,52.45760791132445,-4,10
53746,52.44866246548293,-4,10
53747,52.7144512128274,-4,10
53748,52.705501654848256,-4,10
53749,52.696552068290735,-4,10
53750,52.68760245316458,-4,10
53751,52.67865280947952,-4,10
53752,52.66970313724525,-4,10
53753,52.66075343647145,-4,10
53754,52.43971698936019,-4,10
53755,52.79628691006427,-4,10
53756,52.805236597918345,-4,10
53757,52.81418625725612,-4,10
53758,52.511279949855926,-4,10
53759,52.52503854450696,-4,10
53760,52.533982389455424,-4,10
53761,52.54292620347776,-4,10
53762,52.5518699865626,-4,10
53763,52.56081373869845,-4,10
53764,52.56975745987394,-4,10
53765,52.57870115007759,-4,10
53766,52.58764480929798,-4,10
53767,52.59658843752366,-4,10
53768,52.62756561430141,-4,10
53769,52.430771482967145,-4,10
53770,52.61862074588888,-4,10
53771,52.60073091760373,-4,10
53772,52.59178595775333,-4,10
53773,52.58284096744581,-4,10
53774,52.57389594669225,-4,10
53775,52.56495089550371,-4,10
53776,52.55600581389125,-4,10
53777,52.547060701865874,-4,10
53778,52.53811555943867,-4,10
53779,52.529170386620585,-4,10
53780,52.520225183422674,-4,10
53781,52.60967584698594,-4,10
53782,52.42182594631469,-4,10
53783,52.61792578684585,-4,10
53784,52.474465235789054,-4,10
53785,52.55504790465688,-4,10
53786,52.60004504306317,-4,10
53787,52.59110030370854,-4,10
53788,52.52778306215871,-4,10
53789,52.51883249506651,-4,10
53790,52.58215553380779,-4,10
53791,52.57321073337201,-4,10
53792,52.56426590241232,-4,10
53793,52.5553210409399,-4,10
53794,52.54637614896576,-4,10
53795,52.51923365501054,-4,10
53796,52.53743122650109,-4,10
53797,52.51954129014427,-4,10
53798,52.51059627627429,-4,10
53799,52.501651231958014,-4,10
53800,52.49270615720646,-4,10
53801,52.48376105203069,-4,10
53802,52.50093127626057,-4,10
53803,52.49198062456565,-4,10
53804,52.48302994468862,-4,10
53805,52.47407923663888,-4,10
53806,52.465128500425806,-4,10
53807,52.52848627355687,-4,10
53808,52.51609466864376,-4,10
53809,52.51028002510791,-4,10
53810,52.60898975186048,-4,10
53811,52.483418973558,-4,10
53812,52.49237268437314,-4,10
53813,52.41288037941369,-4,10
53814,52.40393478227504,-4,10
53815,52.73363829744348,-4,10
53816,52.72468838180757,-4,10
53817,52.71573843774235,-4,10
53818,52.706788465257446,-4,10
53819,52.697838464362455,-4,10
53820,52.67993837738065,-4,10
53821,52.501326368225946,-4,10
53822,52.65308803407207,-4,10
53823,52.62623743558999,-4,10
53824,52.61728717943527,-4,10
53825,52.60833689496606,-4,10
53826,52.59938658219191,-4,10
53827,52.59043624112231,-4,10
53828,52.58148587176672,-4,10
53829,52.55463459407907,-4,10
53830,52.536733601031166,-4,10
53831,52.62687907773861,-4,10
53832,52.61793443008936,-4,10
53833,52.63518766342072,-4,10
53834,52.65750969345413,-4,10
53835,52.507150761877234,-4,10
53836,52.48031885627127,-4,10
53837,52.59797208841477,-4,10
53838,52.589019294745,-4,10
53839,52.58006647377898,-4,10
53840,52.57111362552546,-4,10
53841,52.5621607499932,-4,10
53842,52.55320784719096,-4,10
53843,52.544254917127446,-4,10
53844,52.52634897525157,-4,10
53845,52.51739596345664,-4,10
53846,52.508442924435336,-4,10
53847,52.499489858196334,-4,10
53848,52.49053676474834,-4,10
53849,52.48158364410003,-4,10
53850,52.576970483722704,-4,10
53851,52.58591940039019,-4,10
53852,52.62171477822712,-4,10
53853,52.63066355042844,-4,10
53854,52.6396122937067,-4,10
53855,52.51747874759373,-4,10
53856,52.50853439626233,-4,10
53857,52.49959001421791,-4,10
53858,52.62483030555875,-4,10
53859,52.64273564701245,-4,10
53860,52.75016539594279,-4,10
53861,52.75911769677219,-4,10
53862,52.60250942359817,-4,10
53863,52.5935609852858,-4,10
53864,52.465186366908206,-4,10
53865,52.584612517920114,-4,10
53866,52.45624139026624,-4,10
53867,52.57566402151118,-4,10
53868,52.54881835812528,-4,10
53869,52.53986974564364,-4,10
53870,52.53092110416887,-4,10
53871,52.521972433710935,-4,10
53872,52.49064560147169,-4,10
53873,52.50407500588548,-4,10
53874,52.48617746224703,-4,10
53875,52.47722864702281,-4,10
53876,52.53222546763158,-4,10
53877,52.54117452851733,-4,10
53878,52.55012356057923,-4,10
53879,52.55907256380733,-4,10
53880,52.839687167270135,-4,10
53881,52.83073511394156,-4,10
53882,52.82178303307702,-4,10
53883,52.81283092468552,-4,10
53884,52.4951262485379,-4,10
53885,52.4817011580349,-4,10
53886,52.45279347892378,-4,10
53887,52.461737348265856,-4,10
53888,52.619197541118005,-4,10
53889,52.628148412166944,-4,10
53890,52.63709925514093,-4,10
53891,52.64605007003063,-4,10
53892,52.65500085682668,-4,10
53893,52.44454255017218,-4,10
53894,52.453486672944166,-4,10
53895,52.46243076489222,-4,10
53896,52.6639516155197,-4,10
53897,52.67290234610035,-4,10
53898,52.61024664200345,-4,10
53899,52.68185304855923,-4,10
53900,52.69975436907409,-4,10
53901,52.70870498711128,-4,10
53902,52.74450717757174,-4,10
53903,52.75345765471761,-4,10
53904,52.76240810365688,-4,10
53905,52.77135852438004,-4,10
53906,52.78030891687765,-4,10
53907,52.78925928114019,-4,10
53908,52.79820961715821,-4,10
53909,52.47137482600503,-4,10
53910,52.69080372288695,-4,10
53911,52.48926285567961,-4,10
53912,52.60129571483265,-4,10
53913,52.58339377635945,-4,10
53914,52.4706811866832,-4,10
53915,52.47962499416442,-4,10
53916,52.48856877069814,-4,10
53917,52.49751251627295,-4,10
53918,52.50645623087742,-4,10
53919,52.542230779363095,-4,10
53920,52.55117433894422,-4,10
53921,52.56011786748623,-4,10
53922,52.56906136497766,-4,10
53923,52.57800483140703,-4,10
53924,52.59234475961486,-4,10
53925,52.812894461636304,-4,10
53926,52.79499594700473,-4,10
53927,52.78604664666988,-4,10
53928,52.77709731766873,-4,10
53929,52.76814796001113,-4,10
53930,52.75919857370683,-4,10
53931,52.750249158765634,-4,10
53932,52.741299715197336,-4,10
53933,52.7323502430117,-4,10
53934,52.72340074221846,-4,10
53935,52.52073610929818,-4,10
53936,52.803945218663486,-4,10
53937,52.65881265706832,-4,10
53938,52.46913084666539,-4,10
53939,52.722851964285525,-4,10
53940,52.65940030592206,-4,10
53941,52.6504481029595,-4,10
53942,52.64149587247723,-4,10
53943,52.44175191286556,-4,10
53944,52.45069804252202,-4,10
53945,52.45964414215995,-4,10
53946,52.46859021176861,-4,10
53947,52.47753625133731,-4,10
53948,52.49542824031169,-4,10
53949,52.50437418969586,-4,10
53950,52.51332010899699,-4,10
53951,52.52226599820431,-4,10
53952,52.53121185730698,-4,10
53953,52.54015768629424,-4,10
53954,52.5889281859165,-4,10
53955,52.54910348515522,-4,10
53956,52.7222569923467,-4,10
53957,52.71330200886258,-4,10
53958,52.704346999001984,-4,10
53959,52.69539196277302,-4,10
53960,52.686436900183786,-4,10
53961,52.614795451470485,-4,10
53962,52.60584015200233,-4,10
53963,52.59688482625455,-4,10
53964,52.58792947423518,-4,10
53965,52.5789740959522,-4,10
53966,52.57001869141366,-4,10
53967,52.56106326062751,-4,10
53968,52.55210780360178,-4,10
53969,52.49837451086268,-4,10
53970,52.73121194944618,-4,10
53971,52.731807113180736,-4,10
53972,52.43280575320127,-4,10
53973,52.42385956353986,-4,10
53974,52.621719203105904,-4,10
53975,52.630670885892336,-4,10
53976,52.63962254093266,-4,10
53977,52.648574168217785,-4,10
53978,52.65752576773861,-4,10
53979,52.66647733948598,-4,10
53980,52.67542888345079,-4,10
53981,52.68438039962388,-4,10
53982,52.693331887996095,-4,10
53983,52.702283348558296,-4,10
53984,52.711234781301286,-4,10
53985,52.74704023389769,-4,10
53986,52.782845240651376,-4,10
53987,52.791796422607696,-4,10
53988,52.800747576652654,-4,10
53989,52.8186498009715,-4,10
53990,52.82760087122684,-4,10
53991,52.41491334389205,-4,10
53992,52.40596709426852,-4,10
53993,52.397020814679934,-4,10
53994,52.66835248135595,-4,10
53995,52.68625674960185,-4,10
53996,52.69520884239593,-4,10
53997,52.4804632037274,-4,10
53998,52.70416090762549,-4,10
53999,52.79368004188946,-4,10
54000,52.80263180331395,-4,10
54001,52.811583537065495,-4,10
54002,52.84739019516017,-4,10
54003,52.854453914264994,-4,10
54004,52.83655191353372,-4,10
54005,52.71311294528151,-4,10
54006,52.47150751090385,-4,10
54007,52.55804925387916,-4,10
54008,52.56699499245518,-4,10
54009,52.6956179185955,-4,10
54010,52.68667151366944,-4,10
54011,52.67772507888427,-4,10
54012,52.6687786142507,-4,10
54013,52.65983211977934,-4,10
54014,52.65088559548082,-4,10
54015,52.6419390413658,-4,10
54016,52.632992457444885,-4,10
54017,52.62404584372868,-4,10
54018,52.615099200227775,-4,10
54019,52.60615252695276,-4,10
54020,52.59720582391421,-4,10
54021,52.5882590911227,-4,10
54022,52.5793123285888,-4,10
54023,52.570365536323024,-4,10
54024,52.56141871433595,-4,10
54025,52.55247186263807,-4,10
54026,52.4839749267495,-4,10
54027,52.409318203357934,-4,10
54028,52.4272128251075,-4,10
54029,52.4361600916564,-4,10
54030,52.44510732864091,-4,10
54031,52.454054536050606,-4,10
54032,52.56092456122079,-4,10
54033,52.46300171387508,-4,10
54034,52.48089598072678,-4,10
54035,52.48984306973312,-4,10
54036,52.49879012911256,-4,10
54037,52.50773715885464,-4,10
54038,52.51668415894887,-4,10
54039,52.54352498123991,-4,10
54040,52.471948862103936,-4,10
54041,52.61276749258248,-4,10
54042,52.56987703897943,-4,10
54043,52.6235913289892,-4,10
54044,52.57594070087245,-4,10
54045,52.58488637912009,-4,10
54046,52.59383202718727,-4,10
54047,52.60277764506309,-4,10
54048,52.611723232736665,-4,10
54049,52.6206687901971,-4,10
54050,52.629614317433486,-4,10
54051,52.63855981443491,-4,10
54052,52.64750528119044,-4,10
54053,52.57998120825688,-4,10
54054,52.57103420095228,-4,10
54055,52.56208716401316,-4,10
54056,52.55314009744999,-4,10
54057,52.54419300127325,-4,10
54058,52.53524587549335,-4,10
54059,52.52629872012076,-4,10
54060,52.51735153516587,-4,10
54061,52.63254361448414,-4,10
54062,52.383140218029325,-4,10
54063,52.39208784547379,-4,10
54064,52.40103544349122,-4,10
54065,52.40998301207134,-4,10
54066,52.43682554108481,-4,10
54067,52.578829489298506,-4,10
54068,52.44577299181264,-4,10
54069,52.46366780479131,-4,10
54070,52.472615167021466,-4,10
54071,52.481562499731695,-4,10
54072,52.490509802911646,-4,10
54073,52.49945707655091,-4,10
54074,52.50840432063912,-4,10
54075,52.45472041305159,-4,10
54076,52.49293172298405,-4,10
54077,52.603815754331166,-4,10
54078,52.585912194681136,-4,10
54079,52.64156275017501,-4,10
54080,52.65051209234739,-4,10
54081,52.659461405831166,-4,10
54082,52.66841069061655,-4,10
54083,52.67735994669369,-4,10
54084,52.68630917405279,-4,10
54085,52.69525837268402,-4,10
54086,52.70420754257755,-4,10
54087,52.713156683723504,-4,10
54088,52.72210579611207,-4,10
54089,52.73105487973335,-4,10
54090,52.77237110558145,-4,10
54091,52.76341744594293,-4,10
54092,52.72379979346564,-4,10
54093,52.63261337932381,-4,10
54094,52.714853045888894,-4,10
54095,52.69695946159894,-4,10
54096,52.68801262490679,-4,10
54097,52.67906575853062,-4,10
54098,52.67011886248094,-4,10
54099,52.66117193676824,-4,10
54100,52.652224981403066,-4,10
54101,52.64327799639591,-4,10
54102,52.63433098175726,-4,10
54103,52.62538393749759,-4,10
54104,52.61643686362736,-4,10
54105,52.60748976015705,-4,10
54106,52.5985426270971,-4,10
54107,52.589595464458,-4,10
54108,52.58064827225009,-4,10
54109,52.70590626859649,-4,10
54110,52.58786609522765,-4,10
54111,52.57891655250868,-4,10
54112,52.56996698117919,-4,10
54113,52.66584864405736,-4,10
54114,52.674799985548304,-4,10
54115,52.68375129916536,-4,10
54116,52.69270258489932,-4,10
54117,52.701653842740974,-4,10
54118,52.71060507268108,-4,10
54119,52.71955627471041,-4,10
54120,52.78221390663626,-4,10
54121,52.79116488504582,-4,10
54122,52.50973321085479,-4,10
54123,52.5007855398006,-4,10
54124,52.49183783936728,-4,10
54125,52.48289010956508,-4,10
54126,52.47394235040427,-4,10
54127,52.46499456189509,-4,10
54128,52.4560467440478,-4,10
54129,52.4470988968726,-4,10
54130,52.56101738124888,-4,10
54131,52.55206775272751,-4,10
54132,52.54311809562472,-4,10
54133,52.53416840995025,-4,10
54134,52.525218695713775,-4,10
54135,52.51626895292495,-4,10
54136,52.57170105048385,-4,10
54137,52.66010833235188,-4,10
54138,52.85382094954976,-4,10
54139,52.83591935699259,-4,10
54140,52.826968518647824,-4,10
54141,52.809066757872735,-4,10
54142,52.800115835461085,-4,10
54143,52.4381510203797,-4,10
54144,52.50731918159343,-4,10
54145,52.56275379916969,-4,10
54146,52.55380651831798,-4,10
54147,52.54485920793917,-4,10
54148,52.66944964909551,-4,10
54149,52.66050293871375,-4,10
54150,52.65155619859228,-4,10
54151,52.64260942874169,-4,10
54152,52.633662629172505,-4,10
54153,52.62471579989526,-4,10
54154,52.61576894092055,-4,10
54155,52.60682205225883,-4,10
54156,52.597875133920645,-4,10
54157,52.552712186400086,-4,10
54158,52.4828090098831,-4,10
54159,52.50071601218233,-4,10
54160,52.50966947276123,-4,10
54161,52.51862290628157,-4,10
54162,52.55443636960544,-4,10
54163,52.56338966770406,-4,10
54164,52.57234293869247,-4,10
54165,52.57696037330058,-4,10
54166,52.5680085242284,-4,10
54167,52.559056647473625,-4,10
54168,52.55010474304534,-4,10
54169,52.54115281095254,-4,10
54170,52.53220085120427,-4,10
54171,52.678396329727,-4,10
54172,52.47216238298291,-4,10
54173,52.49006253842311,-4,10
54174,52.49901257350228,-4,10
54175,52.507962580141374,-4,10
54176,52.51691255833082,-4,10
54177,52.52586250806104,-4,10
54178,52.5348124293224,-4,10
54179,52.48111247491347,-4,10
54180,52.59486398836101,-4,10
54181,52.68734298059764,-4,10
54182,52.70523619301395,-4,10
54183,52.53591186804357,-4,10
54184,52.52696449864161,-4,10
54185,52.518017099743645,-4,10
54186,52.50906967136,-4,10
54187,52.50012221350105,-4,10
54188,52.49117472617712,-4,10
54189,52.48222720939854,-4,10
54190,52.4732796631756,-4,10
54191,52.46433208751863,-4,10
54192,52.45538448243794,-4,10
54193,52.446436847943794,-4,10
54194,52.43748918404645,-4,10
54195,52.4106460160381,-4,10
54196,52.401698234630686,-4,10
54197,52.39275042387133,-4,10
54198,52.38380258377028,-4,10
54199,52.740003934577445,-4,10
54200,52.71418275453843,-4,10
54201,52.56166202219716,-4,10
54202,52.57061182948691,-4,10
54203,52.62431007402965,-4,10
54204,52.63325968149714,-4,10
54205,52.64220926037983,-4,10
54206,52.696289601696826,-4,10
54207,52.65115881066799,-4,10
54208,52.79369765876773,-4,10
54209,52.78474877679444,-4,10
54210,52.77579986598455,-4,10
54211,52.76685092634799,-4,10
54212,52.75790195789468,-4,10
54213,52.748952960634526,-4,10
54214,52.80264651189448,-4,10
54215,52.65689727470172,-4,10
54216,52.54667196000265,-4,10
54217,52.56458516629686,-4,10
54218,52.4527173598544,-4,10
54219,52.44377058182493,-4,10
54220,52.434823774048105,-4,10
54221,52.42587693653447,-4,10
54222,52.416930069294494,-4,10
54223,52.39903624567762,-4,10
54224,52.39008928932169,-4,10
54225,52.73061495553383,-4,10
54226,52.72166019081458,-4,10
54227,52.69479573791247,-4,10
54228,52.68584086739088,-4,10
54229,52.67688597043911,-4,10
54230,52.6231560341505,-4,10
54231,52.6142009524152,-4,10
54232,52.46166410812602,-4,10
54233,52.60524584431467,-4,10
54234,52.58733554905033,-4,10
54235,52.57838036190266,-4,10
54236,52.53360403133167,-4,10
54237,52.524648686307245,-4,10
54238,52.648184983327226,-4,10
54239,52.49778249355791,-4,10
54240,52.49408815268781,-4,10
54241,52.547830624240575,-4,10
54242,52.55678761322381,-4,10
54243,52.565744576584414,-4,10
54244,52.380472726396704,-4,10
54245,52.38941949749117,-4,10
54246,52.39836623881504,-4,10
54247,52.41625963210884,-4,10
54248,52.596290709857016,-4,10
54249,52.47061082662924,-4,10
54250,52.47955751535353,-4,10
54251,52.488504174288266,-4,10
54252,52.64087325110829,-4,10
54253,52.6319211935186,-4,10
54254,52.622969108345856,-4,10
54255,52.614016995599066,-4,10
54256,52.605064855287175,-4,10
54257,52.59611268741915,-4,10
54258,52.58716049200395,-4,10
54259,52.578208269050535,-4,10
54260,52.56925601856784,-4,10
54261,52.68532311261654,-4,10
54262,52.67637711174171,-4,10
54263,52.66743108084264,-4,10
54264,52.65848501993008,-4,10
54265,52.64953892901482,-4,10
54266,52.640592808107584,-4,10
54267,52.63164665721917,-4,10
54268,52.62270047636025,-4,10
54269,52.49745080342297,-4,10
54270,52.50639740274702,-4,10
54271,52.515343972249816,-4,10
54272,52.52429051192079,-4,10
54273,52.53323702174932,-4,10
54274,52.54218350172479,-4,10
54275,52.42520628405765,-4,10
54276,52.55112995183659,-4,10
54277,52.56902276242661,-4,10
54278,52.57796912288352,-4,10
54279,52.58691545343416,-4,10
54280,52.59586175406784,-4,10
54281,52.60480802477387,-4,10
54282,52.61375426554158,-4,10
54283,52.560076372074086,-4,10
54284,52.43415290619369,-4,10
54285,52.56030374056479,-4,10
54286,52.57183486484656,-4,10
54287,52.61307907187787,-4,10
54288,52.533446741522674,-4,10
54289,52.5365497538308,-4,10
54290,52.54550602051089,-4,10
54291,52.55446226127348,-4,10
54292,52.563418476110776,-4,10
54293,52.57237466501506,-4,10
54294,52.58133082797854,-4,10
54295,52.62202506548834,-4,10
54296,52.630971029051175,-4,10
54297,52.6399169625556,-4,10
54298,52.64886286599082,-4,10
54299,52.65780873934602,-4,10
54300,52.66675458261037,-4,10
54301,52.47507319096561,-4,10
54302,52.48402712422294,-4,10
54303,52.49298103060529,-4,10
54304,52.77053875206492,-4,10
54305,52.76158568303481,-4,10
54306,52.752632586864266,-4,10
54307,52.74367946356198,-4,10
54308,52.73472631313663,-4,10
54309,52.72577313559687,-4,10
54310,52.604133048230544,-4,10
54311,52.716819930951374,-4,10
54312,52.69891344037771,-4,10
54313,52.68996015446682,-4,10
54314,52.52879638721559,-4,10
54315,52.5198425884178,-4,10
54316,52.51088876271117,-4,10
54317,52.5019349101042,-4,10
54318,52.70786669920878,-4,10
54319,52.64982528110596,-4,10
54320,52.59518699455717,-4,10
54321,52.5423991020333,-4,10
54322,52.58077922291782,-4,10
54323,52.589723550275416,-4,10
54324,52.59866784690814,-4,10
54325,52.607612112804674,-4,10
54326,52.616556347953725,-4,10
54327,52.58129618256208,-4,10
54328,52.72454438924473,-4,10
54329,52.73349717076643,-4,10
54330,52.742449925012615,-4,10
54331,52.75140265197447,-4,10
54332,52.76035535164324,-4,10
54333,52.76930802401013,-4,10
54334,52.77826066906628,-4,10
54335,52.78721328680293,-4,10
54336,52.44309949850637,-4,10
54337,52.452046060985104,-4,10
54338,52.46099259361931,-4,10
54339,52.55135143505029,-4,10
54340,52.57729479717519,-4,10
54341,52.56834865348808,-4,10
54342,52.55940247981787,-4,10
54343,52.55045627617526,-4,10
54344,52.54151004257102,-4,10
54345,52.58624091086846,-4,10
54346,52.53256377901576,-4,10
54347,52.51467116209511,-4,10
54348,52.50572480875103,-4,10
54349,52.49677842549868,-4,10
54350,52.487832012348704,-4,10
54351,52.47888556931173,-4,10
54352,52.46993909639838,-4,10
54353,52.52361748552024,-4,10
54354,52.5556285760365,-4,10
54355,52.658777283502594,-4,10
54356,52.67668120545676,-4,10
54357,52.56969505675976,-4,10
54358,52.56074845030157,-4,10
54359,52.551801814045625,-4,10
54360,52.54285514800251,-4,10
54361,52.524961726596985,-4,10
54362,52.5160149712557,-4,10
54363,52.50706818616949,-4,10
54364,52.49812137134884,-4,10
54365,52.48917452680429,-4,10
54366,52.48022765254637,-4,10
54367,52.47128074858556,-4,10
54368,52.46233381493237,-4,10
54369,52.453386851597294,-4,10
54370,52.44443985859078,-4,10
54371,52.57864163340961,-4,10
54372,52.43549283592332,-4,10
54373,52.408651590059655,-4,10
54374,52.54840722778413,-4,10
54375,52.38874790270851,-4,10
54376,52.397694428428,-4,10
54377,52.40664092427987,-4,10
54378,52.41558739025348,-4,10
54379,52.42453382633822,-4,10
54380,52.43348023252347,-4,10
54381,52.442426608798606,-4,10
54382,52.45137295515296,-4,10
54383,52.46031927157591,-4,10
54384,52.46926555805677,-4,10
54385,52.47821181458488,-4,10
54386,52.487158041149534,-4,10
54387,52.42654578360537,-4,10
54388,52.58758818024049,-4,10
54389,52.5965346972418,-4,10
54390,52.605481184402926,-4,10
54391,52.497188661342896,-4,10
54392,52.50614389417729,-4,10
54393,52.541964561976464,-4,10
54394,52.57778480772655,-4,10
54395,52.5867398031582,-4,10
54396,52.59569477217122,-4,10
54397,52.60464971475756,-4,10
54398,52.61360463090902,-4,10
54399,52.62255952061749,-4,10
54400,52.685243007487294,-4,10
54401,52.69419768535773,-4,10
54402,52.72106155983637,-4,10
54403,52.73001613159094,-4,10
54404,52.73897067679595,-4,10
54405,52.55197205603141,-4,10
54406,52.54301952342018,-4,10
54407,52.52511437596743,-4,10
54408,52.61442764171324,-4,10
54409,52.62337406916209,-4,10
54410,52.632320466738825,-4,10
54411,52.6412668344328,-4,10
54412,52.65021317223332,-4,10
54413,52.65915948012973,-4,10
54414,52.50505040434577,-4,10
54415,52.66810575811131,-4,10
54416,52.685998224287246,-4,10
54417,52.69494441246014,-4,10
54418,52.55736440237111,-4,10
54419,52.498256449345256,-4,10
54420,52.50720911893332,-4,10
54421,52.51616176114364,-4,10
54422,52.67705200616739,-4,10
54423,52.51399654095592,-4,10
54424,52.5229426475598,-4,10
54425,52.53188872414666,-4,10
54426,52.52387251609068,-4,10
54427,52.53282470407474,-4,10
54428,52.54177686449332,-4,10
54429,52.550728997337465,-4,10
54430,52.55968110259823,-4,10
54431,52.568633180266616,-4,10
54432,52.577585230333646,-4,10
54433,52.58653725279035,-4,10
54434,52.595489247627725,-4,10
54435,52.604441214836754,-4,10
54436,52.6133931544084,-4,10
54437,52.62234506633371,-4,10
54438,52.63129695060356,-4,10
54439,52.64024880720898,-4,10
54440,52.64920063614088,-4,10
54441,52.65815243739026,-4,10
54442,52.66710421094799,-4,10
54443,52.68563312499624,-4,10
54444,52.69458501689863,-4,10
54445,52.70353688115485,-4,10
54446,52.71248871775592,-4,10
54447,52.79305400118484,-4,10
54448,52.802005560734536,-4,10
54449,52.56289047607292,-4,10
54450,52.84613385282639,-4,10
54451,52.81928011578595,-4,10
54452,52.79242612803922,-4,10
54453,52.70291102808109,-4,10
54454,52.69395936538067,-4,10
54455,52.68500767495228,-4,10
54456,52.67605595680501,-4,10
54457,52.828231389334654,-4,10
54458,52.6677292582892,-4,10
54459,52.55394605660816,-4,10
54460,52.53605712565009,-4,10
54461,52.54083477070579,-4,10
54462,52.549780787226425,-4,10
54463,52.55872677369779,-4,10
54464,52.56767273010913,-4,10
54465,52.57661865644965,-4,10
54466,52.58556455270856,-4,10
54467,52.59451041887505,-4,10
54468,52.603456254938365,-4,10
54469,52.61240206088758,-4,10
54470,52.44729638315578,-4,10
54471,52.438351345587854,-4,10
54472,52.42940627757349,-4,10
54473,52.42046117912373,-4,10
54474,52.41151605024959,-4,10
54475,52.40257089096206,-4,10
54476,52.39362570127216,-4,10
54477,52.41083118031118,-4,10
54478,52.52711261417924,-4,10
54479,52.51816807206214,-4,10
54480,52.50922349930995,-4,10
54481,52.50027889593386,-4,10
54482,52.49133426194504,-4,10
54483,52.48238959735466,-4,10
54484,52.54500160646345,-4,10
54485,52.4645001764138,-4,10
54486,52.63923929794262,-4,10
54487,52.63029358240056,-4,10
54488,52.621347836711934,-4,10
54489,52.44661063320036,-4,10
54490,52.437665815769215,-4,10
54491,52.42872096780324,-4,10
54492,52.45555542008557,-4,10
54493,52.647945877490606,-4,10
54494,52.53467577928457,-4,10
54495,52.630042999538645,-4,10
54496,52.67416926325225,-4,10
54497,52.66521812481669,-4,10
54498,52.6562669584341,-4,10
54499,52.412624197847045,-4,10
54500,52.42157258519068,-4,10
54501,52.43052094341713,-4,10
54502,52.439469272516334,-4,10
54503,52.68312037373153,-4,10
54504,52.448417572478206,-4,10
54505,52.49315863487454,-4,10
54506,52.50210675980042,-4,10
54507,52.52000292201773,-4,10
54508,52.528950959288885,-4,10
54509,52.53789896732143,-4,10
54510,52.546846946105255,-4,10
54511,52.5826385685492,-4,10
54512,52.45736584329269,-4,10
54513,52.69207145624525,-4,10
54514,52.70102251078415,-4,10
54515,52.709973537338925,-4,10
54516,52.59315181965992,-4,10
54517,52.83011193527362,-4,10
54518,52.83906378757007,-4,10
54519,52.85318614876198,-4,10
54520,52.82633433175401,-4,10
54521,52.62825033321669,-4,10
54522,52.61930524461844,-4,10
54523,52.61036012561883,-4,10
54524,52.817383669842,-4,10
54525,52.80843297982432,-4,10
54526,52.79948226171038,-4,10
54527,52.79053151550957,-4,10
54528,52.78158074123128,-4,10
54529,52.77262993888491,-4,10
54530,52.73682644900551,-4,10
54531,52.7278755064589,-4,10
54532,52.71892453590028,-4,10
54533,52.59158640093632,-4,10
54534,52.600534204013385,-4,10
54535,52.60948197777025,-4,10
54536,52.618429722196616,-4,10
54537,52.60209721877104,-4,10
54538,52.63836454186486,-4,10
54539,52.62941329169671,-4,10
54540,52.53879808049449,-4,10
54541,52.620462013618464,-4,10
54542,52.6115107076394,-4,10
54543,52.61104258759148,-4,10
54544,52.61998792611029,-4,10
54545,52.62893323431652,-4,10
54546,52.724468475565565,-4,10
54547,52.71552151271424,-4,10
54548,52.7065745202346,-4,10
54549,52.69762749813714,-4,10
54550,52.68868044643231,-4,10
54551,52.67973336513063,-4,10
54552,52.67078625424254,-4,10
54553,52.66183911377852,-4,10
54554,52.64731576411374,-4,10
54555,52.58420639026909,-4,10
54556,52.5477434423087,-4,10
54557,52.56563407498599,-4,10
54558,52.62737743728222,-4,10
54559,52.63632512301679,-4,10
54560,52.645272779390034,-4,10
54561,52.65422040639168,-4,10
54562,52.66316800401143,-4,10
54563,52.67211557223897,-4,10
54564,52.68106311106397,-4,10
54565,52.69895810046505,-4,10
54566,52.70790555102043,-4,10
54567,52.7168529721319,-4,10
54568,52.72580036378913,-4,10
54569,52.73474772598168,-4,10
54570,52.7436950586992,-4,10
54571,52.60141497622887,-4,10
54572,52.59246979645959,-4,10
54573,52.58352458632203,-4,10
54574,52.57457934582717,-4,10
54575,52.55668877380951,-4,10
54576,52.65289194374899,-4,10
54577,52.57526093060949,-4,10
54578,52.55736992052768,-4,10
54579,52.52829061838774,-4,10
54580,52.51934279333153,-4,10
54581,52.51039493896142,-4,10
54582,52.50144705528756,-4,10
54583,52.492499142320206,-4,10
54584,52.48355120006958,-4,10
54585,52.47460322854582,-4,10
54586,52.53723841411978,-4,10
54587,52.465655227759136,-4,10
54588,52.4477591384377,-4,10
54589,52.43881104992325,-4,10
54590,52.4298629321865,-4,10
54591,52.420914785237606,-4,10
54592,52.41196660908667,-4,10
54593,52.57049624134922,-4,10
54594,52.561543564414144,-4,10
54595,52.45670719771972,-4,10
54596,52.54618618051744,-4,10
54597,52.58197695255893,-4,10
54598,52.734082480388,-4,10
54599,52.63899445243319,-4,10
54600,52.68934644501,-4,10
54601,52.68039914936295,-4,10
54602,52.6714518242164,-4,10
54603,52.662504469580725,-4,10
54604,52.6535570854663,-4,10
54605,52.64460967188351,-4,10
54606,52.63566222884272,-4,10
54607,52.62671475635426,-4,10
54608,52.61776725442851,-4,10
54609,52.608819723075776,-4,10
54610,52.5998721623064,-4,10
54611,52.59092457213069,-4,10
54612,52.6982937111471,-4,10
54613,52.70724094776389,-4,10
54614,52.71618815484993,-4,10
54615,52.72513533239479,-4,10
54616,52.5525908601288,-4,10
54617,52.53468536954259,-4,10
54618,52.52573258325928,-4,10
54619,52.51677976966086,-4,10
54620,52.521587537619055,-4,10
54621,52.512641866383525,-4,10
54622,52.5036961649664,-4,10
54623,52.49475043337852,-4,10
54624,52.4858046716307,-4,10
54625,52.47685887973381,-4,10
54626,52.467913057698624,-4,10
54627,52.458967205535984,-4,10
54628,52.45002132325671,-4,10
54629,52.44107541087154,-4,10
54630,52.43212946839129,-4,10
54631,52.42318349582671,-4,10
54632,52.41423749318857,-4,10
54633,52.40529146048763,-4,10
54634,52.803296781138215,-4,10
54635,52.8122458150519,-4,10
54636,52.8211600553592,-4,10
54637,52.5305331786621,-4,10
54638,52.56631544069205,-4,10
54639,52.53947878950181,-4,10
54640,52.79434771845344,-4,10
54641,52.50782692875607,-4,10
54642,52.49887406055371,-4,10
54643,52.57944889092526,-4,10
54644,52.58840151313344,-4,10
54645,52.597354107964925,-4,10
54646,52.606306675410906,-4,10
54647,52.63316421334732,-4,10
54648,52.64211667116278,-4,10
54649,52.65106910154846,-4,10
54650,52.66002150449548,-4,10
54651,52.704783107339296,-4,10
54652,52.71373534546745,-4,10
54653,52.79430424999841,-4,10
54654,52.80325621271255,-4,10
54655,52.81220814783584,-4,10
54656,52.77644950681013,-4,10
54657,52.78539862700744,-4,10
54658,52.54842437012729,-4,10
54659,52.64394474416439,-4,10
54660,52.69001062047611,-4,10
54661,52.62605025637172,-4,10
54662,52.74960197380887,-4,10
54663,52.74065273870483,-4,10
54664,52.73170347489874,-4,10
54665,52.722754182400365,-4,10
54666,52.62910932811884,-4,10
54667,52.467329314216,-4,10
54668,52.48992116506252,-4,10
54669,52.55269914617808,-4,10
54670,52.75855118020098,-4,10
54671,52.56165479352713,-4,10
54672,52.57956600972953,-4,10
54673,52.62015523909725,-4,10
54674,52.61120112331083,-4,10
54675,52.602246980767966,-4,10
54676,52.47688618041687,-4,10
54677,52.71380486121956,-4,10
54678,52.70485551136613,-4,10
54679,52.695906132849856,-4,10
54680,52.57061041471361,-4,10
54681,52.76750035787136,-4,10
54682,52.69178720114972,-4,10
54683,52.74672128221894,-4,10
54684,52.63499751503517,-4,10
54685,52.59360801201558,-4,10
54686,52.60255937376871,-4,10
54687,52.45122091024611,-4,10
54688,52.52573171158714,-4,10
54689,52.60345199062073,-4,10
54690,52.612406521130175,-4,10
54691,52.69299609775536,-4,10
54692,52.7019503618994,-4,10
54693,52.71090459936123,-4,10
54694,52.75446375940444,-4,10
54695,52.71985881013244,-4,10
54696,52.72881299420469,-4,10
54697,52.73776715156964,-4,10
54698,52.74551004597452,-4,10
54699,52.73655630566163,-4,10
54700,52.72760253847426,-4,10
54701,52.71864874442093,-4,10
54702,52.70074107575018,-4,10
54703,52.686956725680496,-4,10
54704,52.678007289867885,-4,10
54705,52.54374347267432,-4,10
54706,52.48046969643944,-4,10
54707,52.498369381728914,-4,10
54708,52.5276284647847,-4,10
54709,52.66905782542176,-4,10
54710,52.54552360107471,-4,10
54711,52.55447112507899,-4,10
54712,52.58131352040508,-4,10
54713,52.606432637674594,-4,10
54714,52.70494158758336,-4,10
54715,52.597477121218,-4,10
54716,52.713896789083726,-4,10
54717,52.57633369810443,-4,10
54718,52.58528531782953,-4,10
54719,52.594236909772384,-4,10
54720,52.603188473923865,-4,10
54721,52.59026092658372,-4,10
54722,52.59920830328007,-4,10
54723,52.60815565048379,-4,10
54724,52.61710296818446,-4,10
54725,52.55843037534393,-4,10
54726,52.58852157856699,-4,10
54727,52.53657604763984,-4,10
54728,52.48941955334104,-4,10
54729,52.96814676674822,-4,10
54730,52.73927707082192,-4,10
54731,53.0102827789532,-4,10
54732,53.00132232413071,-4,10
54733,52.99236184526019,-4,10
54734,52.98340134234811,-4,10
54735,52.7123868500715,-4,10
54736,52.97444081540089,-4,10
54737,52.70342339724945,-4,10
54738,52.6944599214841,-4,10
54739,52.96548026442498,-4,10
54740,53.101361433118704,-4,10
54741,53.09239781716758,-4,10
54742,53.08343417850475,-4,10
54743,53.07447051713572,-4,10
54744,52.90646748421046,-4,10
54745,52.915429402727405,-4,10
54746,53.102565476326745,-4,10
54747,53.093604395116266,-4,10
54748,52.72536555838597,-4,10
54749,52.71640083335827,-4,10
54750,53.084643290150986,-4,10
54751,53.075682161437165,-4,10
54752,53.05775983278878,-4,10
54753,53.048798632866685,-4,10
54754,53.039837409220965,-4,10
54755,52.7735181500837,-4,10
54756,52.76455829309983,-4,10
54757,52.75559841173554,-4,10
54758,52.88103452978953,-4,10
54759,52.91687254063893,-4,10
54760,52.92583198213195,-4,10
54761,52.94375079160746,-4,10
54762,52.969200420293504,-4,10
54763,52.9602386428169,-4,10
54764,52.95127684181847,-4,10
54765,52.94231501730428,-4,10
54766,52.7268410097894,-4,10
54767,52.7358061885612,-4,10
54768,52.90221810464362,-4,10
54769,52.9111786499126,-4,10
54770,52.93806014136316,-4,10
54771,52.7447713450956,-4,10
54772,52.94702059037305,-4,10
54773,52.95598101530201,-4,10
54774,52.74329494115681,-4,10
54775,52.746638505997545,-4,10
54776,52.73433026098723,-4,10
54777,52.64862266774089,-4,10
54778,52.67551238359188,-4,10
54779,52.68447557609564,-4,10
54780,52.69343874553331,-4,10
54781,52.70240189189921,-4,10
54782,52.71136501518766,-4,10
54783,52.95759149203968,-4,10
54784,53.13840956349566,-4,10
54785,53.10096336741135,-4,10
54786,53.12944857736689,-4,10
54787,52.78409364601677,-4,10
54788,52.7482404318148,-4,10
54789,53.0243842199785,-4,10
54790,52.9649414161436,-4,10
54791,52.68391848392512,-4,10
54792,52.6659982586332,-4,10
54793,53.03087616185779,-4,10
54794,52.80099497755606,-4,10
54795,52.8995852632172,-4,10
54796,52.85026953734182,-4,10
54797,52.90854787735102,-4,10
54798,52.91751046827505,-4,10
54799,52.7799516314524,-4,10
54800,52.81579912596318,-4,10
54801,52.989646483295566,-4,10
54802,53.100857312756176,-4,10
54803,52.7442810470667,-4,10
54804,52.73531604873156,-4,10
54805,52.935435580470354,-4,10
54806,52.94439810172999,-4,10
54807,52.953360599756486,-4,10
54808,52.7263510280945,-4,10
54809,52.82476094069603,-4,10
54810,52.99503093535488,-4,10
54811,52.986069569497545,-4,10
54812,52.83372273185881,-4,10
54813,52.84268449944545,-4,10
54814,52.851646243449856,-4,10
54815,52.87853133390886,-4,10
54816,52.88749298352347,-4,10
54817,52.89645460952536,-4,10
54818,52.92333934579364,-4,10
54819,52.93230087728353,-4,10
54820,52.94126238513008,-4,10
54821,52.95022386932714,-4,10
54822,52.95918532986857,-4,10
54823,53.147370525838326,-4,10
54824,52.977108179959934,-4,10
54825,52.97816217424221,-4,10
54826,52.971285526086746,-4,10
54827,52.72032811539295,-4,10
54828,52.64656165525539,-4,10
54829,52.729291192509365,-4,10
54830,52.738254246531234,-4,10
54831,53.240148234302914,-4,10
54832,53.23118648285095,-4,10
54833,52.814015553894826,-4,10
54834,52.82297971024207,-4,10
54835,52.831943843973534,-4,10
54836,53.02191489078339,-4,10
54837,53.07883312936818,-4,10
54838,53.06987095722128,-4,10
54839,53.060908761758974,-4,10
54840,53.05194654298717,-4,10
54841,53.034022035538726,-4,10
54842,53.02505974687387,-4,10
54843,52.966552413571,-4,10
54844,52.93335316928032,-4,10
54845,52.924391297752685,-4,10
54846,52.71721761000889,-4,10
54847,52.75306576338038,-4,10
54848,52.76202774293412,-4,10
54849,53.012953596004,-4,10
54850,52.77098969896013,-4,10
54851,53.016097434923125,-4,10
54852,53.00399227752576,-4,10
54853,52.79203208535637,-4,10
54854,52.989210359414336,-4,10
54855,52.9802479543788,-4,10
54856,52.96232307454402,-4,10
54857,52.98712390465697,-4,10
54858,53.01122176097965,-4,10
54859,53.00504729486035,-4,10
54860,52.9249145032164,-4,10
54861,52.93387654387352,-4,10
54862,52.94283856109641,-4,10
54863,52.95180055487906,-4,10
54864,52.96076252521552,-4,10
54865,52.96972447209973,-4,10
54866,52.978686395525735,-4,10
54867,52.987648295487496,-4,10
54868,52.99661017197903,-4,10
54869,53.005572024994265,-4,10
54870,53.014533854527215,-4,10
54871,53.02349566057183,-4,10
54872,53.0414192021719,-4,10
54873,53.050380937715246,-4,10
54874,52.90113730896907,-4,10
54875,52.94593804710652,-4,10
54876,53.0572285155411,-4,10
54877,52.91595243913102,-4,10
54878,52.9069903516234,-4,10
54879,52.89802824069944,-4,10
54880,52.88906610636517,-4,10
54881,53.0560398213314,-4,10
54882,53.07396688621108,-4,10
54883,52.65758204785298,-4,10
54884,52.648621699177966,-4,10
54885,52.79929855774454,-4,10
54886,52.82617669806233,-4,10
54887,53.08293038450154,-4,10
54888,53.091893860018416,-4,10
54889,52.95489812208649,-4,10
54890,53.14683748572853,-4,10
54891,53.11995504495482,-4,10
54892,53.11099418366549,-4,10
54893,53.102033298537634,-4,10
54894,53.09307238957757,-4,10
54895,53.08411145679159,-4,10
54896,52.81501157434536,-4,10
54897,52.8598337396955,-4,10
54898,53.075150500186,-4,10
54899,53.12891588239931,-4,10
54900,53.08622764470275,-4,10
54901,53.14895847552887,-4,10
54902,52.84320986918759,-4,10
54903,52.89785065722828,-4,10
54904,52.888891498455045,-4,10
54905,52.87097310705509,-4,10
54906,52.69876889612489,-4,10
54907,52.70773084754813,-4,10
54908,52.76150206110467,-4,10
54909,52.77046384747703,-4,10
54910,52.82423406983462,-4,10
54911,52.93368704598282,-4,10
54912,52.8511188619609,-4,10
54913,52.869041938431856,-4,10
54914,52.87800344116496,-4,10
54915,52.89592637559554,-4,10
54916,52.92281059956005,-4,10
54917,52.931771960141816,-4,10
54918,52.94073329701006,-4,10
54919,52.94969461015859,-4,10
54920,52.958655899581245,-4,10
54921,52.86008041202847,-4,10
54922,53.04707625475321,-4,10
54923,52.96761716527176,-4,10
54924,52.98553962543158,-4,10
54925,52.834247931982205,-4,10
54926,52.81632398705715,-4,10
54927,52.77151371369192,-4,10
54928,52.76255158860072,-4,10
54929,52.75358944005077,-4,10
54930,52.7356650725986,-4,10
54931,52.71774061138312,-4,10
54932,52.67292904844265,-4,10
54933,52.97657840722394,-4,10
54934,52.66396666563321,-4,10
54935,53.03034536008363,-4,10
54936,53.012423137525,-4,10
54937,53.00346199058834,-4,10
54938,52.99450081988847,-4,10
54939,52.7362944922008,-4,10
54940,52.72732915588313,-4,10
54941,52.96056407870081,-4,10
54942,52.95160509246077,-4,10
54943,53.03930643569311,-4,10
54944,52.99608561153171,-4,10
54945,53.03811266542345,-4,10
54946,52.68446294847372,-4,10
54947,53.02244366754838,-4,10
54948,53.013482201751934,-4,10
54949,53.00452071232705,-4,10
54950,52.99555919927988,-4,10
54951,52.98659766261657,-4,10
54952,52.97763610234324,-4,10
54953,52.95971291099093,-4,10
54954,52.950751279924205,-4,10
54955,53.08191722047167,-4,10
54956,52.932827947040096,-4,10
54957,52.92386624523489,-4,10
54958,52.88158287299257,-4,10
54959,52.86366336668878,-4,10
54960,52.85470357696119,-4,10
54961,52.91490451986239,-4,10
54962,52.896980998439766,-4,10
54963,52.791984366743606,-4,10
54964,53.09088036790249,-4,10
54965,53.03140510971028,-4,10
54966,53.04036652823144,-4,10
54967,53.049327923105736,-4,10
54968,53.01400895463685,-4,10
54969,53.022970590855046,-4,10
54970,53.03193220350892,-4,10
54971,53.04089379259235,-4,10
54972,53.049855358099215,-4,10
54973,53.05881690002344,-4,10
54974,53.14843102087151,-4,10
54975,52.89325753532599,-4,10
54976,52.78302438220308,-4,10
54977,53.00225808069848,-4,10
54978,52.86637568314536,-4,10
54979,52.85741501769733,-4,10
54980,52.84845432823271,-4,10
54981,52.83949361475796,-4,10
54982,53.09984349241865,-4,10
54983,53.13894056991287,-4,10
54984,53.12997941184703,-4,10
54985,53.05828929432704,-4,10
54986,52.88429694196611,-4,10
54987,52.77406437334079,-4,10
54988,52.76510434016336,-4,10
54989,52.888019202401786,-4,10
54990,52.79944347676239,-4,10
54991,52.80840584487314,-4,10
54992,52.8173681896329,-4,10
54993,52.84425508374717,-4,10
54994,52.8532173350438,-4,10
54995,52.880103948626505,-4,10
54996,52.74130069335242,-4,10
54997,52.73233665657987,-4,10
54998,52.71878111394406,-4,10
54999,52.72337259711332,-4,10
55000,52.70284387140967,-4,10
55001,52.655944748616974,-4,10
55002,52.66490454530325,-4,10
55003,52.85217178288018,-4,10
55004,52.75450116626736,-4,10
55005,52.79033912852577,-4,10
55006,52.79305689209671,-4,10
55007,52.75614428267738,-4,10
55008,52.714408514958194,-4,10
55009,52.6665423722983,-4,10
55010,52.709818512647374,-4,10
55011,52.691893240200855,-4,10
55012,52.8790573828208,-4,10
55013,53.07295405013175,-4,10
55014,53.06399085688839,-4,10
55015,53.04606440171375,-4,10
55016,53.03710113979364,-4,10
55017,53.028137854992494,-4,10
55018,53.01917454731589,-4,10
55019,53.010211216769385,-4,10
55020,52.70085588806435,-4,10
55021,53.001247863358586,-4,10
55022,52.911613072936845,-4,10
55023,52.90264946838525,-4,10
55024,52.75026470742557,-4,10
55025,52.638116864456336,-4,10
55026,52.64707965188029,-4,10
55027,52.66500515698582,-4,10
55028,52.67396787465575,-4,10
55029,52.68293056906271,-4,10
55030,52.99228448708904,-4,10
55031,52.80202011517717,-4,10
55032,53.02609320073397,-4,10
55033,52.92750282018301,-4,10
55034,52.90315370703879,-4,10
55035,52.66552165759202,-4,10
55036,52.674484541813,-4,10
55037,52.68344740283873,-4,10
55038,52.68498691532292,-4,10
55039,52.69241024066348,-4,10
55040,52.70137305528142,-4,10
55041,52.71033584668681,-4,10
55042,52.71929861487383,-4,10
55043,53.04773448718145,-4,10
55044,52.79099992381148,-4,10
55045,52.89418991676193,-4,10
55046,52.79996248277153,-4,10
55047,52.81788753085589,-4,10
55048,52.85373734751765,-4,10
55049,53.02981270452032,-4,10
55050,53.02085177740716,-4,10
55051,53.01189082644733,-4,10
55052,53.002929851647146,-4,10
55053,52.99396885301288,-4,10
55054,52.98500783055084,-4,10
55055,52.9760467842673,-4,10
55056,52.96708571416854,-4,10
55057,52.95812462026081,-4,10
55058,52.808925018454936,-4,10
55059,52.94916350255041,-4,10
55060,52.75076618536568,-4,10
55061,52.73283781098939,-4,10
55062,52.8658369042132,-4,10
55063,52.87479737160379,-4,10
55064,52.901678629145565,-4,10
55065,52.91063900009456,-4,10
55066,52.9375199681559,-4,10
55067,52.94648024255945,-4,10
55068,52.955440492810375,-4,10
55069,52.99126718649642,-4,10
55070,52.98230411635602,-4,10
55071,52.97334102323266,-4,10
55072,52.928525213069385,-4,10
55073,52.74180200949424,-4,10
55074,52.919561982166925,-4,10
55075,52.79407434301732,-4,10
55076,52.78511076855039,-4,10
55077,52.7582199080133,-4,10
55078,52.749256242140646,-4,10
55079,52.74029255343036,-4,10
55080,52.73132884188799,-4,10
55081,52.72236510751906,-4,10
55082,52.71340135032907,-4,10
55083,52.70443757032351,-4,10
55084,52.657038109522674,-4,10
55085,52.72387358985649,-4,10
55086,52.80303789461899,-4,10
55087,52.84791589715581,-4,10
55088,52.94020236104359,-4,10
55089,52.92228000666562,-4,10
55090,52.91225241320211,-4,10
55091,52.92121328142279,-4,10
55092,52.702913561045975,-4,10
55093,52.71187684939494,-4,10
55094,52.72084011472801,-4,10
55095,52.72980335703952,-4,10
55096,52.73876657632382,-4,10
55097,52.78358232713878,-4,10
55098,52.792545408140725,-4,10
55099,52.90906335999282,-4,10
55100,52.93017412572432,-4,10
55101,52.903291521068645,-4,10
55102,52.93913494610038,-4,10
55103,52.95705651505059,-4,10
55104,52.98393868887581,-4,10
55105,52.99289936556536,-4,10
55106,53.00186001828486,-4,10
55107,53.01082064702789,-4,10
55108,52.91647362894321,-4,10
55109,52.92543586149584,-4,10
55110,52.9343980706894,-4,10
55111,52.943360256517934,-4,10
55112,52.67499937816736,-4,10
55113,52.68396240522538,-4,10
55114,52.94809574254457,-4,10
55115,52.93124119574658,-4,10
55116,52.8943306050287,-4,10
55117,52.65237685828444,-4,10
55118,52.87166211600108,-4,10
55119,52.90435755717692,-4,10
55120,52.88062446526033,-4,10
55121,52.88958679119008,-4,10
55122,52.89854909378441,-4,10
55123,52.69395024968676,-4,10
55124,52.90751137303744,-4,10
55125,53.02383118161524,-4,10
55126,52.96111771486613,-4,10
55127,52.95215854972614,-4,10
55128,52.93424014566859,-4,10
55129,52.8584867019307,-4,10
55130,52.88944370547429,-4,10
55131,52.86256554673861,-4,10
55132,52.85360611143098,-4,10
55133,52.79984898490412,-4,10
55134,52.79088937809918,-4,10
55135,52.78192974682162,-4,10
55136,52.772970091078165,-4,10
55137,52.764010410875535,-4,10
55138,52.91853991969111,-4,10
55139,52.74609097711954,-4,10
55140,52.67441226506848,-4,10
55141,52.66545231625668,-4,10
55142,52.88048434376706,-4,10
55143,52.87958158777009,-4,10
55144,52.85269548012148,-4,10
55145,52.843733397331455,-4,10
55146,52.92963782036282,-4,10
55147,52.93859846738931,-4,10
55148,52.94755909041276,-4,10
55149,52.956519689426806,-4,10
55150,52.877705776159374,-4,10
55151,52.85083023404363,-4,10
55152,53.065656174380166,-4,10
55153,52.65024202179063,-4,10
55154,53.07461698216535,-4,10
55155,53.0835777660659,-4,10
55156,53.09253852607555,-4,10
55157,52.92067714933971,-4,10
55158,52.8593358465412,-4,10
55159,52.841407369451005,-4,10
55160,52.9901932566297,-4,10
55161,52.98123345476699,-4,10
55162,52.97227362858095,-4,10
55163,52.89163409945093,-4,10
55164,52.882674030396046,-4,10
55165,52.87371393709058,-4,10
55166,52.86475381954111,-4,10
55167,52.85579367775423,-4,10
55168,52.84683351173648,-4,10
55169,52.78411167169854,-4,10
55170,52.85037161927902,-4,10
55171,52.83244309706248,-4,10
55172,52.91171645432636,-4,10
55173,52.86691261962983,-4,10
55174,52.659202892747565,-4,10
55175,52.84737562494573,-4,10
55176,52.86529628296705,-4,10
55177,52.87425657573242,-4,10
55178,52.88321684432555,-4,10
55179,52.892177088739935,-4,10
55180,52.66603632798163,-4,10
55181,53.09200280474386,-4,10
55182,53.08304221810749,-4,10
55183,53.074081607508674,-4,10
55184,53.03823892561637,-4,10
55185,52.90275573532921,-4,10
55186,53.02927819530093,-4,10
55187,53.01135666290386,-4,10
55188,52.65707325467392,-4,10
55189,52.64811015824996,-4,10
55190,52.65552425243246,-4,10
55191,52.64288447995932,-4,10
55192,52.651845891734105,-4,10
55193,52.66080727970782,-4,10
55194,52.831069120698885,-4,10
55195,52.84003003133736,-4,10
55196,52.84899091804289,-4,10
55197,52.85795178080916,-4,10
55198,53.02031744106131,-4,10
55199,52.82347880211879,-4,10
55200,52.81451448462528,-4,10
55201,52.74279913351973,-4,10
55202,52.65866443959872,-4,10
55203,53.098822233445325,-4,10
55204,53.0898594395434,-4,10
55205,53.080896622590245,-4,10
55206,53.07193378259157,-4,10
55207,53.062970919553095,-4,10
55208,52.72781546625502,-4,10
55209,52.718849950876326,-4,10
55210,53.05400803348053,-4,10
55211,53.04504512437958,-4,10
55212,53.03608219225591,-4,10
55213,52.6676251129586,-4,10
55214,53.02711923711528,-4,10
55215,53.018156258963344,-4,10
55216,53.00919325780576,-4,10
55217,53.00023023364823,-4,10
55218,52.83895535750196,-4,10
55219,52.66448682629032,-4,10
55220,52.70929934558539,-4,10
55221,52.75411128101714,-4,10
55222,52.76307359797492,-4,10
55223,52.80788483179498,-4,10
55224,52.87826517422119,-4,10
55225,52.8168470083236,-4,10
55226,52.649703742150855,-4,10
55227,52.757230520302016,-4,10
55228,52.76619092826858,-4,10
55229,52.975513311222514,-4,10
55230,52.72487007061593,-4,10
55231,52.71590550542396,-4,10
55232,53.10149926218793,-4,10
55233,53.11942066269541,-4,10
55234,53.12838132707782,-4,10
55235,52.82506926047101,-4,10
55236,52.834028233920726,-4,10
55237,52.86986388039721,-4,10
55238,52.87882273015104,-4,10
55239,52.88778155514488,-4,10
55240,52.89674035537174,-4,10
55241,52.90569913082469,-4,10
55242,52.72829994078484,-4,10
55243,52.719334269102056,-4,10
55244,52.71036857538383,-4,10
55245,52.725859210919495,-4,10
55246,52.73482407283302,-4,10
55247,52.82562389870175,-4,10
55248,52.834583051206366,-4,10
55249,52.870419414635165,-4,10
55250,52.8883374482994,-4,10
55251,52.89729642809482,-4,10
55252,52.90625538318992,-4,10
55253,52.74378891237986,-4,10
55254,52.77515131206958,-4,10
55255,52.69292540914999,-4,10
55256,52.70188838993544,-4,10
55257,52.755050706220416,-4,10
55258,52.71981428206591,-4,10
55259,52.97117893974272,-4,10
55260,52.96221944303614,-4,10
55261,53.01661492152959,-4,10
55262,53.025577400924405,-4,10
55263,53.03453985710234,-4,10
55264,52.95325992187417,-4,10
55265,52.94430037626359,-4,10
55266,52.9353408062111,-4,10
55267,52.92638121172343,-4,10
55268,52.91742159280732,-4,10
55269,52.89950228171658,-4,10
55270,52.85005857333107,-4,10
55271,52.885903260872254,-4,10
55272,52.89486437321525,-4,10
55273,52.90382546172879,-4,10
55274,52.912786526406606,-4,10
55275,53.043502290057546,-4,10
55276,53.05246469978419,-4,10
55277,53.0614270862764,-4,10
55278,53.07038944952834,-4,10
55279,53.07935178953413,-4,10
55280,52.9217475672424,-4,10
55281,52.93966957736283,-4,10
55282,52.99868989311262,-4,10
55283,52.97180217650619,-4,10
55284,52.96283955793238,-4,10
55285,52.94491425126208,-4,10
55286,53.00175389863806,-4,10
55287,53.01071741578194,-4,10
55288,53.02864438167366,-4,10
55289,53.03760783041042,-4,10
55290,52.85524954801764,-4,10
55291,53.046571256333735,-4,10
55292,52.70236536854554,-4,10
55293,53.07346139716756,-4,10
55294,53.08242473178163,-4,10
55295,52.86420951406999,-4,10
55296,52.873169455812985,-4,10
55297,52.94863054663484,-4,10
55298,52.88212937323997,-4,10
55299,52.90004913511938,-4,10
55300,52.909008979558536,-4,10
55301,52.91796879965513,-4,10
55302,52.953807836482646,-4,10
55303,52.71085134757599,-4,10
55304,52.96276753476648,-4,10
55305,52.97172720866769,-4,10
55306,52.98068685817962,-4,10
55307,53.09138804355448,-4,10
55308,52.926988851933466,-4,10
55309,52.93595156317716,-4,10
55310,52.891089266344295,-4,10
55311,52.99279035870284,-4,10
55312,52.89539629678159,-4,10
55313,52.87747370472017,-4,10
55314,53.00868149810885,-4,10
55315,53.01764433367823,-4,10
55316,53.02660714617373,-4,10
55317,53.03556993558964,-4,10
55318,53.06245816530242,-4,10
55319,53.071420862342535,-4,10
55320,53.08038353627429,-4,10
55321,53.08934618709196,-4,10
55322,53.1072714193619,-4,10
55323,53.10675597456074,-4,10
55324,53.0798685918793,-4,10
55325,53.070906084611856,-4,10
55326,53.06194355416729,-4,10
55327,53.04401842377004,-4,10
55328,53.03505582382895,-4,10
55329,53.01713055449086,-4,10
55330,53.00816788510543,-4,10
55331,52.99920519258344,-4,10
55332,52.99024247693066,-4,10
55333,52.97231697625581,-4,10
55334,52.96335419124527,-4,10
55335,52.945428551906666,-4,10
55336,52.9364656975901,-4,10
55337,52.99971863947135,-4,10
55338,52.99075575777144,-4,10
55339,52.981792853014845,-4,10
55340,52.97282992520725,-4,10
55341,52.86851237306647,-4,10
55342,52.85955101767244,-4,10
55343,52.8505896385442,-4,10
55344,52.7161661077186,-4,10
55345,52.70720434968212,-4,10
55346,52.69496776079961,-4,10
55347,52.70393140038377,-4,10
55348,52.71289501709137,-4,10
55349,52.88854357672579,-4,10
55350,52.89750554220792,-4,10
55351,52.72185861091688,-4,10
55352,52.88643501262728,-4,10
55353,52.73082218185471,-4,10
55354,52.7487492550452,-4,10
55355,52.75771275728669,-4,10
55356,52.78460312652934,-4,10
55357,52.79356653709765,-4,10
55358,52.80252992473371,-4,10
55359,52.81149328943187,-4,10
55360,52.928014940604136,-4,10
55361,52.93697798358115,-4,10
55362,52.94594100353565,-4,10
55363,52.95490400046196,-4,10
55364,52.9638669743544,-4,10
55365,52.73978572989935,-4,10
55366,53.099333792697685,-4,10
55367,52.913318793807,-4,10
55368,53.081407850698696,-4,10
55369,52.74079754128967,-4,10
55370,52.7154083429639,-4,10
55371,52.979208766063095,-4,10
55372,52.97024667375404,-4,10
55373,52.96128455805619,-4,10
55374,52.95232241897551,-4,10
55375,52.7587252218907,-4,10
55376,52.64916363456897,-4,10
55377,52.65812415792284,-4,10
55378,53.2306630905563,-4,10
55379,53.0693506078204,-4,10
55380,53.06038858074464,-4,10
55381,53.05142653028993,-4,10
55382,53.04246445646224,-4,10
55383,52.66708465711797,-4,10
55384,52.73333712994267,-4,10
55385,52.91802611753675,-4,10
55386,52.98447418498789,-4,10
55387,52.9934350348608,-4,10
55388,52.74230148959118,-4,10
55389,52.98817083497737,-4,10
55390,52.99713288049095,-4,10
55391,53.04194275683881,-4,10
55392,53.0903708331896,-4,10
55393,53.082504813050384,-4,10
55394,53.09146522571659,-4,10
55395,53.03350235926752,-4,10
55396,53.10042561434208,-4,10
55397,52.71390584965954,-4,10
55398,52.7228697696261,-4,10
55399,52.73183366683797,-4,10
55400,53.002395860834895,-4,10
55401,53.05090466182246,-4,10
55402,52.75126582667202,-4,10
55403,52.76023014117983,-4,10
55404,52.70494190694373,-4,10
55405,52.756688318911046,-4,10
55406,52.74976139297574,-4,10
55407,52.77460876071429,-4,10
55408,52.80047964974545,-4,10
55409,52.94696035923677,-4,10
55410,52.973850270204586,-4,10
55411,52.84628955766252,-4,10
55412,52.98281352804887,-4,10
55413,52.99177676297801,-4,10
55414,53.00073997498638,-4,10
55415,52.76564855193113,-4,10
55416,53.07244484523062,-4,10
55417,53.06348181679102,-4,10
55418,53.05451876538557,-4,10
55419,53.04555569101996,-4,10
55420,53.00970316406837,-4,10
55421,52.791516923870766,-4,10
55422,52.72877719339942,-4,10
55423,53.018666330218366,-4,10
55424,53.02762947343069,-4,10
55425,52.87218062075249,-4,10
55426,52.89906810133333,-4,10
55427,52.78356894525398,-4,10
55428,52.916992972034286,-4,10
55429,52.90214338317609,-4,10
55430,52.93799700978785,-4,10
55431,53.024540238711694,-4,10
55432,53.01557809480072,-4,10
55433,52.99765373693709,-4,10
55434,52.98869152299629,-4,10
55435,52.90803054832301,-4,10
55436,52.97076702512628,-4,10
55437,52.979729285724034,-4,10
55438,52.95284243397781,-4,10
55439,52.92595537246127,-4,10
55440,52.93491774959812,-4,10
55441,52.943880103438936,-4,10
55442,52.961804741208894,-4,10
55443,53.03659259369977,-4,10
55444,51.73753310833915,-4,10
55445,51.40099181944269,-4,10
55446,51.38307717185669,-4,10
55447,51.67486699671436,-4,10
55448,51.71962864355724,-4,10
55449,51.79124583676754,-4,10
55450,51.80019786096535,-4,10
55451,51.80914985736582,-4,10
55452,51.454735141904656,-4,10
55453,51.639057181084695,-4,10
55454,51.40994910448604,-4,10
55455,51.418906363686204,-4,10
55456,51.68568824962429,-4,10
55457,51.68381938146314,-4,10
55458,51.73957385551751,-4,10
55459,51.68506705412466,-4,10
55460,51.36689965734868,-4,10
55461,51.75668832572319,-4,10
55462,51.76564086058456,-4,10
55463,51.60324692326455,-4,10
55464,51.38132313299761,-4,10
55465,51.39027991084316,-4,10
55466,51.71270650743968,-4,10
55467,51.721662316468056,-4,10
55468,51.73061809916331,-4,10
55469,51.7933078400356,-4,10
55470,51.80226341177983,-4,10
55471,51.46369227177593,-4,10
55472,51.81121895711934,-4,10
55473,51.82017447604613,-4,10
55474,51.71192523765608,-4,10
55475,51.70297253735228,-4,10
55476,51.69401980950555,-4,10
55477,51.3758575991634,-4,10
55478,51.38481551537944,-4,10
55479,51.46123924653268,-4,10
55480,51.40273127098609,-4,10
55481,51.61406363261385,-4,10
55482,51.74773576326604,-4,10
55483,51.72983055559971,-4,10
55484,51.72087791040814,-4,10
55485,51.60511043219416,-4,10
55486,51.54953070866231,-4,10
55487,51.58720394925441,-4,10
55488,51.57825066675165,-4,10
55489,51.44394815277241,-4,10
55490,51.43499443379963,-4,10
55491,51.39917928592587,-4,10
55492,51.558483480019376,-4,10
55493,51.55910541265586,-4,10
55494,51.57701126946097,-4,10
55495,51.58596415662113,-4,10
55496,51.594917016274735,-4,10
55497,51.603869848413005,-4,10
55498,51.819355489745874,-4,10
55499,51.80145072389531,-4,10
55500,51.8187295422659,-4,10
55501,51.80977737313864,-4,10
55502,51.80082517628389,-4,10
55503,51.79187295171055,-4,10
55504,51.631969951309706,-4,10
55505,51.76501611176825,-4,10
55506,51.71130168468424,-4,10
55507,51.70234918341462,-4,10
55508,51.69339665452414,-4,10
55509,51.68444409802166,-4,10
55510,51.67549151391599,-4,10
55511,51.61282265302722,-4,10
55512,51.72920660432554,-4,10
55513,51.39377340598945,-4,10
55514,51.50476643881913,-4,10
55515,51.67673526847388,-4,10
55516,51.411689110361976,-4,10
55517,51.57638894005182,-4,10
55518,51.69464120332693,-4,10
55519,51.67611427121841,-4,10
55520,51.70359412957308,-4,10
55521,51.381909556315165,-4,10
55522,51.39086652099871,-4,10
55523,51.46252130282308,-4,10
55524,51.60449101810521,-4,10
55525,51.586584930185005,-4,10
55526,51.577631845076496,-4,10
55527,51.712547028354,-4,10
55528,51.72149989966096,-4,10
55529,51.56867873254728,-4,10
55530,51.829129968552216,-4,10
55531,51.7304527434852,-4,10
55532,51.74835834865063,-4,10
55533,51.79249829950554,-4,10
55534,51.8199796682506,-4,10
55535,51.81102709973583,-4,10
55536,51.80207450365054,-4,10
55537,51.7931218800035,-4,10
55538,51.8739070344916,-4,10
55539,51.66778225988438,-4,10
55540,51.86495167420928,-4,10
55541,51.84704087427022,-4,10
55542,51.49581350230014,-4,10
55543,51.477907546781616,-4,10
55544,51.78416922880356,-4,10
55545,51.775216550059504,-4,10
55546,51.75731110997426,-4,10
55547,51.85599628746613,-4,10
55548,51.55015244302835,-4,10
55549,51.575764856996194,-4,10
55550,51.555978225556345,-4,10
55551,51.62791202179359,-4,10
55552,51.6368667296898,-4,10
55553,51.64582141080085,-4,10
55554,51.65477606511853,-4,10
55555,51.663730692634594,-4,10
55556,51.67268529334077,-4,10
55557,51.72641233410744,-4,10
55558,51.47439326799192,-4,10
55559,51.61895728712048,-4,10
55560,51.60073767106307,-4,10
55561,51.6186412539324,-4,10
55562,51.6275930034738,-4,10
55563,51.63654472507425,-4,10
55564,51.73536674691286,-4,10
55565,51.7443211328421,-4,10
55566,51.75327549188689,-4,10
55567,51.76222982403887,-4,10
55568,51.80700108111508,-4,10
55569,51.609689476459145,-4,10
55570,51.81595525173509,-4,10
55571,51.60104773747639,-4,10
55572,51.583138080823225,-4,10
55573,51.66129403557812,-4,10
55574,51.65234018564941,-4,10
55575,51.57175431755253,-4,10
55576,51.55384604932139,-4,10
55577,51.49116626004403,-4,10
55578,51.48221189654847,-4,10
55579,51.46430308872729,-4,10
55580,51.89061796971904,-4,10
55581,51.59209292252184,-4,10
55582,51.45534864441833,-4,10
55583,51.46485624515876,-4,10
55584,51.45589874431802,-4,10
55585,51.60778850610064,-4,10
55586,51.61673967715578,-4,10
55587,51.62569082004236,-4,10
55588,51.45776749349072,-4,10
55589,51.465435608168114,-4,10
55590,51.46672270874924,-4,10
55591,51.635912218366215,-4,10
55592,51.67024785839277,-4,10
55593,51.36632232161431,-4,10
55594,51.38423781169252,-4,10
55595,51.48342597569446,-4,10
55596,51.57297227377396,-4,10
55597,51.58192675588782,-4,10
55598,51.56462391799956,-4,10
55599,51.60879004087675,-4,10
55600,51.68042428279648,-4,10
55601,51.68937844172198,-4,10
55602,51.725194807473216,-4,10
55603,51.84281760185396,-4,10
55604,51.734148831381376,-4,10
55605,51.382494235980666,-4,10
55606,51.3914513869514,-4,10
55607,51.40040851202203,-4,10
55608,51.46310766167692,-4,10
55609,51.5197599015899,-4,10
55610,51.57451143053624,-4,10
55611,51.60136761655809,-4,10
55612,51.6103196229065,-4,10
55613,51.36457985636918,-4,10
55614,51.37528007948839,-4,10
55615,51.82490939540384,-4,10
55616,51.46551639426605,-4,10
55617,51.39319551821932,-4,10
55618,51.40215319906135,-4,10
55619,51.41111085421123,-4,10
55620,51.78602877084956,-4,10
55621,51.77707549815669,-4,10
55622,51.75916887087315,-4,10
55623,51.75021551629973,-4,10
55624,51.74126213444998,-4,10
55625,51.47447119837402,-4,10
55626,51.732308725332565,-4,10
55627,51.66963409873562,-4,10
55628,51.66068047178522,-4,10
55629,51.65172681764418,-4,10
55630,51.454739564476846,-4,10
55631,51.4200684836615,-4,10
55632,51.42902608740478,-4,10
55633,51.43798366543357,-4,10
55634,51.45656156337875,-4,10
55635,51.67858769848682,-4,10
55636,51.679201654084856,-4,10
55637,51.75083104219026,-4,10
55638,51.759784593396766,-4,10
55639,51.4661204254608,-4,10
55640,51.457165402111976,-4,10
55641,51.4303001719195,-4,10
55642,51.4213450418338,-4,10
55643,51.6352779548751,-4,10
55644,51.62632663731446,-4,10
55645,51.61737529165519,-4,10
55646,51.46970790164272,-4,10
55647,51.47507542210509,-4,10
55648,51.46075173511702,-4,10
55649,51.40701418493275,-4,10
55650,51.45595597743332,-4,10
55651,51.4649106153073,-4,10
55652,51.47386522632698,-4,10
55653,51.4828198104841,-4,10
55654,51.4917743677704,-4,10
55655,51.66190583970445,-4,10
55656,51.67981384890318,-4,10
55657,51.42492680656688,-4,10
55658,51.564299275461856,-4,10
55659,51.54671443291511,-4,10
55660,51.8242993740252,-4,10
55661,51.573578620353935,-4,10
55662,51.58253329590541,-4,10
55663,51.59148794464578,-4,10
55664,51.60044256656678,-4,10
55665,51.60939716166014,-4,10
55666,51.61835172991764,-4,10
55667,51.62730627133098,-4,10
55668,51.63626078589191,-4,10
55669,51.85116105797859,-4,10
55670,51.67207857544549,-4,10
55671,51.68998730889201,-4,10
55672,51.7258044527915,-4,10
55673,51.734758671427386,-4,10
55674,51.75266702783384,-4,10
55675,51.76162116558766,-4,10
55676,51.77057527636404,-4,10
55677,51.806391449527005,-4,10
55678,51.81534542529006,-4,10
55679,51.68103295561987,-4,10
55680,51.60010597085302,-4,10
55681,51.60905757474261,-4,10
55682,51.61800915063073,-4,10
55683,51.76935227027132,-4,10
55684,51.77830596328229,-4,10
55685,51.79621326785245,-4,10
55686,51.42433420994202,-4,10
55687,51.40642196579918,-4,10
55688,51.397465804305575,-4,10
55689,51.41299101803104,-4,10
55690,51.78315712962703,-4,10
55691,51.76039855012107,-4,10
55692,51.8547981151746,-4,10
55693,51.872708095686825,-4,10
55694,51.881663046017,-4,10
55695,51.42194636631835,-4,10
55696,51.83202755094669,-4,10
55697,51.79559852605993,-4,10
55698,51.7866450837357,-4,10
55699,51.777691614178046,-4,10
55700,51.76873811739555,-4,10
55701,51.86375311873665,-4,10
55702,51.7514448028401,-4,10
55703,51.774201886923805,-4,10
55704,51.7652466176898,-4,10
55705,51.62696069850833,-4,10
55706,51.89001545425462,-4,10
55707,51.881060723213565,-4,10
55708,51.872105965468414,-4,10
55709,51.86315118102735,-4,10
55710,51.85419636989857,-4,10
55711,51.84524153209029,-4,10
55712,51.78255692109303,-4,10
55713,51.77360187014284,-4,10
55714,51.742491028436845,-4,10
55715,51.76464679258658,-4,10
55716,51.7019605054039,-4,10
55717,51.66613918578432,-4,10
55718,51.65718378958661,-4,10
55719,51.66673690738735,-4,10
55720,51.72046987384036,-4,10
55721,51.729425275607326,-4,10
55722,51.73838065088382,-4,10
55723,51.7562913219331,-4,10
55724,51.6192716014105,-4,10
55725,51.62822355206112,-4,10
55726,51.59983563944753,-4,10
55727,51.717741524647295,-4,10
55728,51.39687202960859,-4,10
55729,51.8415950076259,-4,10
55730,51.850548679501664,-4,10
55731,51.39627651085189,-4,10
55732,51.44105515936144,-4,10
55733,51.81164931026226,-4,10
55734,51.80269651540088,-4,10
55735,51.45001080972244,-4,10
55736,51.45896643361786,-4,10
55737,51.40582800191545,-4,10
55738,51.46792203103976,-4,10
55739,51.59329761073783,-4,10
55740,51.60225281009403,-4,10
55741,51.61120798284804,-4,10
55742,51.62016312899175,-4,10
55743,51.638073341415854,-4,10
55744,51.64702840767998,-4,10
55745,51.65598344730135,-4,10
55746,51.67389344658323,-4,10
55747,51.68284840622741,-4,10
55748,51.54852121520684,-4,10
55749,51.71866797796889,-4,10
55750,51.441651627541866,-4,10
55751,51.76996465664275,-4,10
55752,51.57513902044169,-4,10
55753,51.58409131043322,-4,10
55754,51.60199580718904,-4,10
55755,51.61990019291581,-4,10
55756,51.62885234412097,-4,10
55757,51.67329025043456,-4,10
55758,51.68224501747922,-4,10
55759,51.63717547484934,-4,10
55760,51.72701845127653,-4,10
55761,51.83264130861986,-4,10
55762,51.73597305769312,-4,10
55763,51.75388219011746,-4,10
55764,51.76283671610867,-4,10
55765,51.80760894352375,-4,10
55766,51.81656330844047,-4,10
55767,51.825517646482375,-4,10
55768,51.84342624190835,-4,10
55769,51.85238049927575,-4,10
55770,51.87028893327763,-4,10
55771,51.87924310989536,-4,10
55772,51.74492763730952,-4,10
55773,51.566186702719605,-4,10
55774,51.72762280415457,-4,10
55775,51.76344184165254,-4,10
55776,51.59366980853776,-4,10
55777,51.602622242807286,-4,10
55778,51.62052702829948,-4,10
55779,51.72795341220495,-4,10
55780,51.79061695482591,-4,10
55781,51.79956877808916,-4,10
55782,51.52033686865422,-4,10
55783,51.51137896879296,-4,10
55784,51.50242104336545,-4,10
55785,51.58471734659779,-4,10
55786,51.86194198638202,-4,10
55787,51.365743242782166,-4,10
55788,51.37470081616488,-4,10
55789,51.3836583638062,-4,10
55790,51.40157338183475,-4,10
55791,51.41053085220708,-4,10
55792,51.41948829680813,-4,10
55793,51.42844571563046,-4,10
55794,51.45531781735,-4,10
55795,51.46427513298236,-4,10
55796,51.870896384119234,-4,10
55797,51.75448712238117,-4,10
55798,51.49519120726683,-4,10
55799,51.39083838259061,-4,10
55800,51.83507863216328,-4,10
55801,51.84403311039574,-4,10
55802,51.79374369305589,-4,10
55803,51.78479084323602,-4,10
55804,51.77583796595007,-4,10
55805,51.76688506120672,-4,10
55806,51.75793212901475,-4,10
55807,51.74002618231972,-4,10
55808,51.731073167834126,-4,10
55809,51.852987561804746,-4,10
55810,51.72212012593474,-4,10
55811,51.68630768437307,-4,10
55812,51.67735450553498,-4,10
55813,51.856592714195344,-4,10
55814,51.66840129933517,-4,10
55815,51.65944806578228,-4,10
55816,51.641541516651735,-4,10
55817,51.43560836234432,-4,10
55818,51.41770045177647,-4,10
55819,51.39979243275253,-4,10
55820,51.713167056630255,-4,10
55821,51.664335456647294,-4,10
55822,51.71806381806797,-4,10
55823,51.646425788877934,-4,10
55824,51.88941116398018,-4,10
55825,51.88045662616244,-4,10
55826,51.87150206156442,-4,10
55827,51.86254747019438,-4,10
55828,51.85359285206055,-4,10
55829,51.844638207171215,-4,10
55830,51.82672883715896,-4,10
55831,51.80331675899809,-4,10
55832,51.79436373851453,-4,10
55833,51.78541069063392,-4,10
55834,51.77645761536498,-4,10
55835,51.76750451271639,-4,10
55836,51.75855138269682,-4,10
55837,51.74959822531495,-4,10
55838,51.74064504057944,-4,10
55839,51.73169182849893,-4,10
55840,51.72273858908208,-4,10
55841,51.65538063612569,-4,10
55842,51.68692535822395,-4,10
55843,51.66901857900108,-4,10
55844,51.66006514847128,-4,10
55845,51.61060613278895,-4,10
55846,51.6016511520331,-4,10
55847,51.59269614460012,-4,10
55848,51.556875848259736,-4,10
55849,51.726693168315,-4,10
55850,51.73564478402084,-4,10
55851,51.4749710658719,-4,10
55852,51.46601322187386,-4,10
55853,51.42122361801663,-4,10
55854,51.41226562052326,-4,10
55855,51.403307597472974,-4,10
55856,51.37643337505417,-4,10
55857,51.50299589075426,-4,10
55858,51.51195399953463,-4,10
55859,51.427266408781,-4,10
55860,51.504140329619545,-4,10
55861,51.752056798103176,-4,10
55862,51.76101074089996,-4,10
55863,51.38672362940284,-4,10
55864,51.39567924817549,-4,10
55865,51.40463484045664,-4,10
55866,51.449412404209326,-4,10
55867,51.45836783737317,-4,10
55868,51.52105512573581,-4,10
55869,51.538965540238266,-4,10
55870,51.54792070756318,-4,10
55871,51.49518183045059,-4,10
55872,51.40040383638789,-4,10
55873,51.55566918885054,-4,10
55874,51.81062171281683,-4,10
55875,51.70136025689453,-4,10
55876,51.69240515841646,-4,10
55877,51.76404520052641,-4,10
55878,51.77300008584539,-4,10
55879,51.87330845207573,-4,10
55880,51.864353283178446,-4,10
55881,51.84644286578325,-4,10
55882,51.83748761730158,-4,10
55883,51.72822539259786,-4,10
55884,51.80166635833556,-4,10
55885,51.674494881643625,-4,10
55886,51.79271097737453,-4,10
55887,51.65658449850253,-4,10
55888,51.75688918889341,-4,10
55889,51.456477922671816,-4,10
55890,51.7300225698881,-4,10
55891,51.72106697737767,-4,10
55892,51.550905711272,-4,10
55893,51.4702996945266,-4,10
55894,51.46134333940432,-4,10
55895,51.59389732079258,-4,10
55896,51.619561086859534,-4,10
55897,51.755090288534,-4,10
55898,51.73718038456156,-4,10
55899,51.63747091491221,-4,10
55900,51.73897813598287,-4,10
55901,51.39144959153557,-4,10
55902,52.10666017696101,-4,10
55903,52.06194452057147,-4,10
55904,52.07088771434291,-4,10
55905,52.35191073851473,-4,10
55906,52.213974558836846,-4,10
55907,52.46828602494969,-4,10
55908,52.28029285560069,-4,10
55909,52.24080244812463,-4,10
55910,52.23185984980229,-4,10
55911,52.22291722003578,-4,10
55912,52.17820359995007,-4,10
55913,52.05300129557629,-4,10
55914,52.04335697857693,-4,10
55915,52.026171433363295,-4,10
55916,52.38771901718099,-4,10
55917,52.39667101770974,-4,10
55918,52.40562299056538,-4,10
55919,52.414574935738855,-4,10
55920,52.423526853221226,-4,10
55921,52.334006433376494,-4,10
55922,52.43247874300341,-4,10
55923,52.44143060507639,-4,10
55924,52.044058039368906,-4,10
55925,52.450382439431145,-4,10
55926,52.222211656905664,-4,10
55927,52.07018598047501,-4,10
55928,52.06124301115105,-4,10
55929,52.0523000105145,-4,10
55930,52.03441391534989,-4,10
55931,52.0254708208449,-4,10
55932,52.00758453804725,-4,10
55933,52.45933424605859,-4,10
55934,52.017228083588016,-4,10
55935,52.34295859975524,-4,10
55936,52.1768891387812,-4,10
55937,52.310857537983246,-4,10
55938,52.41846123509527,-4,10
55939,52.42741149735082,-4,10
55940,52.43636173124269,-4,10
55941,52.44531193676137,-4,10
55942,52.45426211389733,-4,10
55943,52.46321226264103,-4,10
55944,52.03159279292144,-4,10
55945,52.04053495380884,-4,10
55946,52.04947708304974,-4,10
55947,52.05841918063236,-4,10
55948,52.014415870335874,-4,10
55949,52.023358320728896,-4,10
55950,52.27134049613745,-4,10
55951,52.032300739588464,-4,10
55952,52.04124312690283,-4,10
55953,52.27687072861622,-4,10
55954,52.05018548266028,-4,10
55955,52.26791656750108,-4,10
55956,52.25896237955615,-4,10
55957,52.40951094448556,-4,10
55958,52.40056062553117,-4,10
55959,52.39161027824162,-4,10
55960,52.26630244628821,-4,10
55961,52.29172264746841,-4,10
55962,52.43434912211352,-4,10
55963,52.42539663149801,-4,10
55964,52.28215305327338,-4,10
55965,52.26424711353543,-4,10
55966,52.29233751272304,-4,10
55967,52.31919732176666,-4,10
55968,52.44267973464962,-4,10
55969,52.43372747128431,-4,10
55970,52.241053923210295,-4,10
55971,52.42477518037115,-4,10
55972,52.28153478650494,-4,10
55973,52.27258202863604,-4,10
55974,52.26362924337853,-4,10
55975,52.25467643074119,-4,10
55976,52.236770723362106,-4,10
55977,52.22154830861535,-4,10
55978,52.23049919248158,-4,10
55979,52.24840087573521,-4,10
55980,52.25735167510394,-4,10
55981,52.415822861919054,-4,10
55982,52.22314535964546,-4,10
55983,52.0591278068491,-4,10
55984,52.06807009945748,-4,10
55985,52.40624765677486,-4,10
55986,52.205236688928345,-4,10
55987,52.18732791112557,-4,10
55988,52.3972954833081,-4,10
55989,52.34358186337646,-4,10
55990,52.16759882615342,-4,10
55991,52.160464543781046,-4,10
55992,52.17655269828392,-4,10
55993,52.13352392693743,-4,10
55994,52.41519980264012,-4,10
55995,52.12457804731915,-4,10
55996,52.280914720563935,-4,10
55997,52.27196216161208,-4,10
55998,52.26300957519209,-4,10
55999,52.25405696131283,-4,10
56000,52.236151651211706,-4,10
56001,52.227198955007445,-4,10
56002,52.2660899343337,-4,10
56003,52.275043509226194,-4,10
56004,52.301904071433015,-4,10
56005,52.11563213754815,-4,10
56006,52.31981097742649,-4,10
56007,52.4241519208949,-4,10
56008,52.44205607453721,-4,10
56009,52.07701236047369,-4,10
56010,52.00617888076621,-4,10
56011,52.015121588278944,-4,10
56012,52.024064264359104,-4,10
56013,52.03300690899505,-4,10
56014,52.041949522175074,-4,10
56015,52.05089210388756,-4,10
56016,52.05983465412082,-4,10
56017,52.06877717286316,-4,10
56018,52.43310401153026,-4,10
56019,52.07771966010287,-4,10
56020,52.02476843112071,-4,10
56021,52.033711300971824,-4,10
56022,52.0426541394561,-4,10
56023,52.05159694656201,-4,10
56024,52.06053972227789,-4,10
56025,52.06948246659211,-4,10
56026,52.07842517949307,-4,10
56027,52.0873678609691,-4,10
56028,52.451008109906766,-4,10
56029,52.08666211582827,-4,10
56030,52.26238810912631,-4,10
56031,52.123719524164784,-4,10
56032,52.15495731948578,-4,10
56033,52.33149615755719,-4,10
56034,52.3762526803208,-4,10
56035,52.40310625830286,-4,10
56036,52.41205739496217,-4,10
56037,52.42100850360536,-4,10
56038,52.4299595842232,-4,10
56039,52.30464190862778,-4,10
56040,52.4389106368064,-4,10
56041,52.474437540434096,-4,10
56042,52.48339417564,-4,10
56043,52.492350785058015,-4,10
56044,52.18377472913819,-4,10
56045,52.174830127151495,-4,10
56046,52.094327331198215,-4,10
56047,52.44786166134568,-4,10
56048,52.29569043649448,-4,10
56049,52.39808581915906,-4,10
56050,52.38913046147652,-4,10
56051,52.06817800233154,-4,10
56052,52.05923278341874,-4,10
56053,52.10770309162738,-4,10
56054,52.12560717601306,-4,10
56055,52.16141501202221,-4,10
56056,52.17036690164652,-4,10
56057,52.17931876350158,-4,10
56058,52.18827059757838,-4,10
56059,52.19722240386784,-4,10
56060,52.20617418236094,-4,10
56061,52.21512593304861,-4,10
56062,52.2240776559218,-4,10
56063,52.24198101818837,-4,10
56064,52.25093265756356,-4,10
56065,52.2688358527523,-4,10
56066,52.08538242317606,-4,10
56067,52.06749251551442,-4,10
56068,52.05854751589696,-4,10
56069,52.04065742514375,-4,10
56070,52.20680162996496,-4,10
56071,52.21575358186321,-4,10
56072,52.22470550602728,-4,10
56073,52.2336574024481,-4,10
56074,52.29631989982428,-4,10
56075,52.30527157397368,-4,10
56076,52.38583538810989,-4,10
56077,52.39478678360111,-4,10
56078,52.40373815117616,-4,10
56079,52.41268949082588,-4,10
56080,52.42164080254109,-4,10
56081,52.430592086312565,-4,10
56082,52.43954334213111,-4,10
56083,52.44849456998749,-4,10
56084,52.25394483747829,-4,10
56085,52.19784965034153,-4,10
56086,52.07712319081051,-4,10
56087,52.18889764300188,-4,10
56088,52.17099354520996,-4,10
56089,52.263582638969474,-4,10
56090,52.254638535154776,-4,10
56091,52.24569440049774,-4,10
56092,52.23675023500964,-4,10
56093,52.13836238300248,-4,10
56094,52.12941784841669,-4,10
56095,52.09363940332954,-4,10
56096,52.08469471542728,-4,10
56097,52.066805247743794,-4,10
56098,52.0578604679847,-4,10
56099,52.04891565762878,-4,10
56100,52.03997081668712,-4,10
56101,52.0310259451707,-4,10
56102,52.10832833119756,-4,10
56103,52.16204145477567,-4,10
56104,52.17994560795503,-4,10
56105,52.13079368196002,-4,10
56106,52.27390961533652,-4,10
56107,52.13147892121535,-4,10
56108,52.41078778281877,-4,10
56109,52.40183705386349,-4,10
56110,52.39288629673764,-4,10
56111,52.30337717815356,-4,10
56112,52.25862156572824,-4,10
56113,52.24967035914084,-4,10
56114,52.24071912454089,-4,10
56115,52.231767861937605,-4,10
56116,52.22281657134018,-4,10
56117,52.21386525275781,-4,10
56118,52.20491390619972,-4,10
56119,52.19596253167507,-4,10
56120,52.187011129193046,-4,10
56121,52.107076064605415,-4,10
56122,52.1780596987628,-4,10
56123,52.41973848359412,-4,10
56124,52.16910824039353,-4,10
56125,52.42868915618016,-4,10
56126,52.44659041674672,-4,10
56127,52.15005317174237,-4,10
56128,52.14110778866476,-4,10
56129,52.13216237523968,-4,10
56130,52.11427145739053,-4,10
56131,52.10532595298822,-4,10
56132,52.04270657426581,-4,10
56133,52.03376082773436,-4,10
56134,52.02481505098535,-4,10
56135,52.25181744488994,-4,10
56136,52.23390777440356,-4,10
56137,52.18913313344804,-4,10
56138,52.01586924402957,-4,10
56139,52.47268496368214,-4,10
56140,52.46449156444324,-4,10
56141,52.45554100470842,-4,10
56142,52.437639800567496,-4,10
56143,52.24500092508977,-4,10
56144,52.16015675409432,-4,10
56145,52.14225369774281,-4,10
56146,52.3666685459764,-4,10
56147,52.37561959136946,-4,10
56148,52.39352159796415,-4,10
56149,52.4024725591472,-4,10
56150,52.41142349224165,-4,10
56151,52.42037439723822,-4,10
56152,52.42932527412752,-4,10
56153,52.43827612290029,-4,10
56154,52.447226943547165,-4,10
56155,52.29417130673275,-4,10
56156,52.28521739429394,-4,10
56157,52.27626345493055,-4,10
56158,52.26730948865101,-4,10
56159,52.249401475377205,-4,10
56160,52.2404474283998,-4,10
56161,52.30401044330334,-4,10
56162,52.15120523987438,-4,10
56163,52.29505917375786,-4,10
56164,52.21449648996275,-4,10
56165,52.12435052978132,-4,10
56166,52.1153989039696,-4,10
56167,52.106447250282734,-4,10
56168,52.09749556872979,-4,10
56169,52.02549410678828,-4,10
56170,52.114952689684365,-4,10
56171,52.13284404386842,-4,10
56172,52.14178967559095,-4,10
56173,52.150735277052746,-4,10
56174,52.13956249749177,-4,10
56175,52.15183506232495,-4,10
56176,52.18764175959145,-4,10
56177,52.19659336426167,-4,10
56178,52.20554494105514,-4,10
56179,52.46429051612344,-4,10
56180,52.26820519729316,-4,10
56181,52.236056981781566,-4,10
56182,52.22711300756504,-4,10
56183,52.21816900245149,-4,10
56184,52.24008548412724,-4,10
56185,52.23113442468579,-4,10
56186,52.22218333716913,-4,10
56187,52.21323222158654,-4,10
56188,52.20428107794724,-4,10
56189,52.19532990626049,-4,10
56190,52.18637870653554,-4,10
56191,52.1774274787816,-4,10
56192,52.168476223007886,-4,10
56193,52.15952493922361,-4,10
56194,52.15057362743798,-4,10
56195,52.14162228766018,-4,10
56196,52.13267091989938,-4,10
56197,52.19477963153631,-4,10
56198,52.11476810046554,-4,10
56199,52.249036515484185,-4,10
56200,52.215379865358976,-4,10
56201,52.25798751874743,-4,10
56202,52.31169294783752,-4,10
56203,52.03720659351114,-4,10
56204,52.0282626060058,-4,10
56205,52.25115212353773,-4,10
56206,52.242209105895846,-4,10
56207,52.2332660569777,-4,10
56208,52.463852818463,-4,10
56209,52.45490246393602,-4,10
56210,52.44595208109957,-4,10
56211,52.4370016699631,-4,10
56212,52.4280512305361,-4,10
56213,52.41910076282802,-4,10
56214,52.224322976794895,-4,10
56215,52.410150266848326,-4,10
56216,52.40119974260643,-4,10
56217,52.39224919011178,-4,10
56218,52.30274211333209,-4,10
56219,52.046150550091866,-4,10
56220,52.20643672268153,-4,10
56221,52.18855034364813,-4,10
56222,52.46765814127794,-4,10
56223,52.25044946508784,-4,10
56224,52.24150667255024,-4,10
56225,52.23256384864669,-4,10
56226,52.22362099338884,-4,10
56227,52.21467810678834,-4,10
56228,52.19679223960576,-4,10
56229,52.18784925904692,-4,10
56230,52.17890624719182,-4,10
56231,52.07158766802729,-4,10
56232,52.06264425037077,-4,10
56233,52.05370080157914,-4,10
56234,52.463141235484855,-4,10
56235,52.04475732166383,-4,10
56236,52.14600457515808,-4,10
56237,52.45870656413972,-4,10
56238,52.197493548774055,-4,10
56239,52.449754959183934,-4,10
56240,52.431851665856186,-4,10
56241,52.072285841360056,-4,10
56242,52.06334220038092,-4,10
56243,52.03651109120883,-4,10
56244,52.0275673261111,-4,10
56245,52.11852610272287,-4,10
56246,52.15433644923564,-4,10
56247,52.1632889671054,-4,10
56248,52.17224145745412,-4,10
56249,52.19014635555299,-4,10
56250,52.33338156749889,-4,10
56251,52.38709294636693,-4,10
56252,52.396044745790746,-4,10
56253,52.40499651746063,-4,10
56254,52.41394826136756,-4,10
56255,52.422899977502446,-4,10
56256,52.44080332641973,-4,10
56257,52.25343569457621,-4,10
56258,52.05509447573672,-4,10
56259,52.09086986873103,-4,10
56260,52.03928242913016,-4,10
56261,52.25324934730999,-4,10
56262,52.144761442375966,-4,10
56263,52.16266610652033,-4,10
56264,52.17161839719613,-4,10
56265,52.18057066026248,-4,10
56266,52.18952289571045,-4,10
56267,52.19847510353111,-4,10
56268,52.20742728371553,-4,10
56269,52.377513444388576,-4,10
56270,52.38646506995895,-4,10
56271,52.39541666770355,-4,10
56272,52.40436823761323,-4,10
56273,52.41331977967886,-4,10
56274,52.422271293891335,-4,10
56275,52.15925325793924,-4,10
56276,52.43122278024148,-4,10
56277,52.16820735208348,-4,10
56278,52.18611545968452,-4,10
56279,52.13767156792404,-4,10
56280,52.12872725445997,-4,10
56281,52.11978291022258,-4,10
56282,52.11083853522309,-4,10
56283,52.101894129472655,-4,10
56284,52.09294969298244,-4,10
56285,52.08400522576363,-4,10
56286,52.06611619918475,-4,10
56287,52.057171639846935,-4,10
56288,52.04822704982503,-4,10
56289,52.47263049626008,-4,10
56290,52.30251553236723,-4,10
56291,52.27565438175131,-4,10
56292,52.26670061087934,-4,10
56293,52.23088525761784,-4,10
56294,52.17716141933471,-4,10
56295,52.08192606694284,-4,10
56296,52.44017423872017,-4,10
56297,52.45807707202648,-4,10
56298,52.2167780136806,-4,10
56299,52.20783442320965,-4,10
56300,52.10945288111592,-4,10
56301,52.09156492551674,-4,10
56302,52.07367684630039,-4,10
56303,52.0647327603639,-4,10
56304,52.05578864355692,-4,10
56305,52.04684449589066,-4,10
56306,52.03790031737636,-4,10
56307,52.25185299017092,-4,10
56308,52.24290974799169,-4,10
56309,52.23396647462569,-4,10
56310,52.22502317008442,-4,10
56311,52.2160798343794,-4,10
56312,52.207136467522126,-4,10
56313,52.22572157308833,-4,10
56314,52.4491256693182,-4,10
56315,52.23466510142144,-4,10
56316,52.25255206481799,-4,10
56317,52.46702844683576,-4,10
56318,52.24430565775734,-4,10
56319,52.23536193719618,-4,10
56320,52.22641818563796,-4,10
56321,52.217474403094,-4,10
56322,52.13697896771256,-4,10
56323,52.12803487593469,-4,10
56324,52.11909075329552,-4,10
56325,52.11014659980633,-4,10
56326,52.10120241547834,-4,10
56327,52.09225820032277,-4,10
56328,52.083313954350864,-4,10
56329,52.06542537000282,-4,10
56330,52.04753666252375,-4,10
56331,52.03859226263803,-4,10
56332,52.243608598668494,-4,10
56333,52.19819306952404,-4,10
56334,52.130614684500735,-4,10
56335,52.11602791975756,-4,10
56336,52.04742562314566,-4,10
56337,52.03847836700462,-4,10
56338,52.03676576851976,-4,10
56339,52.04571536981834,-4,10
56340,52.05466494241423,-4,10
56341,52.06361448629769,-4,10
56342,52.072564001459085,-4,10
56343,52.08151348788867,-4,10
56344,52.05637284965624,-4,10
56345,52.09941237451365,-4,10
56346,52.12626048871956,-4,10
56347,52.135209802554144,-4,10
56348,52.14415908758877,-4,10
56349,52.15310834381366,-4,10
56350,52.16205757121904,-4,10
56351,52.20680327561018,-4,10
56352,52.21575232989253,-4,10
56353,52.36788182472269,-4,10
56354,52.11731114609477,-4,10
56355,52.07426721374467,-4,10
56356,52.21963245819576,-4,10
56357,52.0832143513018,-4,10
56358,52.080863654168965,-4,10
56359,52.0898129037609,-4,10
56360,52.098762124519006,-4,10
56361,52.10771131643347,-4,10
56362,52.11666047949454,-4,10
56363,52.12560961369236,-4,10
56364,52.13455871901715,-4,10
56365,52.15245684300829,-4,10
56366,52.16140586165498,-4,10
56367,52.17035485138928,-4,10
56368,52.17930381220133,-4,10
56369,52.18825274408124,-4,10
56370,52.19720164701914,-4,10
56371,52.3403801498181,-4,10
56372,52.38512190552281,-4,10
56373,52.39407016921917,-4,10
56374,52.40301840374382,-4,10
56375,52.136896553170246,-4,10
56376,52.10110853738989,-4,10
56377,52.37683035750162,-4,10
56378,52.385778861213545,-4,10
56379,52.39472733584843,-4,10
56380,52.40367578139628,-4,10
56381,52.44012568799855,-4,10
56382,52.04700802778818,-4,10
56383,52.0828078021998,-4,10
56384,52.09175767438402,-4,10
56385,52.10070751798157,-4,10
56386,52.10965733298284,-4,10
56387,52.11860711937824,-4,10
56388,52.12755687715809,-4,10
56389,52.13650660631277,-4,10
56390,52.14545630683267,-4,10
56391,52.19020437957182,-4,10
56392,52.19915390807979,-4,10
56393,52.20810340788522,-4,10
56394,52.217052878978365,-4,10
56395,52.22600232134948,-4,10
56396,52.24390111988672,-4,10
56397,52.25285047603336,-4,10
56398,52.36918948512317,-4,10
56399,52.37813843772345,-4,10
56400,52.43117714811092,-4,10
56401,52.07191437575298,-4,10
56402,52.42222857918068,-4,10
56403,52.40433135423257,-4,10
56404,52.04636258991344,-4,10
56405,52.055312369711146,-4,10
56406,52.06426212087861,-4,10
56407,52.073211843406185,-4,10
56408,52.09111120250316,-4,10
56409,52.10006083905319,-4,10
56410,52.109010446924735,-4,10
56411,52.11796002610811,-4,10
56412,52.12690957659361,-4,10
56413,52.13585909837151,-4,10
56414,52.14480859143217,-4,10
56415,52.18955562563601,-4,10
56416,52.19850494618873,-4,10
56417,52.20745423795596,-4,10
56418,52.21640350092797,-4,10
56419,52.350638983405005,-4,10
56420,52.36853655626504,-4,10
56421,52.37748529924091,-4,10
56422,52.39538269823465,-4,10
56423,52.41327998121792,-4,10
56424,52.05401573248795,-4,10
56425,52.03611697404384,-4,10
56426,52.40235922143516,-4,10
56427,52.08785207054273,-4,10
56428,52.096800663372,-4,10
56429,52.10574922710831,-4,10
56430,52.11469776174175,-4,10
56431,52.12364626726226,-4,10
56432,52.13259474365988,-4,10
56433,52.150491609046426,-4,10
56434,52.15943999801532,-4,10
56435,52.16838835782123,-4,10
56436,52.17733668845414,-4,10
56437,52.186284989904,-4,10
56438,52.19523326216072,-4,10
56439,52.20418150521428,-4,10
56440,52.21312971905458,-4,10
56441,52.31155814033099,-4,10
56442,52.32050600282271,-4,10
56443,52.32945383596931,-4,10
56444,52.338401639760605,-4,10
56445,52.34734941418637,-4,10
56446,52.0789034486305,-4,10
56447,52.35629715923634,-4,10
56448,52.06995479764527,-4,10
56449,52.37352860554208,-4,10
56450,52.07824647918177,-4,10
56451,52.08719489073737,-4,10
56452,52.11403995036535,-4,10
56453,52.12298824519495,-4,10
56454,52.1587811323465,-4,10
56455,52.16772928104227,-4,10
56456,52.17667740048104,-4,10
56457,52.18562549065264,-4,10
56458,52.19457355154699,-4,10
56459,52.20352158315394,-4,10
56460,52.212469585463374,-4,10
56461,52.30194799495644,-4,10
56462,52.31089567432125,-4,10
56463,52.31984332426615,-4,10
56464,52.32879094478088,-4,10
56465,52.337738535855145,-4,10
56466,52.34668609747868,-4,10
56467,52.35563362964125,-4,10
56468,52.36458113233248,-4,10
56469,52.382476049259786,-4,10
56470,52.39603625621835,-4,10
56471,52.365244874900334,-4,10
56472,52.2001951040603,-4,10
56473,52.0533647400884,-4,10
56474,52.07126296644416,-4,10
56475,52.08021203628147,-4,10
56476,52.089161077211976,-4,10
56477,52.09811008922581,-4,10
56478,52.107059072313135,-4,10
56479,52.12495695166884,-4,10
56480,52.13390584791748,-4,10
56481,52.14285471520012,-4,10
56482,52.15180355350687,-4,10
56483,52.16075236282784,-4,10
56484,52.16970114315312,-4,10
56485,52.17864989447276,-4,10
56486,52.18759861677688,-4,10
56487,52.1965473100555,-4,10
56488,52.33972244690241,-4,10
56489,52.34867064521836,-4,10
56490,52.35761881432839,-4,10
56491,52.3934111985067,-4,10
56492,52.37485471433773,-4,10
56493,52.37419256116807,-4,10
56494,52.36590681558389,-4,10
56495,52.34801093015312,-4,10
56496,52.1912481382,-4,10
56497,52.18230114262798,-4,10
56498,52.1554599777459,-4,10
56499,52.13756571945698,-4,10
56500,52.07955863438291,-4,10
56501,52.08850746608682,-4,10
56502,52.09745626879102,-4,10
56503,52.10640504248559,-4,10
56504,52.15114847546692,-4,10
56505,52.16009707489526,-4,10
56506,52.16904564524437,-4,10
56507,52.177994186504286,-4,10
56508,52.186942698665,-4,10
56509,52.19589118171653,-4,10
56510,52.20483963564886,-4,10
56511,52.31221880788394,-4,10
56512,52.32116688235179,-4,10
56513,52.33011492755938,-4,10
56514,52.33906294349654,-4,10
56515,52.35695888751898,-4,10
56516,52.06929803846974,-4,10
56517,52.40498512209314,-4,10
56518,52.422882767047895,-4,10
56519,52.2189902536513,-4,10
56520,52.22794031722122,-4,10
56521,52.23689035230725,-4,10
56522,52.24584035889983,-4,10
56523,52.25479033698938,-4,10
56524,52.263740286566346,-4,10
56525,52.2726902076211,-4,10
56526,52.41588505761985,-4,10
56527,52.21004016160707,-4,10
56528,52.42483449232156,-4,10
56529,52.44273327562627,-4,10
56530,52.45168262420972,-4,10
56531,52.46063194406755,-4,10
56532,52.46958123518998,-4,10
56533,52.47853049756719,-4,10
56534,52.06465080987436,-4,10
56535,52.05570382714331,-4,10
56536,52.04675681468666,-4,10
56537,52.43378389832696,-4,10
56538,52.201090041098034,-4,10
56539,52.19213989213379,-4,10
56540,52.18318971472379,-4,10
56541,52.068110472598455,-4,10
56542,52.05915948959157,-4,10
56543,52.500139671869846,-4,10
56544,52.477880477319005,-4,10
56545,52.05788424949952,-4,10
56546,52.06683482415381,-4,10
56547,52.07578537049488,-4,10
56548,52.08473588851337,-4,10
56549,52.27747620266102,-4,10
56550,52.07359776286937,-4,10
56551,52.491183463768095,-4,10
56552,52.11158727253877,-4,10
56553,52.12053767717249,-4,10
56554,52.12948805343641,-4,10
56555,52.13843840132105,-4,10
56556,52.14738872081698,-4,10
56557,52.1563390119147,-4,10
56558,52.16528927460475,-4,10
56559,52.17423950887762,-4,10
56560,52.03780977251479,-4,10
56561,52.02886270063812,-4,10
56562,52.47917870760873,-4,10
56563,52.46127973768946,-4,10
56564,52.40758214060244,-4,10
56565,52.39863244095432,-4,10
56566,52.38968271272241,-4,10
56567,52.37178317054592,-4,10
56568,52.25543336573943,-4,10
56569,52.24648318147508,-4,10
56570,52.11222701233479,-4,10
56571,52.121177621915045,-4,10
56572,52.130128203206965,-4,10
56573,52.13907875620114,-4,10
56574,52.14802928088821,-4,10
56575,52.1569797772587,-4,10
56576,52.165930245303215,-4,10
56577,52.17488068501232,-4,10
56578,52.18383109637657,-4,10
56579,52.19278147938651,-4,10
56580,52.20173183403265,-4,10
56581,52.23753296879001,-4,10
56582,52.22858272769374,-4,10
56583,52.10327637447562,-4,10
56584,52.07706142745414,-4,10
56585,52.085375013958,-4,10
56586,52.06747354043716,-4,10
56587,52.45233020974744,-4,10
56588,52.4433806531635,-4,10
56589,52.06397979136605,-4,10
56590,52.04608622549824,-4,10
56591,52.037139397858816,-4,10
56592,52.2685218472824,-4,10
56593,52.25956746515163,-4,10
56594,52.250613056277054,-4,10
56595,52.43443106794732,-4,10
56596,52.42548145410861,-4,10
56597,52.41653181165709,-4,10
56598,52.24165862066695,-4,10
56599,52.2327041583296,-4,10
56600,52.22374966927331,-4,10
56601,52.214795153506365,-4,10
56602,52.20584061103701,-4,10
56603,52.16106749844327,-4,10
56604,52.1521127959328,-4,10
56605,52.05852276132392,-4,10
56606,52.076424291318304,-4,10
56607,52.08601235414934,-4,10
56608,52.103914123021056,-4,10
56609,52.11286496517896,-4,10
56610,52.39668800964054,-4,10
56611,52.40563708481889,-4,10
56612,52.41458613115298,-4,10
56613,52.42353514863296,-4,10
56614,52.43248413724895,-4,10
56615,52.4798251072854,-4,10
56616,52.47087542898027,-4,10
56617,52.46192572209731,-4,10
56618,52.45297598664621,-4,10
56619,52.4440262226366,-4,10
56620,52.43507643007816,-4,10
56621,52.42612660898055,-4,10
56622,52.41717675935338,-4,10
56623,52.408226881206296,-4,10
56624,52.3992769745489,-4,10
56625,52.390327039390826,-4,10
56626,52.38137707574165,-4,10
56627,52.37242708361097,-4,10
56628,52.27397529312992,-4,10
56629,52.38773890562776,-4,10
56630,52.26502495996642,-4,10
56631,52.36984061113839,-4,10
56632,52.23559973525054,-4,10
56633,52.43183154610798,-4,10
56634,52.440780296209965,-4,10
56635,52.44972901734389,-4,10
56636,52.45867770949978,-4,10
56637,52.44760386084412,-4,10
56638,52.34911008161376,-4,10
56639,52.34015594055221,-4,10
56640,52.33120177267177,-4,10
56641,52.28643053127919,-4,10
56642,52.0924023610638,-4,10
56643,52.101352411143054,-4,10
56644,52.16400196276251,-4,10
56645,52.172951784459485,-4,10
56646,52.181901577565455,-4,10
56647,52.1908513420708,-4,10
56648,52.19980107796589,-4,10
56649,52.20875078524106,-4,10
56650,52.217700463886686,-4,10
56651,52.226650113893065,-4,10
56652,52.28034741196511,-4,10
56653,52.41393395903963,-4,10
56654,52.44143309699105,-4,10
56655,52.45933092981407,-4,10
56656,52.20939636986701,-4,10
56657,52.21834625549638,-4,10
56658,52.22729611256905,-4,10
56659,52.23624594107545,-4,10
56660,52.24519574100592,-4,10
56661,52.25414551235086,-4,10
56662,52.26309525510063,-4,10
56663,52.37048993415242,-4,10
56664,52.37943930428349,-4,10
56665,52.3883886456835,-4,10
56666,52.42418572377699,-4,10
56667,52.43313492137478,-4,10
56668,52.44208409018269,-4,10
56669,52.45103323019091,-4,10
56670,52.459982341389605,-4,10
56671,52.13076656489221,-4,10
56672,52.121815779139126,-4,10
56673,52.270423184320805,-4,10
56674,52.12727885579757,-4,10
56675,52.20044645569061,-4,10
56676,52.450382027849386,-4,10
56677,52.19149651297674,-4,10
56678,52.182546541735,-4,10
56679,52.25607459844531,-4,10
56680,52.24712420857611,-4,10
56681,52.238173790368265,-4,10
56682,52.22922334383121,-4,10
56683,52.220272868974426,-4,10
56684,52.21132236580732,-4,10
56685,52.20237183433933,-4,10
56686,52.19342127457988,-4,10
56687,52.1844706865384,-4,10
56688,52.17552007022424,-4,10
56689,52.166569425646834,-4,10
56690,52.06619432390203,-4,10
56691,52.11989594506567,-4,10
56692,52.14674637168065,-4,10
56693,52.1556964569382,-4,10
56694,52.15761875281556,-4,10
56695,52.14866805173978,-4,10
56696,52.16464651370615,-4,10
56697,52.17359654197492,-4,10
56698,52.13971732242887,-4,10
56699,52.11139084845944,-4,10
56700,52.210682160305566,-4,10
56701,52.16784241465282,-4,10
56702,52.29100338037904,-4,10
56703,52.2999504486024,-4,10
56704,52.308897487159946,-4,10
56705,52.31784449604123,-4,10
56706,52.32679147523582,-4,10
56707,52.20219636479408,-4,10
56708,52.282056282500285,-4,10
56709,52.3641189663391,-4,10
56710,52.212597396601936,-4,10
56711,52.34468534452312,-4,10
56712,52.371525925542166,-4,10
56713,52.39096956128266,-4,10
56714,52.39991970279334,-4,10
56715,52.408869815886185,-4,10
56716,52.335738424733286,-4,10
56717,52.20364645645067,-4,10
56718,52.27310915497656,-4,10
56719,52.38114230328138,-4,10
56720,52.059794434149374,-4,10
56721,52.06874562048449,-4,10
56722,52.08664790893396,-4,10
56723,52.10455008502746,-4,10
56724,52.14098908831173,-4,10
56725,52.14994022516812,-4,10
56726,52.15889133395155,-4,10
56727,52.17679346726263,-4,10
56728,52.18574449177173,-4,10
56729,52.19469548817083,-4,10
56730,52.18363625155076,-4,10
56731,52.35430116715871,-4,10
56732,52.24626759463959,-4,10
56733,52.36324824218944,-4,10
56734,52.37219528756712,-4,10
56735,52.417819900551656,-4,10
56736,52.13203792339168,-4,10
56737,52.426769956780205,-4,10
56738,52.4536199547485,-4,10
56739,52.3639155880416,-4,10
56740,52.37286284762118,-4,10
56741,52.38181007762316,-4,10
56742,52.34535406248539,-4,10
56743,52.3364069281799,-4,10
56744,52.32745976425264,-4,10
56745,52.35496829889484,-4,10
56746,52.31851257071401,-4,10
56747,52.30061809484428,-4,10
56748,52.29167081253392,-4,10
56749,52.28272350065369,-4,10
56750,52.27377615921398,-4,10
56751,52.25588138769746,-4,10
56752,52.24693395764132,-4,10
56753,52.309565347574456,-4,10
56754,52.34602098019122,-4,10
56755,52.33707363194112,-4,10
56756,52.22986216547867,-4,10
56757,52.46256989713356,-4,10
56758,52.47151981103374,-4,10
56759,52.11350113091759,-4,10
56760,52.12245214869094,-4,10
56761,52.13140313833828,-4,10
56762,52.14035409985026,-4,10
56763,52.14930503321764,-4,10
56764,52.15825593843109,-4,10
56765,52.16720681548132,-4,10
56766,52.176157664359,-4,10
56767,52.18510848505478,-4,10
56768,52.19405927755938,-4,10
56769,52.203010041863415,-4,10
56770,52.211960777957565,-4,10
56771,52.22091148583243,-4,10
56772,52.44466998388821,-4,10
56773,52.12308673041716,-4,10
56774,52.193248757783365,-4,10
56775,52.08728167815888,-4,10
56776,52.14718045679413,-4,10
56777,52.12928571173478,-4,10
56778,52.12033829486896,-4,10
56779,52.50072442809012,-4,10
56780,52.25671403495176,-4,10
56781,52.17601632274406,-4,10
56782,52.28356565002905,-4,10
56783,52.23330686490408,-4,10
56784,52.16706841506653,-4,10
56785,52.1312764910452,-4,10
56786,52.12232843676282,-4,10
56787,52.11338035318988,-4,10
56788,52.09548409821279,-4,10
56789,52.27461513995184,-4,10
56790,52.49176803193853,-4,10
56791,52.4828116099158,-4,10
56792,52.33180661070652,-4,10
56793,52.28703439930512,-4,10
56794,52.26566460158962,-4,10
56795,52.2512161496925,-4,10
56796,52.1141355093974,-4,10
56797,52.08653592682886,-4,10
56798,52.07758772619476,-4,10
56799,52.335068121763534,-4,10
56800,52.20644273792917,-4,10
56801,52.215397473548805,-4,10
56802,52.22435218254319,-4,10
56803,52.076927189827884,-4,10
56804,52.15612778496703,-4,10
56805,52.24226152062327,-4,10
56806,52.09482313878946,-4,10
56807,52.12525592758392,-4,10
56808,52.13420202428295,-4,10
56809,52.3281262541549,-4,10
56810,52.31917884684287,-4,10
56811,52.31023141001538,-4,10
56812,52.30128394368276,-4,10
56813,52.15209412743872,-4,10
56814,52.085875178975705,-4,10
56815,52.16104013387403,-4,10
56816,52.12100346144028,-4,10
56817,52.11205580207748,-4,10
56818,52.29233644785532,-4,10
56819,52.28338892254334,-4,10
56820,52.19391205003461,-4,10
56821,52.18496420107016,-4,10
56822,52.12166684212482,-4,10
56823,52.20086398184971,-4,10
56824,52.24559943781198,-4,10
56825,52.236652405955546,-4,10
56826,52.2388128168869,-4,10
56827,52.24776344004772,-4,10
56828,52.10310811326582,-4,10
56829,52.103771069259,-4,10
56830,52.174022352547496,-4,10
56831,52.3261213872666,-4,10
56832,52.09416039501554,-4,10
56833,52.1829695919344,-4,10
56834,52.11271897037418,-4,10
56835,52.784967356353526,-4,10
56836,52.91312073593284,-4,10
56837,52.79580002691875,-4,10
56838,52.86032978875871,-4,10
56839,52.9051521935954,-4,10
56840,52.91411660718616,-4,10
56841,53.11739400236984,-4,10
56842,52.93204536694899,-4,10
56843,52.82447146094498,-4,10
56844,52.923080998305785,-4,10
56845,52.76703440048408,-4,10
56846,53.0546119102356,-4,10
56847,52.94897687686623,-4,10
56848,52.75806789002486,-4,10
56849,53.1084251937396,-4,10
56850,53.072549753610666,-4,10
56851,52.840649548726674,-4,10
56852,52.83167968490641,-4,10
56853,52.82270980081184,-4,10
56854,52.813739896446606,-4,10
56855,53.063580842195805,-4,10
56856,52.80476997181436,-4,10
56857,52.94001287555662,-4,10
56858,52.77600088926184,-4,10
56859,52.78683006176333,-4,10
56860,52.93713614312189,-4,10
56861,52.94997403678504,-4,10
56862,52.72077621106507,-4,10
56863,52.72974234812662,-4,10
56864,52.738708463337645,-4,10
56865,52.74767455669341,-4,10
56866,52.756640628189054,-4,10
56867,52.7656066778198,-4,10
56868,52.77457270558086,-4,10
56869,52.93850374974972,-4,10
56870,53.13533155792075,-4,10
56871,53.14430030483363,-4,10
56872,53.153269031166296,-4,10
56873,53.07166769736928,-4,10
56874,53.10754199369344,-4,10
56875,52.931048851627615,-4,10
56876,53.18914373061674,-4,10
56877,53.16223773691485,-4,10
56878,53.17120642207537,-4,10
56879,52.71181005215783,-4,10
56880,52.68491144440974,-4,10
56881,52.79393380175439,-4,10
56882,53.06269907161013,-4,10
56883,52.9589383379673,-4,10
56884,52.985831106507526,-4,10
56885,52.99479531766771,-4,10
56886,53.01272367242644,-4,10
56887,53.02168781601433,-4,10
56888,53.03065193706743,-4,10
56889,53.03961603558045,-4,10
56890,53.04858011154802,-4,10
56891,52.9410097131105,-4,10
56892,53.12636279043152,-4,10
56893,52.922084805084566,-4,10
56894,52.92816720782536,-4,10
56895,52.946105057810016,-4,10
56896,52.9550739518858,-4,10
56897,52.96404282534538,-4,10
56898,52.9730116781848,-4,10
56899,52.98198051040021,-4,10
56900,53.05373042518763,-4,10
56901,53.05754416496483,-4,10
56902,53.18017508664396,-4,10
56903,52.89519252982493,-4,10
56904,52.74525980634534,-4,10
56905,52.75519682357138,-4,10
56906,52.86278236841212,-4,10
56907,52.8717476868544,-4,10
56908,52.905569525997706,-4,10
56909,52.91453991699693,-4,10
56910,52.92351028797242,-4,10
56911,52.93248063892074,-4,10
56912,52.94145096983837,-4,10
56913,52.95042128072186,-4,10
56914,52.95939157156775,-4,10
56915,52.96836184237254,-4,10
56916,52.97733209313273,-4,10
56917,52.986302323844896,-4,10
56918,52.99527253450552,-4,10
56919,53.03115317656268,-4,10
56920,53.040123286913165,-4,10
56921,53.04909337719111,-4,10
56922,53.20158183740416,-4,10
56923,53.192612088899054,-4,10
56924,53.183642320261306,-4,10
56925,53.17467253149445,-4,10
56926,53.16570272260208,-4,10
56927,53.13879317520727,-4,10
56928,52.746231218024434,-4,10
56929,53.12982328584827,-4,10
56930,53.11188344681046,-4,10
56931,53.10291349713875,-4,10
56932,53.08497353750728,-4,10
56933,53.07600352755461,-4,10
56934,53.06703349751534,-4,10
56935,53.05806344739301,-4,10
56936,53.1208533763815,-4,10
56937,53.21055156577303,-4,10
56938,52.73726559042729,-4,10
56939,53.13664365688828,-4,10
56940,52.76512709275302,-4,10
56941,52.75616119791199,-4,10
56942,52.9254902812745,-4,10
56943,52.93445835058492,-4,10
56944,52.98826632604449,-4,10
56945,52.99723424851496,-4,10
56946,53.00620214999161,-4,10
56947,52.74719528114286,-4,10
56948,52.73822934245048,-4,10
56949,52.72926338183974,-4,10
56950,52.72029739931544,-4,10
56951,52.71133139488244,-4,10
56952,53.015170030470216,-4,10
56953,53.024137889946594,-4,10
56954,53.2124580799664,-4,10
56955,53.22142547632467,-4,10
56956,53.23936020573761,-4,10
56957,53.14561282919208,-4,10
56958,52.8965991149782,-4,10
56959,52.887628683941855,-4,10
56960,52.87865823289217,-4,10
56961,52.869687761832594,-4,10
56962,52.86071727076652,-4,10
56963,53.12767446418438,-4,10
56964,52.85174675969746,-4,10
56965,52.83380567756403,-4,10
56966,52.815864515459815,-4,10
56967,52.80689390442725,-4,10
56968,53.15458198109203,-4,10
56969,53.16355111258434,-4,10
56970,53.24832753878368,-4,10
56971,52.8427762286288,-4,10
56972,53.21952127400211,-4,10
56973,53.22849096208781,-4,10
56974,53.23746063002656,-4,10
56975,52.83670454089409,-4,10
56976,52.81876150556235,-4,10
56977,52.80978995849148,-4,10
56978,52.75775352675085,-4,10
56979,52.76672285287132,-4,10
56980,52.77569215845676,-4,10
56981,52.88622839287945,-4,10
56982,52.82950756051932,-4,10
56983,52.83847672225215,-4,10
56984,52.84744586341924,-4,10
56985,52.85641498401668,-4,10
56986,52.86538408404065,-4,10
56987,52.87435316348724,-4,10
56988,52.88332222235262,-4,10
56989,52.892291260632895,-4,10
56990,52.90126027832421,-4,10
56991,52.91022927542262,-4,10
56992,52.79905122529449,-4,10
56993,52.80801638408588,-4,10
56994,52.861806870172,-4,10
56995,52.8707718733619,-4,10
56996,52.87973685430264,-4,10
56997,52.88870181298913,-4,10
56998,52.88156178601815,-4,10
56999,53.04110270078823,-4,10
57000,53.05903179289893,-4,10
57001,53.100766763709565,-4,10
57002,53.11870525108411,-4,10
57003,52.904156644177846,-4,10
57004,53.04564295773392,-4,10
57005,52.91919825192431,-4,10
57006,53.05006725801967,-4,10
57007,52.89053317618252,-4,10
57008,52.89950454671933,-4,10
57009,52.90847589762546,-4,10
57010,52.95999721955263,-4,10
57011,52.9779322857219,-4,10
57012,52.9868997870574,-4,10
57013,52.99586726722107,-4,10
57014,52.93450429631275,-4,10
57015,52.92553913281502,-4,10
57016,52.94206206874776,-4,10
57017,52.916573947167294,-4,10
57018,52.898643509441904,-4,10
57019,52.88967825737431,-4,10
57020,52.88071298317679,-4,10
57021,53.26436951292537,-4,10
57022,53.25539990544894,-4,10
57023,53.2464302778148,-4,10
57024,52.90760873937458,-4,10
57025,52.7599200447749,-4,10
57026,52.93309446161774,-4,10
57027,52.91515918392399,-4,10
57028,52.87726423334677,-4,10
57029,52.86830005123225,-4,10
57030,52.80754574341531,-4,10
57031,52.81651364620014,-4,10
57032,52.82548152789446,-4,10
57033,52.834449388494015,-4,10
57034,52.92412683334173,-4,10
57035,52.84341722799459,-4,10
57036,52.86135284368171,-4,10
57037,52.87032061985975,-4,10
57038,52.87928837492174,-4,10
57039,52.88825610886344,-4,10
57040,52.897223821680576,-4,10
57041,52.90619151336885,-4,10
57042,52.85238504639191,-4,10
57043,53.03667398469465,-4,10
57044,52.795813505010365,-4,10
57045,53.01873597701866,-4,10
57046,52.7854398910484,-4,10
57047,52.85951317775841,-4,10
57048,52.85054597489396,-4,10
57049,52.84157875067842,-4,10
57050,53.05194514033603,-4,10
57051,52.82364423821179,-4,10
57052,52.80570964039397,-4,10
57053,52.7967423094894,-4,10
57054,52.787774957260304,-4,10
57055,52.77880758371106,-4,10
57056,53.06488954436923,-4,10
57057,52.84630013978099,-4,10
57058,52.85526597049747,-4,10
57059,52.86423177929586,-4,10
57060,53.10575323564601,-4,10
57061,53.11472117832474,-4,10
57062,53.12368910007629,-4,10
57063,53.088853201489215,-4,10
57064,53.07988778573636,-4,10
57065,53.07092234800725,-4,10
57066,53.06195688830678,-4,10
57067,53.052991406639904,-4,10
57068,53.04402590301149,-4,10
57069,53.03506037742646,-4,10
57070,53.02609482988974,-4,10
57071,52.7764732714031,-4,10
57072,52.76750663013404,-4,10
57073,52.75853996724582,-4,10
57074,52.7406065766304,-4,10
57075,52.88359706173672,-4,10
57076,53.044985447377314,-4,10
57077,53.053951261689576,-4,10
57078,53.08084857360758,-4,10
57079,53.03798141596438,-4,10
57080,53.21818373299327,-4,10
57081,53.2002510211917,-4,10
57082,53.155418865038925,-4,10
57083,53.14645236927674,-4,10
57084,53.13748585201471,-4,10
57085,52.767595262504685,-4,10
57086,53.12851931325742,-4,10
57087,52.9991980556183,-4,10
57088,52.95815099882192,-4,10
57089,52.94021704200496,-4,10
57090,52.9312500315007,-4,10
57091,52.92228299960525,-4,10
57092,52.91331594632305,-4,10
57093,52.90434887165858,-4,10
57094,52.89538177561633,-4,10
57095,52.88641465820072,-4,10
57096,52.87744751941622,-4,10
57097,52.868480359267295,-4,10
57098,52.7137063286791,-4,10
57099,52.722673099593806,-4,10
57100,52.73163984891244,-4,10
57101,52.949184031113525,-4,10
57102,52.990232420323686,-4,10
57103,52.98126676310184,-4,10
57104,52.97230108395758,-4,10
57105,53.066008443332095,-4,10
57106,52.87218126290525,-4,10
57107,52.85423864894084,-4,10
57108,52.83629595629998,-4,10
57109,52.82732458048387,-4,10
57110,52.818353185008206,-4,10
57111,52.93595746004908,-4,10
57112,52.9718197734951,-4,10
57113,52.98078529691491,-4,10
57114,52.98975079834825,-4,10
57115,52.99871627779013,-4,10
57116,53.02561258411797,-4,10
57117,53.05704457422044,-4,10
57118,53.03457797554484,-4,10
57119,53.061474017708974,-4,10
57120,53.08836986159428,-4,10
57121,53.08981430055792,-4,10
57122,53.09878000565572,-4,10
57123,53.13464260742465,-4,10
57124,52.84567381318141,-4,10
57125,52.85464236095858,-4,10
57126,52.86361088792733,-4,10
57127,52.87257939408362,-4,10
57128,52.88154787942337,-4,10
57129,52.890516343942586,-4,10
57130,52.89948478763719,-4,10
57131,53.052508692345285,-4,10
57132,53.02901199910654,-4,10
57133,53.048080682485946,-4,10
57134,52.85717206919736,-4,10
57135,52.91850654899456,-4,10
57136,52.90954071652978,-4,10
57137,52.90057486218147,-4,10
57138,53.30278032784109,-4,10
57139,52.89160898595446,-4,10
57140,52.87367716788362,-4,10
57141,53.20410539817125,-4,10
57142,53.14131101367581,-4,10
57143,52.94395093148555,-4,10
57144,52.93497979183351,-4,10
57145,52.92600863248346,-4,10
57146,52.87319756617137,-4,10
57147,53.03911676813397,-4,10
57148,52.88216333111909,-4,10
57149,52.90009479521169,-4,10
57150,52.917037453438624,-4,10
57151,52.90806625470223,-4,10
57152,52.89909503627748,-4,10
57153,52.89012379816759,-4,10
57154,52.88115254037576,-4,10
57155,52.90906049434684,-4,10
57156,52.91802617153473,-4,10
57157,52.92699182677041,-4,10
57158,52.79440648906525,-4,10
57159,52.83923915456079,-4,10
57160,52.84820562270956,-4,10
57161,52.89112907413416,-4,10
57162,53.0277049911216,-4,10
57163,52.83038194522488,-4,10
57164,52.96622551136258,-4,10
57165,53.16135281760619,-4,10
57166,53.17032121580704,-4,10
57167,53.17928959329691,-4,10
57168,53.18825795007179,-4,10
57169,53.020688072396446,-4,10
57170,53.029651869888255,-4,10
57171,53.07385887976887,-4,10
57172,52.82979936635618,-4,10
57173,52.83876570323274,-4,10
57174,52.84867738255711,-4,10
57175,52.9021369272029,-4,10
57176,52.89316762608329,-4,10
57177,52.88419830449105,-4,10
57178,52.87522896243,-4,10
57179,52.85764398150607,-4,10
57180,52.86661055885185,-4,10
57181,52.86625959990393,-4,10
57182,52.85729021691659,-4,10
57183,52.848320813471794,-4,10
57184,52.87557711458986,-4,10
57185,52.798342392857,-4,10
57186,52.83422533912115,-4,10
57187,52.843196025852905,-4,10
57188,52.85216669264417,-4,10
57189,52.86113733949155,-4,10
57190,53.15238439869832,-4,10
57191,53.14341595908745,-4,10
57192,53.08282819479463,-4,10
57193,53.09179748944276,-4,10
57194,53.00976694238963,-4,10
57195,52.991828811568766,-4,10
57196,52.982859715384585,-4,10
57197,52.97389059868968,-4,10
57198,52.95595230378299,-4,10
57199,52.94698312557887,-4,10
57200,52.938013926879314,-4,10
57201,52.92904470768813,-4,10
57202,52.92007546800913,-4,10
57203,52.911106207846125,-4,10
57204,52.947467263054975,-4,10
57205,52.98332108796633,-4,10
57206,52.87010796639164,-4,10
57207,52.8189220010372,-4,10
57208,52.89295058885939,-4,10
57209,53.134447498777554,-4,10
57210,52.83670524459985,-4,10
57211,52.82773665521794,-4,10
57212,52.97586874502461,-4,10
57213,52.8283684126133,-4,10
57214,52.83733428715132,-4,10
57215,52.802900225459794,-4,10
57216,52.984832655802606,-4,10
57217,52.99379654393422,-4,10
57218,53.00276040941399,-4,10
57219,53.01172425223654,-4,10
57220,52.88397841697264,-4,10
57221,52.87907857334101,-4,10
57222,52.89701972737407,-4,10
57223,52.9059902744509,-4,10
57224,53.25582600417289,-4,10
57225,53.264795749976365,-4,10
57226,53.27376547567617,-4,10
57227,53.282735181268734,-4,10
57228,53.29170486675053,-4,10
57229,53.30067453211797,-4,10
57230,52.88454364871547,-4,10
57231,52.89351016122407,-4,10
57232,52.90247665211095,-4,10
57233,52.91144312137152,-4,10
57234,52.92040956900109,-4,10
57235,52.95627514311656,-4,10
57236,53.24685623826929,-4,10
57237,53.09076795786316,-4,10
57238,53.10869996418776,-4,10
57239,53.117665934750896,-4,10
57240,53.14456371598664,-4,10
57241,52.84773201839033,-4,10
57242,52.85669831182423,-4,10
57243,52.865664583529735,-4,10
57244,52.87463083350215,-4,10
57245,52.86755901850526,-4,10
57246,52.87652880119187,-4,10
57247,52.885498563585934,-4,10
57248,52.89446830568378,-4,10
57249,52.90343802748176,-4,10
57250,53.099733971890245,-4,10
57251,52.8393513895733,-4,10
57252,53.237886452269095,-4,10
57253,53.202007107373305,-4,10
57254,52.91496080156337,-4,10
57255,52.92393130870808,-4,10
57256,52.93290179588162,-4,10
57257,52.94187226308053,-4,10
57258,52.9508427103014,-4,10
57259,52.95981313754079,-4,10
57260,52.96878354479527,-4,10
57261,52.97775393206136,-4,10
57262,52.98672429933568,-4,10
57263,53.0315758357096,-4,10
57264,53.04951631019575,-4,10
57265,53.05848651741137,-4,10
57266,53.21097697372444,-4,10
57267,53.0764268717704,-4,10
57268,53.0943671460099,-4,10
57269,53.10333725307613,-4,10
57270,53.11230734010204,-4,10
57271,53.12127740708413,-4,10
57272,53.130247454018885,-4,10
57273,53.13921748090286,-4,10
57274,53.148187487732486,-4,10
57275,53.15715747450432,-4,10
57276,53.16612744121482,-4,10
57277,53.17509738786047,-4,10
57278,53.18406731443778,-4,10
57279,53.19303722094323,-4,10
57280,53.08539701890682,-4,10
57281,52.82788774224542,-4,10
57282,53.23890241286566,-4,10
57283,52.84581915875574,-4,10
57284,52.80800016308832,-4,10
57285,52.7990320924554,-4,10
57286,52.95768676736372,-4,10
57287,52.94871702806328,-4,10
57288,52.93974726849824,-4,10
57289,52.9038680276651,-4,10
57290,52.885928285755575,-4,10
57291,52.87695838444025,-4,10
57292,52.86798846288941,-4,10
57293,52.8231385517285,-4,10
57294,52.81416850884022,-4,10
57295,52.80519844574163,-4,10
57296,52.79622836243636,-4,10
57297,52.787258258927935,-4,10
57298,52.77828813521997,-4,10
57299,52.76034782721981,-4,10
57300,52.90845321050311,-4,10
57301,52.91742161253632,-4,10
57302,52.92638999373275,-4,10
57303,52.93535835408831,-4,10
57304,52.94432669359895,-4,10
57305,53.04297705128331,-4,10
57306,52.8060498627002,-4,10
57307,52.81502020095218,-4,10
57308,52.823990519106594,-4,10
57309,52.83296081715988,-4,10
57310,52.84193109510856,-4,10
57311,52.816968212695045,-4,10
57312,52.82593624127139,-4,10
57313,52.843872235316105,-4,10
57314,52.85284020077607,-4,10
57315,52.75471187974649,-4,10
57316,52.80850410937938,-4,10
57317,52.8174694034922,-4,10
57318,52.86229554164336,-4,10
57319,52.87126070275574,-4,10
57320,52.88022584168373,-4,10
57321,52.88919095842228,-4,10
57322,53.14604660506849,-4,10
57323,53.137077292171625,-4,10
57324,53.12810795893291,-4,10
57325,53.11913860535604,-4,10
57326,53.09223042263368,-4,10
57327,53.08326098774131,-4,10
57328,52.85090135294912,-4,10
57329,53.07429153252932,-4,10
57330,53.056352561161255,-4,10
57331,53.04738304501256,-4,10
57332,53.00529238991965,-4,10
57333,52.98735715464192,-4,10
57334,52.97838950533463,-4,10
57335,52.942518697082114,-4,10
57336,52.93355094228447,-4,10
57337,52.92458316640151,-4,10
57338,52.9066475513967,-4,10
57339,52.897679712283335,-4,10
57340,52.88871185210163,-4,10
57341,52.87077606855013,-4,10
57342,52.86180814518882,-4,10
57343,53.06532205700141,-4,10
57344,52.86884180829173,-4,10
57345,52.8778120057867,-4,10
57346,52.88678218315948,-4,10
57347,53.2635114151668,-4,10
57348,52.73350796110532,-4,10
57349,52.760409889394914,-4,10
57350,52.77834440142219,-4,10
57351,52.78731162537278,-4,10
57352,52.796278827942025,-4,10
57353,52.80524600912554,-4,10
57354,52.81421316891882,-4,10
57355,52.770301381871896,-4,10
57356,52.797203949537526,-4,10
57357,52.82410632583114,-4,10
57358,52.84204113698413,-4,10
57359,52.85100851063464,-4,10
57360,53.25454208616114,-4,10
57361,52.85997586299532,-4,10
57362,52.87791050382953,-4,10
57363,52.88687779229431,-4,10
57364,52.89584505945162,-4,10
57365,52.90481230529709,-4,10
57366,52.913779529826265,-4,10
57367,52.92274673303477,-4,10
57368,52.93171391491814,-4,10
57369,52.84111451991261,-4,10
57370,52.85008159410028,-4,10
57371,52.85904864687536,-4,10
57372,52.86801567823334,-4,10
57373,52.87698268816978,-4,10
57374,52.88594967668014,-4,10
57375,52.868943194061735,-4,10
57376,52.74574643069507,-4,10
57377,53.245572736881904,-4,10
57378,53.22763397751739,-4,10
57379,52.89575234040647,-4,10
57380,52.90472247752415,-4,10
57381,52.91369259450895,-4,10
57382,52.92266269135737,-4,10
57383,52.931632768065846,-4,10
57384,52.949572861048736,-4,10
57385,52.95854287731605,-4,10
57386,52.96751287342919,-4,10
57387,52.97648284938458,-4,10
57388,52.98545280517867,-4,10
57389,52.994422740807885,-4,10
57390,53.003392656268645,-4,10
57391,53.030302281604456,-4,10
57392,53.23660336733276,-4,10
57393,53.0572117252952,-4,10
57394,53.08412098724385,-4,10
57395,53.11103006735305,-4,10
57396,53.11999972029718,-4,10
57397,53.12896935302245,-4,10
57398,53.13793896552525,-4,10
57399,53.146908557801936,-4,10
57400,53.1558781298489,-4,10
57401,53.16484768166252,-4,10
57402,53.17381721323912,-4,10
57403,53.19175621566671,-4,10
57404,53.20072568651043,-4,10
57405,53.20969513710255,-4,10
57406,53.21866456743943,-4,10
57407,53.07515125346053,-4,10
57408,52.7367809595296,-4,10
57409,52.86483479977851,-4,10
57410,52.87380662240829,-4,10
57411,52.88548284784827,-4,10
57412,52.894449663998245,-4,10
57413,52.90341645865119,-4,10
57414,52.91238323180255,-4,10
57415,52.93031671358229,-4,10
57416,52.93928342220156,-4,10
57417,52.94825010930099,-4,10
57418,52.90152433662421,-4,10
57419,52.88358026980416,-4,10
57420,52.82227920521857,-4,10
57421,52.813309439969615,-4,10
57422,52.80433965439671,-4,10
57423,52.79536984850351,-4,10
57424,52.876516010205805,-4,10
57425,52.78640002229365,-4,10
57426,52.96618341892204,-4,10
57427,53.12757932504925,-4,10
57428,53.136545559169,-4,10
57429,53.14551177166728,-4,10
57430,53.154477962539445,-4,10
57431,53.16344413178079,-4,10
57432,53.25367677180921,-4,10
57433,53.24470770330563,-4,10
57434,53.23573861441535,-4,10
57435,53.22676950514212,-4,10
57436,53.2178003754897,-4,10
57437,53.20883122546183,-4,10
57438,53.19986205506227,-4,10
57439,52.95721677487602,-4,10
57440,53.19089286429472,-4,10
57441,52.84021867472978,-4,10
57442,52.85815806290091,-4,10
57443,52.78684645269232,-4,10
57444,52.81374754530028,-4,10
57445,53.20795983172138,-4,10
57446,53.19899094392958,-4,10
57447,53.19002203565248,-4,10
57448,53.18105310689388,-4,10
57449,53.17208415765762,-4,10
57450,53.145177187121085,-4,10
57451,53.13620815601234,-4,10
57452,53.127239104445,-4,10
57453,53.0913626936656,-4,10
57454,53.08239353986217,-4,10
57455,53.0644551709516,-4,10
57456,52.84918837898471,-4,10
57457,53.037547464382975,-4,10
57458,53.01960889124602,-4,10
57459,53.0016702364712,-4,10
57460,52.96579268212801,-4,10
57461,52.94785378261952,-4,10
57462,52.93888430229413,-4,10
57463,52.92991480159296,-4,10
57464,52.9209452805197,-4,10
57465,52.8760973697024,-4,10
57466,52.86712772647471,-4,10
57467,52.84064844480199,-4,10
57468,52.849615368368966,-4,10
57469,52.85858227046163,-4,10
57470,52.867549151075416,-4,10
57471,53.02857818802112,-4,10
57472,52.89491664375995,-4,10
57473,53.18192365316298,-4,10
57474,53.15501589761979,-4,10
57475,53.164417359550754,-4,10
57476,53.19132547469401,-4,10
57477,53.20029480580145,-4,10
57478,53.20926411659924,-4,10
57479,53.21823340708366,-4,10
57480,53.22720267725105,-4,10
57481,53.23617192709767,-4,10
57482,53.24514115661981,-4,10
57483,52.96360072673456,-4,10
57484,52.972569436497295,-4,10
57485,53.07122387793864,-4,10
57486,53.134002671588895,-4,10
57487,53.1429709876948,-4,10
57488,53.155447947241626,-4,10
57489,53.15193928304191,-4,10
57490,53.169875811443625,-4,10
57491,53.17884404449012,-4,10
57492,52.77787937893152,-4,10
57493,52.7689122837325,-4,10
57494,52.75994516709976,-4,10
57495,52.75097802903775,-4,10
57496,52.742010869550974,-4,10
57497,52.73304368864393,-4,10
57498,52.72407648632108,-4,10
57499,52.90969371829967,-4,10
57500,52.90072197352706,-4,10
57501,52.8917502092856,-4,10
57502,52.88277842557832,-4,10
57503,53.1609075576262,-4,10
57504,53.17295442167077,-4,10
57505,53.146478514641295,-4,10
57506,53.12853958858173,-4,10
57507,52.9097880340368,-4,10
57508,52.91875686781449,-4,10
57509,52.92772568093287,-4,10
57510,52.94566324517595,-4,10
57511,52.7787143522692,-4,10
57512,52.78768461368123,-4,10
57513,52.80562507607221,-4,10
57514,52.814595277044056,-4,10
57515,52.85047587935766,-4,10
57516,52.86841605952035,-4,10
57517,52.87738611934069,-4,10
57518,52.88635615898225,-4,10
57519,52.89532617844147,-4,10
57520,53.13750906175344,-4,10
57521,52.90429617771478,-4,10
57522,52.922236115689245,-4,10
57523,52.93120605438327,-4,10
57524,52.94017597287699,-4,10
57525,52.949145871166834,-4,10
57526,52.95811574924922,-4,10
57527,52.98502526221546,-4,10
57528,52.993995059431874,-4,10
57529,53.02987404600607,-4,10
57530,53.038843742058624,-4,10
57531,53.05678307342912,-4,10
57532,53.07472232379587,-4,10
57533,53.08369191859373,-4,10
57534,53.11957009512983,-4,10
57535,52.91326615679856,-4,10
57536,52.91285051360985,-4,10
57537,52.921817416370935,-4,10
57538,52.93078429768341,-4,10
57539,52.86669458690502,-4,10
57540,52.85772506332731,-4,10
57541,52.848755519349766,-4,10
57542,52.83978595497616,-4,10
57543,52.76802870617538,-4,10
57544,52.789153907019184,-4,10
57545,52.90888368926712,-4,10
57546,52.89991220647585,-4,10
57547,52.89094070410808,-4,10
57548,52.88196918216691,-4,10
57549,52.83711127896965,-4,10
57550,52.82813963965374,-4,10
57551,52.81916798078628,-4,10
57552,52.87566409007918,-4,10
57553,52.82684013638104,-4,10
57554,52.84477671475737,-4,10
57555,52.85374497256275,-4,10
57556,52.86271320944082,-4,10
57557,52.87168142538739,-4,10
57558,52.8806496203984,-4,10
57559,52.89858594759704,-4,10
57560,52.9075540797764,-4,10
57561,52.9165221910036,-4,10
57562,52.73210963243198,-4,10
57563,52.74107651180272,-4,10
57564,52.75004336963008,-4,10
57565,52.75901020590947,-4,10
57566,52.76797702063633,-4,10
57567,52.83580843602876,-4,10
57568,52.78591058541417,-4,10
57569,52.88463357284604,-4,10
57570,52.90257247714288,-4,10
57571,53.142524150771344,-4,10
57572,53.18061503096147,-4,10
57573,53.1537085477555,-4,10
57574,53.14473967896494,-4,10
57575,53.13577078965321,-4,10
57576,53.126801879824114,-4,10
57577,53.11783294948153,-4,10
57578,53.10886399862928,-4,10
57579,53.08195702305295,-4,10
57580,53.07298799020042,-4,10
57581,53.06401893685738,-4,10
57582,53.05504986302765,-4,10
57583,53.02814251865646,-4,10
57584,52.89360303520185,-4,10
57585,53.01917336291811,-4,10
57586,52.992265772912376,-4,10
57587,52.98329653532621,-4,10
57588,52.96535799880027,-4,10
57589,52.95638869986806,-4,10
57590,52.94741938049469,-4,10
57591,52.938450040683975,-4,10
57592,52.92948068043967,-4,10
57593,52.92051129976554,-4,10
57594,52.91154189866537,-4,10
57595,53.15149230125287,-4,10
57596,53.16046043091153,-4,10
57597,53.2053007667185,-4,10
57598,53.21426877135404,-4,10
57599,53.001234990042256,-4,10
57600,53.13355597947098,-4,10
57601,52.794877335455936,-4,10
57602,52.83971076200965,-4,10
57603,53.226334461299786,-4,10
57604,53.21736547276663,-4,10
57605,53.20839646379937,-4,10
57606,53.19942743440184,-4,10
57607,53.19045838457775,-4,10
57608,53.18148931433097,-4,10
57609,53.172520223665245,-4,10
57610,52.91361959538347,-4,10
57611,52.92258382581597,-4,10
57612,52.93154803370605,-4,10
57613,52.94051221904838,-4,10
57614,52.94947638183762,-4,10
57615,52.98533280735701,-4,10
57616,53.23530342939508,-4,10
57617,52.99429685730069,-4,10
57618,53.02118887159919,-4,10
57619,53.03015283116992,-4,10
57620,53.043058929811856,-4,10
57621,52.944440377163694,-4,10
57622,52.93547492191027,-4,10
57623,52.92650944463075,-4,10
57624,52.91754394533011,-4,10
57625,52.90857842401327,-4,10
57626,52.89961288068518,-4,10
57627,52.89064731535074,-4,10
57628,52.88168172801488,-4,10
57629,52.87271611868255,-4,10
57630,52.86375048735864,-4,10
57631,53.01222488942716,-4,10
57632,52.80384406392684,-4,10
57633,52.7401348040808,-4,10
57634,52.722201631466994,-4,10
57635,52.87420833953367,-4,10
57636,52.88318027263952,-4,10
57637,52.90112408062005,-4,10
57638,52.91009595548873,-4,10
57639,53.24878360800741,-4,10
57640,52.79948452329957,-4,10
57641,52.80845274010224,-4,10
57642,52.81742093593857,-4,10
57643,52.8263891108044,-4,10
57644,52.83535726469554,-4,10
57645,52.84432539760788,-4,10
57646,52.85329350953723,-4,10
57647,52.86226160047943,-4,10
57648,52.73116822860528,-4,10
57649,52.87122967043028,-4,10
57650,52.7042683722207,-4,10
57651,52.88019771938565,-4,10
57652,52.89813375429316,-4,10
57653,52.90465534241389,-4,10
57654,52.907101740236925,-4,10
57655,52.92503764908352,-4,10
57656,52.93400557197794,-4,10
57657,52.9967804433076,-4,10
57658,53.00574819788529,-4,10
57659,53.014715931404375,-4,10
57660,53.023683643860615,-4,10
57661,52.80478053588119,-4,10
57662,53.24786959736146,-4,10
57663,52.69530171012198,-4,10
57664,52.83685346148656,-4,10
57665,53.052841501591,-4,10
57666,52.92728230287952,-4,10
57667,52.90105308147504,-4,10
57668,52.89208705069228,-4,10
57669,52.883120998099045,-4,10
57670,52.87415492370013,-4,10
57671,52.86518882750032,-4,10
57672,52.85622270950437,-4,10
57673,52.84725656971702,-4,10
57674,52.83829040814308,-4,10
57675,52.82932422478728,-4,10
57676,52.793459273640494,-4,10
57677,52.78449298144663,-4,10
57678,52.775526667499335,-4,10
57679,52.76656033180339,-4,10
57680,53.03554092269712,-4,10
57681,52.757593974363466,-4,10
57682,52.73966119427063,-4,10
57683,52.73069477162712,-4,10
57684,52.694828863849,-4,10
57685,52.897175598913456,-4,10
57686,52.87924602115508,-4,10
57687,52.87028119879434,-4,10
57688,52.90081917960374,-4,10
57689,52.8918503045192,-4,10
57690,52.88288140878716,-4,10
57691,52.87391249241151,-4,10
57692,52.86494355539619,-4,10
57693,52.85597459774508,-4,10
57694,52.847005619462095,-4,10
57695,52.74862759518432,-4,10
57696,52.83803662055118,-4,10
57697,53.0445066038588,-4,10
57698,53.06243790050013,-4,10
57699,52.93975115754278,-4,10
57700,52.94871799594451,-4,10
57701,52.94068107547199,-4,10
57702,52.94964821469183,-4,10
57703,52.95861533257328,-4,10
57704,53.14691987100921,-4,10
57705,53.15588651831472,-4,10
57706,53.20071943312732,-4,10
57707,53.20968595171503,-4,10
57708,53.21865244883384,-4,10
57709,53.12805025087077,-4,10
57710,53.13701663760957,-4,10
57711,53.14598300279015,-4,10
57712,53.05347226312809,-4,10
57713,53.15494934640786,-4,10
57714,52.939008640782255,-4,10
57715,52.947972317349766,-4,10
57716,52.95693597115895,-4,10
57717,52.97486321048049,-4,10
57718,52.98382679598181,-4,10
57719,52.90928962952559,-4,10
57720,52.90031801544546,-4,10
57721,52.89134638184277,-4,10
57722,52.88237472872059,-4,10
57723,52.87340305608208,-4,10
57724,53.08933468118397,-4,10
57725,53.08036910953292,-4,10
57726,53.07140351597002,-4,10
57727,52.91211747458472,-4,10
57728,53.04387312232563,-4,10
57729,52.8290676010162,-4,10
57730,52.76628388712482,-4,10
57731,53.12042748075019,-4,10
57732,53.12939725214712,-4,10
57733,53.13836700337903,-4,10
57734,53.14733673444236,-4,10
57735,53.15630644533351,-4,10
57736,53.16527613604889,-4,10
57737,53.17424580658488,-4,10
57738,53.192185087104384,-4,10
57739,53.20115469708069,-4,10
57740,53.21012428686319,-4,10
57741,53.219093856448296,-4,10
57742,53.22806340583238,-4,10
57743,53.23703293501184,-4,10
57744,53.11145768919185,-4,10
57745,53.24600244398304,-4,10
57746,53.26394140128615,-4,10
57747,52.81965689946925,-4,10
57748,52.828625796891714,-4,10
57749,52.83759467363554,-4,10
57750,52.84656352969677,-4,10
57751,52.855532365071504,-4,10
57752,52.86450117975575,-4,10
57753,52.87346997374555,-4,10
57754,52.88243874703698,-4,10
57755,52.89140749962604,-4,10
57756,52.90037623150881,-4,10
57757,52.90934494268128,-4,10
57758,52.91831363313951,-4,10
57759,53.25497193274236,-4,10
57760,52.820098560861055,-4,10
57761,53.10248787747567,-4,10
57762,53.08454819358407,-4,10
57763,52.75731470273745,-4,10
57764,52.70520886510512,-4,10
57765,52.71417580907861,-4,10
57766,52.72314273152242,-4,10
57767,52.88672676888472,-4,10
57768,52.895691066912526,-4,10
57769,52.806472805520215,-4,10
57770,52.81544328045912,-4,10
57771,52.82441373535645,-4,10
57772,52.83338417020872,-4,10
57773,52.84235458501244,-4,10
57774,52.851324979764144,-4,10
57775,52.86029535446037,-4,10
57776,53.09351804560524,-4,10
57777,52.86926570909761,-4,10
57778,52.88720635818121,-4,10
57779,52.89617665262059,-4,10
57780,52.90514692698704,-4,10
57781,52.91411718127703,-4,10
57782,52.92308741548705,-4,10
57783,52.932057629613645,-4,10
57784,52.9589681514576,-4,10
57785,52.96793828521525,-4,10
57786,52.97690839887188,-4,10
57787,52.985878492423936,-4,10
57788,52.99484856586791,-4,10
57789,53.06660842910397,-4,10
57790,53.07557832141581,-4,10
57791,52.87823604367238,-4,10
57792,52.7127618611695,-4,10
57793,52.798121704678735,-4,10
57794,52.93263613009156,-4,10
57795,53.240722354328206,-4,10
57796,52.74154460948151,-4,10
57797,52.73257757904772,-4,10
57798,52.72361052713673,-4,10
57799,52.71464345375307,-4,10
57800,52.7505116184336,-4,10
57801,53.02218490551717,-4,10
57802,52.87213133330912,-4,10
57803,52.881099673781605,-4,10
57804,52.89006799337407,-4,10
57805,53.1563523061177,-4,10
57806,52.95907781402236,-4,10
57807,52.81753100831541,-4,10
57808,52.82650213802333,-4,10
57809,52.95011054656373,-4,10
57810,52.94114325782819,-4,10
57811,53.1844904393604,-4,10
57812,53.17552037557603,-4,10
57813,53.16655029178028,-4,10
57814,53.23175455833197,-4,10
57815,53.15758018797656,-4,10
57816,52.89676608259836,-4,10
57817,53.31091369922472,-4,10
57818,52.84677927680774,-4,10
57819,52.85574526235591,-4,10
57820,53.25709305537597,-4,10
57821,53.28315981923883,-4,10
57822,53.27418997581009,-4,10
57823,53.26522011233156,-4,10
57824,53.23831040163204,-4,10
57825,53.22934045798925,-4,10
57826,53.22037049431415,-4,10
57827,53.21140051061024,-4,10
57828,53.20243050688098,-4,10
57829,53.19346048312987,-4,10
57830,52.856853523776856,-4,10
57831,53.26606321252636,-4,10
57832,53.27503334974441,-4,10
57833,53.28400346702671,-4,10
57834,52.89016370972404,-4,10
57835,53.2929735643698,-4,10
57836,53.3019436417703,-4,10
57837,53.22278674141528,-4,10
57838,53.148610064168366,-4,10
57839,53.13963992035917,-4,10
57840,53.13066975655243,-4,10
57841,52.86471122604946,-4,10
57842,52.88779851774019,-4,10
57843,53.040967019379366,-4,10
57844,53.031996635827184,-4,10
57845,53.02302623231876,-4,10
57846,52.94477406295957,-4,10
57847,52.82691428211403,-4,10
57848,52.81794301922528,-4,10
57849,52.987144418790855,-4,10
57850,52.97817391555239,-4,10
57851,52.96920339237814,-4,10
57852,52.96023284927151,-4,10
57853,52.80897173662588,-4,10
57854,52.86279913649778,-4,10
57855,52.951262286235895,-4,10
57856,52.9422917032747,-4,10
57857,52.93332110039131,-4,10
57858,52.85382795248398,-4,10
57859,52.844856748746615,-4,10
57860,52.9169728268303,-4,10
57861,52.84611959423312,-4,10
57862,53.05890772660125,-4,10
57863,52.90800456990252,-4,10
57864,52.81921339415876,-4,10
57865,52.82818214825559,-4,10
57866,53.11272936896015,-4,10
57867,52.83715088161501,-4,10
57868,52.93217594782014,-4,10
57869,52.92320861654397,-4,10
57870,53.08581863767649,-4,10
57871,52.91424126400407,-4,10
57872,52.90527389020482,-4,10
57873,52.837813269409786,-4,10
57874,53.10917430907488,-4,10
57875,52.993294377693154,-4,10
57876,52.98433065196914,-4,10
57877,52.97536690353189,-4,10
57878,52.95743933853952,-4,10
57879,52.9484755219953,-4,10
57880,53.07684835395701,-4,10
57881,53.06787805026411,-4,10
57882,52.93951168275964,-4,10
57883,52.88199423721219,-4,10
57884,52.899036292082414,-4,10
57885,53.17076475272149,-4,10
57886,52.82884724016685,-4,10
57887,52.91470114874148,-4,10
57888,53.20368948157116,-4,10
57889,52.896306495150576,-4,10
57890,52.8873390788457,-4,10
57891,52.87837164129461,-4,10
57892,53.21265989380908,-4,10
57893,52.86613849401951,-4,10
57894,52.89334701413357,-4,10
57895,52.884374714045855,-4,10
57896,53.03623445680631,-4,10
57897,52.96571337693776,-4,10
57898,53.10020816314821,-4,10
57899,53.17973327405206,-4,10
57900,53.18870177472736,-4,10
57901,53.3015224825192,-4,10
57902,53.29255254185628,-4,10
57903,52.952921109053314,-4,10
57904,52.94395583255335,-4,10
57905,53.02914905334761,-4,10
57906,53.274612600535086,-4,10
57907,52.875104897171326,-4,10
57908,53.26564259988377,-4,10
57909,52.88407127864817,-4,10
57910,53.05417209758555,-4,10
57911,52.89868367525226,-4,10
57912,52.854194589740445,-4,10
57913,52.845226186652425,-4,10
57914,52.83625776270071,-4,10
57915,52.9325408512326,-4,10
57916,52.8272893178894,-4,10
57917,52.81832085222256,-4,10
57918,52.80935236570425,-4,10
57919,53.152827648110254,-4,10
57920,52.896682601580096,-4,10
57921,52.842894555355535,-4,10
57922,52.82496502764823,-4,10
57923,53.14986659136598,-4,10
57924,53.19471904948111,-4,10
57925,53.14385906483751,-4,10
57926,53.13489046092526,-4,10
57927,53.11695319119797,-4,10
57928,53.1079845253908,-4,10
57929,53.06314088707664,-4,10
57930,53.045203287494125,-4,10
57931,53.25667257924325,-4,10
57932,53.02726560552599,-4,10
57933,52.93499053395794,-4,10
57934,53.21381890358232,-4,10
57935,53.21182217632368,-4,10
57936,53.20285203582056,-4,10
57937,52.89273036785737,-4,10
57938,52.91662582620364,-4,10
57939,53.020185418531184,-4,10
57940,53.01322060110983,-4,10
57941,52.928606883447,-4,10
57942,52.91963778535903,-4,10
57943,52.86316297196072,-4,10
57944,52.901699527560375,-4,10
57945,52.91066866672889,-4,10
57946,52.923668650017824,-4,10
57947,52.86043670247112,-4,10
57948,53.30109944593276,-4,10
57949,53.292129642614206,-4,10
57950,52.88376118762367,-4,10
57951,52.87479198686314,-4,10
57952,52.86582276557959,-4,10
57953,53.204851044837234,-4,10
57954,53.19588316518413,-4,10
57955,53.15104345344352,-4,10
57956,53.22079229685835,-4,10
57957,53.009327841203344,-4,10
57958,52.926025213272105,-4,10
57959,52.91705987050079,-4,10
57960,52.90809450564903,-4,10
57961,52.98242104037272,-4,10
57962,52.97345206561891,-4,10
57963,52.759478605899446,-4,10
57964,52.8991291187218,-4,10
57965,52.96448307029978,-4,10
57966,52.90573362626689,-4,10
57967,52.95551405441913,-4,10
57968,53.05239425061488,-4,10
57969,53.07929882894544,-4,10
57970,52.86940418250162,-4,10
57971,53.124139375767705,-4,10
57972,53.13310742253599,-4,10
57973,53.24770253861698,-4,10
57974,53.1420754484293,-4,10
57975,52.94654501798089,-4,10
57976,53.22976239742109,-4,10
57977,53.043426016156346,-4,10
57978,53.18491169492262,-4,10
57979,53.193881875352375,-4,10
57980,52.9243504775891,-4,10
57981,53.13109019334281,-4,10
57982,53.086238393710566,-4,10
57983,53.077267974008784,-4,10
57984,53.16297072938339,-4,10
57985,53.06829753438983,-4,10
57986,52.84914729781584,-4,10
57987,52.84018052546226,-4,10
57988,52.77505060623304,-4,10
57989,52.75711822037896,-4,10
57990,53.05932707485709,-4,10
57991,53.05035659541396,-4,10
57992,52.907654760599485,-4,10
57993,53.07810162728751,-4,10
57994,53.04138609606385,-4,10
57995,53.266481950153135,-4,10
57996,53.13265700089658,-4,10
57997,53.14162488078143,-4,10
57998,53.13192546927208,-4,10
57999,53.14089604023339,-4,10
58000,53.27545222333179,-4,10
58001,53.28442247663134,-4,10
58002,53.14903077365632,-4,10
58003,53.15800103389813,-4,10
58004,52.880328501018106,-4,10
58005,52.88929949227785,-4,10
58006,52.898270463746165,-4,10
58007,52.90724141541977,-4,10
58008,52.916212347295335,-4,10
58009,53.23084862497618,-4,10
58010,52.93054782083797,-4,10
58011,52.92158393623576,-4,10
58012,52.91262002895841,-4,10
58013,52.98756268210542,-4,10
58014,52.847884261458766,-4,10
58015,52.8299456752918,-4,10
58016,52.76715997803404,-4,10
58017,52.90365609901131,-4,10
58018,52.894692146399926,-4,10
58019,53.31133311722152,-4,10
58020,53.14503867602653,-4,10
58021,53.3023629235796,-4,10
58022,53.29339271004841,-4,10
58023,53.175941494534726,-4,10
58024,52.83891497862915,-4,10
58025,53.203945992620326,-4,10
58026,52.97859204350087,-4,10
58027,52.96065070665515,-4,10
58028,52.73918574731705,-4,10
58029,52.94160358895836,-4,10
58030,53.03114918745603,-4,10
58031,52.89374158861755,-4,10
58032,52.92518325936958,-4,10
58033,52.93415415163922,-4,10
58034,52.93456789816972,-4,10
58035,52.92559687206146,-4,10
58036,52.943125024100944,-4,10
58037,52.73021947809507,-4,10
58038,52.7212531870854,-4,10
58039,52.71228687429277,-4,10
58040,52.81328007922943,-4,10
58041,52.80431322077632,-4,10
58042,52.79534634080973,-4,10
58043,52.78637943933419,-4,10
58044,52.77741251635428,-4,10
58045,52.76844557187451,-4,10
58046,52.9610667095874,-4,10
58047,52.7481519947466,-4,10
58048,52.71981675195483,-4,10
58049,52.728782579352846,-4,10
58050,52.73774838477405,-4,10
58051,52.95168000842065,-4,10
58052,52.94270929031622,-4,10
58053,52.9337385523452,-4,10
58054,52.92476779451093,-4,10
58055,52.91579701681678,-4,10
58056,52.90682621926605,-4,10
58057,52.71085090258485,-4,10
58058,52.89096284606361,-4,10
58059,52.959538443053766,-4,10
58060,52.969621385016346,-4,10
58061,52.950571026613886,-4,10
58062,52.88888456460828,-4,10
58063,52.870942830564296,-4,10
58064,52.86197193378079,-4,10
58065,52.8530010171607,-4,10
58066,52.88119827866074,-4,10
58067,52.872232825536855,-4,10
58068,52.86326735035737,-4,10
58069,52.75567992966639,-4,10
58070,52.74671416821353,-4,10
58071,52.89785540186213,-4,10
58072,52.83588552528887,-4,10
58073,53.05077394741712,-4,10
58074,53.06871515687612,-4,10
58075,52.87302560759941,-4,10
58076,52.86405695722932,-4,10
58077,53.20439945343327,-4,10
58078,52.88501417182119,-4,10
58079,53.21336716568456,-4,10
58080,52.85508828610588,-4,10
58081,53.04252622781888,-4,10
58082,52.70332053972199,-4,10
58083,52.893980836447405,-4,10
58084,53.195431720213165,-4,10
58085,52.90294747951437,-4,10
58086,52.93881383609786,-4,10
58087,52.9477803712996,-4,10
58088,52.87883093169676,-4,10
58089,52.86089569607128,-4,10
58090,52.85192804649785,-4,10
58091,52.84296037575636,-4,10
58092,52.81605723656667,-4,10
58093,52.807089481196,-4,10
58094,52.95674688491444,-4,10
58095,52.91191410101749,-4,10
58096,53.11718957369227,-4,10
58097,52.88971257016524,-4,10
58098,52.871770300784746,-4,10
58099,52.91537983487147,-4,10
58100,52.906409172241794,-4,10
58101,52.88846778725985,-4,10
58102,52.87949706491431,-4,10
58103,52.87052632267024,-4,10
58104,52.86155556053098,-4,10
58105,52.85258477849991,-4,10
58106,52.84361397658039,-4,10
58107,52.851469201207415,-4,10
58108,52.88074144534164,-4,10
58109,52.8425016787149,-4,10
58110,52.80663137654348,-4,10
58111,52.79766374797197,-4,10
58112,52.78869609819765,-4,10
58113,52.92594106286169,-4,10
58114,53.186463966028406,-4,10
58115,52.934909277992496,-4,10
58116,52.99768619834709,-4,10
58117,52.83505912442409,-4,10
58118,52.84403008070736,-4,10
58119,52.81559898390788,-4,10
58120,53.05974456207385,-4,10
58121,53.10822375742172,-4,10
58122,52.86708077790944,-4,10
58123,53.22233485696284,-4,10
58124,53.20327169408586,-4,10
58125,53.194301397504674,-4,10
58126,53.18533108101843,-4,10
58127,53.176360744630514,-4,10
58128,53.16739038834434,-4,10
58129,53.14944961609064,-4,10
58130,53.1404792001299,-4,10
58131,53.13150876428442,-4,10
58132,53.194978406436285,-4,10
58133,52.935805578760416,-4,10
58134,52.92683707377582,-4,10
58135,52.91786854800983,-4,10
58136,52.908900001466456,-4,10
58137,53.07768573182054,-4,10
58138,52.83547324796276,-4,10
58139,52.84444433813044,-4,10
58140,52.871357489970194,-4,10
58141,52.899931434149714,-4,10
58142,52.85811404863308,-4,10
58143,53.2212122275194,-4,10
58144,52.78401676644527,-4,10
58145,53.18601079922656,-4,10
58146,53.099257919352986,-4,10
58147,53.0902920594909,-4,10
58148,53.08132617784021,-4,10
58149,52.69435418337771,-4,10
58150,53.12323696039464,-4,10
58151,53.03861564470654,-4,10
58152,53.05442840220447,-4,10
58153,52.9109702929818,-4,10
58154,52.779728427224825,-4,10
58155,52.87604748564034,-4,10
58156,53.11814043333074,-4,10
58157,53.16179621073957,-4,10
58158,52.8930376384453,-4,10
58159,53.04757939684588,-4,10
58160,53.05654312630082,-4,10
58161,53.13220471466585,-4,10
58162,53.14117244794088,-4,10
58163,53.16807552174704,-4,10
58164,52.902003976558085,-4,10
58165,52.16999430267527,-4,10
58166,52.15206175906768,-4,10
58167,52.09402351051937,-4,10
58168,52.143095454201294,-4,10
58169,52.13412912729971,-4,10
58170,52.34252100328281,-4,10
58171,52.09826359943854,-4,10
58172,52.1379604842283,-4,10
58173,52.15590137930455,-4,10
58174,52.16487179625511,-4,10
58175,52.17384219280903,-4,10
58176,52.236634397271175,-4,10
58177,52.51023338495752,-4,10
58178,52.35819734292627,-4,10
58179,52.365068943294176,-4,10
58180,52.47969425238812,-4,10
58181,52.470724271149166,-4,10
58182,52.30926112223517,-4,10
58183,52.29132036508099,-4,10
58184,52.28234995599681,-4,10
58185,52.27337952657942,-4,10
58186,52.25543860675965,-4,10
58187,52.0057212699717,-4,10
58188,52.014689879548094,-4,10
58189,52.02365846793802,-4,10
58190,52.03262703513723,-4,10
58191,52.041595581141465,-4,10
58192,52.05056410594647,-4,10
58193,52.05953260954799,-4,10
58194,52.11334318564457,-4,10
58195,52.12231154070196,-4,10
58196,52.2788212431488,-4,10
58197,52.26984904413599,-4,10
58198,52.40599898528536,-4,10
58199,52.41496557882648,-4,10
58200,52.4239321505591,-4,10
58201,52.12001950760981,-4,10
58202,52.12516277836776,-4,10
58203,52.520561743713166,-4,10
58204,52.356669601182354,-4,10
58205,52.08505553543064,-4,10
58206,52.48602928904574,-4,10
58207,52.49499838060303,-4,10
58208,52.50396745139504,-4,10
58209,52.30305105082338,-4,10
58210,52.31201940171148,-4,10
58211,52.32098773144875,-4,10
58212,52.32995604003094,-4,10
58213,52.38376544702925,-4,10
58214,52.39273360740666,-4,10
58215,52.08929716243385,-4,10
58216,52.04651844718152,-4,10
58217,52.01960801100934,-4,10
58218,52.01063782449487,-4,10
58219,52.08033070342313,-4,10
58220,52.54248354925346,-4,10
58221,52.5066040736047,-4,10
58222,52.27163930943694,-4,10
58223,52.26267522435081,-4,10
58224,52.25371111639494,-4,10
58225,52.24474698557486,-4,10
58226,52.23578283189602,-4,10
58227,52.22681865536393,-4,10
58228,52.21785445598404,-4,10
58229,52.33818236202955,-4,10
58230,52.11104898873139,-4,10
58231,52.457781129031424,-4,10
58232,52.46674985107602,-4,10
58233,52.47571855219267,-4,10
58234,52.51159314729779,-4,10
58235,52.50262452993393,-4,10
58236,52.18018467650896,-4,10
58237,52.360689384817455,-4,10
58238,52.37013239313069,-4,10
58239,52.36116569061805,-4,10
58240,52.35219896632528,-4,10
58241,52.29839816344862,-4,10
58242,52.28943128682629,-4,10
58243,52.199761325528605,-4,10
58244,52.16389273325909,-4,10
58245,52.15492553098621,-4,10
58246,52.12802379414824,-4,10
58247,52.11905650521116,-4,10
58248,52.11008919461953,-4,10
58249,52.10112186237797,-4,10
58250,52.09215450849103,-4,10
58251,52.083187132963324,-4,10
58252,52.074219735799424,-4,10
58253,52.379099073858434,-4,10
58254,52.38806573279662,-4,10
58255,52.3970323699405,-4,10
58256,52.23221001950432,-4,10
58257,52.34880292675752,-4,10
58258,52.33086578773212,-4,10
58259,52.32189718665485,-4,10
58260,52.28602257201217,-4,10
58261,52.11233529499606,-4,10
58262,52.12130622688647,-4,10
58263,52.13027713856359,-4,10
58264,52.03834993087349,-4,10
58265,52.139248030023865,-4,10
58266,52.25911639029631,-4,10
58267,52.07790102094352,-4,10
58268,52.08686670045607,-4,10
58269,52.104797992526265,-4,10
58270,52.113763605073714,-4,10
58271,52.12272919528931,-4,10
58272,52.149625831894014,-4,10
58273,52.26808513854891,-4,10
58274,52.029382425597255,-4,10
58275,52.19633456452276,-4,10
58276,52.1694277529866,-4,10
58277,52.261795262961336,-4,10
58278,52.25282563289174,-4,10
58279,52.22591661874349,-4,10
58280,52.163128196580935,-4,10
58281,52.15415833947343,-4,10
58282,52.145188461749264,-4,10
58283,52.01560020383941,-4,10
58284,52.27076487236787,-4,10
58285,52.02456908420347,-4,10
58286,52.04250678170368,-4,10
58287,52.051475598831466,-4,10
58288,52.06044439487216,-4,10
58289,52.25798651976415,-4,10
58290,52.24901521051445,-4,10
58291,52.1862154862302,-4,10
58292,52.17724401715361,-4,10
58293,52.03353794349296,-4,10
58294,52.27592907827932,-4,10
58295,52.27973446110745,-4,10
58296,52.20341850145458,-4,10
58297,52.12458264780251,-4,10
58298,52.11561356390898,-4,10
58299,52.15859133273121,-4,10
58300,52.17652226732845,-4,10
58301,52.18548770107824,-4,10
58302,52.33355155932097,-4,10
58303,52.32458209466493,-4,10
58304,52.212383868070894,-4,10
58305,52.3156126093185,-4,10
58306,52.297673576570254,-4,10
58307,52.28870402917622,-4,10
58308,52.020414898712254,-4,10
58309,52.01144735022302,-4,10
58310,52.00247978013411,-4,10
58311,51.99351218845008,-4,10
58312,52.19445311245534,-4,10
58313,52.30664310328565,-4,10
58314,52.347698512050016,-4,10
58315,52.28490032753796,-4,10
58316,52.1926698230067,-4,10
58317,52.07374830048255,-4,10
58318,52.03787910000104,-4,10
58319,52.02891174568568,-4,10
58320,52.01994436970152,-4,10
58321,52.01097697205319,-4,10
58322,52.00200955274523,-4,10
58323,51.99304211178229,-4,10
58324,52.32975627370548,-4,10
58325,52.33138322145735,-4,10
58326,52.3403490624509,-4,10
58327,52.43000625367064,-4,10
58328,52.43897185081119,-4,10
58329,52.44793742575325,-4,10
58330,52.12413202174464,-4,10
58331,52.05460933913941,-4,10
58332,52.08271554638485,-4,10
58333,52.09168277059071,-4,10
58334,52.100649973095486,-4,10
58335,52.10961715389454,-4,10
58336,52.3517228136752,-4,10
58337,52.32482296924507,-4,10
58338,52.29792292840957,-4,10
58339,52.17896054140672,-4,10
58340,52.18792675808342,-4,10
58341,52.2940826787887,-4,10
58342,52.258208979268886,-4,10
58343,52.06357914068588,-4,10
58344,52.28895620450752,-4,10
58345,52.18135381832406,-4,10
58346,52.24924050156481,-4,10
58347,52.19689295270047,-4,10
58348,52.205859125252985,-4,10
58349,52.17238681133795,-4,10
58350,52.163419782608905,-4,10
58351,52.15445273214164,-4,10
58352,52.19032080356259,-4,10
58353,52.0725489215416,-4,10
58354,52.08151868170267,-4,10
58355,52.09048842116516,-4,10
58356,52.13310094001434,-4,10
58357,52.14206983727538,-4,10
58358,52.15103871352364,-4,10
58359,52.16897640296526,-4,10
58360,52.45822986907551,-4,10
58361,52.46719873563147,-4,10
58362,52.47616758131791,-4,10
58363,52.33266354825375,-4,10
58364,52.494105210066,-4,10
58365,52.5120427552873,-4,10
58366,52.52101149656523,-4,10
58367,52.50126520551027,-4,10
58368,52.4833287832554,-4,10
58369,52.47436054045626,-4,10
58370,52.46539227654826,-4,10
58371,52.45642399153566,-4,10
58372,52.503073993119536,-4,10
58373,52.2016375409822,-4,10
58374,52.32369436913895,-4,10
58375,52.305755948497925,-4,10
58376,52.09945813992518,-4,10
58377,52.32078512450009,-4,10
58378,52.30284276604035,-4,10
58379,52.29387155679277,-4,10
58380,52.10299146420638,-4,10
58381,52.1119593964872,-4,10
58382,52.10842783797886,-4,10
58383,52.31472516921902,-4,10
58384,52.11739751532225,-4,10
58385,52.43289870047851,-4,10
58386,52.24297082135257,-4,10
58387,52.26090953301462,-4,10
58388,52.26987885768172,-4,10
58389,52.27884816156759,-4,10
58390,52.28781744466823,-4,10
58391,52.29678670697967,-4,10
58392,52.17121514424728,-4,10
58393,52.24293232936736,-4,10
58394,52.27929221545698,-4,10
58395,52.19807074583981,-4,10
58396,52.41216728452847,-4,10
58397,52.42113877158918,-4,10
58398,52.43011023881192,-4,10
58399,52.4390816861934,-4,10
58400,52.0960821867124,-4,10
58401,52.42535339171205,-4,10
58402,52.416386362716814,-4,10
58403,52.0052635688363,-4,10
58404,52.014232031627024,-4,10
58405,52.4031957776331,-4,10
58406,52.023200473172935,-4,10
58407,52.04113729251312,-4,10
58408,52.0501056702988,-4,10
58409,52.34651350364568,-4,10
58410,52.36444908523507,-4,10
58411,52.37341684399932,-4,10
58412,52.05907402682245,-4,10
58413,52.07701067606647,-4,10
58414,52.11288371922041,-4,10
58415,52.45787533125527,-4,10
58416,52.03216889346973,-4,10
58417,52.44890946561909,-4,10
58418,52.37628113797185,-4,10
58419,52.35833794575126,-4,10
58420,52.44186522857997,-4,10
58421,52.06916752327984,-4,10
58422,52.3106420843465,-4,10
58423,52.31960997117539,-4,10
58424,52.12506924371765,-4,10
58425,52.13404136386976,-4,10
58426,52.143013464287854,-4,10
58427,52.15198554496878,-4,10
58428,52.16095760590932,-4,10
58429,52.36730955177069,-4,10
58430,52.20581761439352,-4,10
58431,52.24170526552548,-4,10
58432,52.25067712888496,-4,10
58433,52.25964897246856,-4,10
58434,52.26862079627304,-4,10
58435,52.277592600295165,-4,10
58436,52.304507893634906,-4,10
58437,52.32245132355663,-4,10
58438,52.33142300881631,-4,10
58439,52.34039467427079,-4,10
58440,52.23273338239336,-4,10
58441,52.45083173485872,-4,10
58442,52.41304578235143,-4,10
58443,52.34131735736862,-4,10
58444,52.06094622113452,-4,10
58445,52.10505370122164,-4,10
58446,52.14991097385318,-4,10
58447,52.1588823683728,-4,10
58448,52.16785374288225,-4,10
58449,52.1768250973781,-4,10
58450,52.18579643185698,-4,10
58451,52.19476774631545,-4,10
58452,52.30054505463258,-4,10
58453,52.06991225853061,-4,10
58454,52.24675673512932,-4,10
58455,52.228827114436726,-4,10
58456,52.21986227020334,-4,10
58457,52.21089740338561,-4,10
58458,52.19296760201825,-4,10
58459,52.2037390407501,-4,10
58460,52.25756638666609,-4,10
58461,52.27550867495883,-4,10
58462,52.28447978902484,-4,10
58463,52.293450883032726,-4,10
58464,52.23779193608048,-4,10
58465,52.35028348760704,-4,10
58466,52.07887827374494,-4,10
58467,52.08960089551872,-4,10
58468,52.17992325265099,-4,10
58469,52.14405693008389,-4,10
58470,52.13509029465007,-4,10
58471,52.1081902569243,-4,10
58472,52.12185192678906,-4,10
58473,52.13978827803224,-4,10
58474,52.38238458140408,-4,10
58475,52.39135229744496,-4,10
58476,52.10250887799923,-4,10
58477,52.08784426677253,-4,10
58478,52.11147955544233,-4,10
58479,52.32337883809064,-4,10
58480,52.12045021256606,-4,10
58481,52.1383914658408,-4,10
58482,52.400319992117545,-4,10
58483,52.418255317340126,-4,10
58484,52.12370801691584,-4,10
58485,52.11474211268504,-4,10
58486,52.09681023760841,-4,10
58487,52.05372295187098,-4,10
58488,52.33234210573006,-4,10
58489,52.31139301086023,-4,10
58490,52.45979821931002,-4,10
58491,52.00887505433872,-4,10
58492,52.14562678160925,-4,10
58493,52.1545968001012,-4,10
58494,52.16356679803276,-4,10
58495,52.22635620754277,-4,10
58496,52.25326564568812,-4,10
58497,52.262235417203456,-4,10
58498,52.2712051681125,-4,10
58499,52.28017489841144,-4,10
58500,52.289144608096365,-4,10
58501,52.13665674256072,-4,10
58502,52.29811429716346,-4,10
58503,52.33399284717616,-4,10
58504,52.0909294899885,-4,10
58505,52.081959609003846,-4,10
58506,52.270622636692174,-4,10
58507,52.450595853022605,-4,10
58508,52.45956517030554,-4,10
58509,52.05122431443789,-4,10
58510,52.22184125548437,-4,10
58511,52.20391022872974,-4,10
58512,52.32502324061906,-4,10
58513,52.19494468187017,-4,10
58514,52.12768668295942,-4,10
58515,52.10974650211368,-4,10
58516,52.252713853021824,-4,10
58517,52.16656922273799,-4,10
58518,52.1755343617912,-4,10
58519,52.184499478350126,-4,10
58520,52.20242964396424,-4,10
58521,52.21139469300898,-4,10
58522,52.22932472354768,-4,10
58523,52.23828970503115,-4,10
58524,52.24725466398375,-4,10
58525,52.11871660280914,-4,10
58526,52.25621960040022,-4,10
58527,52.029014671945525,-4,10
58528,52.03798495737746,-4,10
58529,52.04695522229822,-4,10
58530,52.05592546670403,-4,10
58531,52.06489569059112,-4,10
58532,52.07386589395572,-4,10
58533,52.08283607679406,-4,10
58534,52.09180623910234,-4,10
58535,52.10077638087681,-4,10
58536,52.02004436600615,-4,10
58537,51.9999054124756,-4,10
58538,52.18597911269587,-4,10
58539,52.15908227133547,-4,10
58540,52.12321950408983,-4,10
58541,52.33182629500789,-4,10
58542,52.32286319311287,-4,10
58543,52.31390006797914,-4,10
58544,52.30493691961246,-4,10
58545,52.17612122490345,-4,10
58546,52.47882351312674,-4,10
58547,52.48779319345186,-4,10
58548,52.49676285324548,-4,10
58549,52.33800704104237,-4,10
58550,52.35594296217619,-4,10
58551,52.37387879814626,-4,10
58552,52.382846684184,-4,10
58553,52.39181454891774,-4,10
58554,52.40078239234313,-4,10
58555,52.50573249250381,-4,10
58556,52.18508943120637,-4,10
58557,52.19405761624137,-4,10
58558,52.22096204369586,-4,10
58559,52.301674176188826,-4,10
58560,52.36491089080885,-4,10
58561,52.16804790742345,-4,10
58562,52.32007103477965,-4,10
58563,52.30213494342267,-4,10
58564,52.15011661295305,-4,10
58565,52.13218522932517,-4,10
58566,52.06019592884531,-4,10
58567,52.45225434890696,-4,10
58568,52.44328738481171,-4,10
58569,52.43432039907855,-4,10
58570,52.00617718119788,-4,10
58571,52.01514593698887,-4,10
58572,52.024114671651525,-4,10
58573,52.31110299973577,-4,10
58574,52.03308338518165,-4,10
58575,52.05102074882743,-4,10
58576,52.05998939893464,-4,10
58577,52.10483233214489,-4,10
58578,52.12276935726453,-4,10
58579,52.131737838057816,-4,10
58580,52.140706297667776,-4,10
58581,52.14967473609013,-4,10
58582,52.22142148020304,-4,10
58583,52.23038972774474,-4,10
58584,52.04205207757503,-4,10
58585,52.32036404467296,-4,10
58586,52.32933505841371,-4,10
58587,52.33830605207902,-4,10
58588,52.17165748931471,-4,10
58589,52.500349877951344,-4,10
58590,52.16268779428372,-4,10
58591,52.13577858514403,-4,10
58592,52.11783900905085,-4,10
58593,52.108869190015874,-4,10
58594,52.4913819721277,-4,10
58595,52.099899350327135,-4,10
58596,52.482414045067536,-4,10
58597,52.18062716366477,-4,10
58598,52.473446096775184,-4,10
58599,52.2702548419234,-4,10
58600,52.27922717144104,-4,10
58601,52.46447812725495,-4,10
58602,52.45551013651117,-4,10
58603,52.428606036981584,-4,10
58604,52.419637961386655,-4,10
58605,52.40170174659489,-4,10
58606,52.29942560084801,-4,10
58607,52.290455490235495,-4,10
58608,52.26128249283439,-4,10
58609,52.2814853591744,-4,10
58610,52.234444775247056,-4,10
58611,52.27032276885508,-4,10
58612,52.458676789375474,-4,10
58613,52.4497077580839,-4,10
58614,52.03444168447811,-4,10
58615,52.02547253538487,-4,10
58616,51.99856496236536,-4,10
58617,52.43525911275138,-4,10
58618,52.11425375658026,-4,10
58619,52.10528798680157,-4,10
58620,52.09632219475871,-4,10
58621,52.261353301529226,-4,10
58622,52.087356380456775,-4,10
58623,52.06942468509578,-4,10
58624,52.06045880404677,-4,10
58625,52.05149290075873,-4,10
58626,52.34207776106787,-4,10
58627,52.33310845964417,-4,10
58628,52.3241391374689,-4,10
58629,52.31516979454599,-4,10
58630,52.306200430879386,-4,10
58631,52.28826164133095,-4,10
58632,52.0783905439008,-4,10
58633,52.4676457998597,-4,10
58634,52.27251520766849,-4,10
58635,52.24560463051912,-4,10
58636,52.290845688336944,-4,10
58637,52.19220362188808,-4,10
58638,52.18323603214916,-4,10
58639,52.13839776095561,-4,10
58640,52.1294300422485,-4,10
58641,52.11149454040167,-4,10
58642,52.10252675727089,-4,10
58643,52.093558952674464,-4,10
58644,52.07602494244552,-4,10
58645,52.299813019653016,-4,10
58646,52.08499581827623,-4,10
58647,52.10293750917295,-4,10
58648,52.12087911902622,-4,10
58649,52.129849893552574,-4,10
58650,52.1388206478073,-4,10
58651,52.14779138178682,-4,10
58652,52.15676209548749,-4,10
58653,52.16573278890573,-4,10
58654,52.17470346203794,-4,10
58655,52.1836741148805,-4,10
58656,52.09396667385323,-4,10
58657,52.26354503572151,-4,10
58658,52.36258373479965,-4,10
58659,52.38051803054064,-4,10
58660,52.06705404636471,-4,10
58661,51.995374608414735,-4,10
58662,52.00434279727916,-4,10
58663,52.01331096478574,-4,10
58664,52.02227911093013,-4,10
58665,52.03124723570792,-4,10
58666,52.04021533911474,-4,10
58667,52.0671195210655,-4,10
58668,52.38140475638433,-4,10
58669,52.37155089347074,-4,10
58670,52.37244314401989,-4,10
58671,52.14921647843056,-4,10
58672,52.01650336533228,-4,10
58673,52.15320867234156,-4,10
58674,52.13127987452162,-4,10
58675,52.16218112622023,-4,10
58676,52.17115356051248,-4,10
58677,52.40741931209748,-4,10
58678,52.3984522398586,-4,10
58679,52.3894851460048,-4,10
58680,52.076087538944535,-4,10
58681,51.999013568987735,-4,10
58682,52.00798292481932,-4,10
58683,52.01695225975693,-4,10
58684,52.47750374279229,-4,10
58685,52.48647299798826,-4,10
58686,52.495442232480734,-4,10
58687,52.50441144626576,-4,10
58688,52.52234981169772,-4,10
58689,52.46924101126009,-4,10
58690,52.460274395329925,-4,10
58691,52.442341098163446,-4,10
58692,52.43337441693651,-4,10
58693,52.468534466896735,-4,10
58694,52.14875642169808,-4,10
58695,52.37862246157185,-4,10
58696,52.39655545092098,-4,10
58697,52.40552191280665,-4,10
58698,52.43242116725084,-4,10
58699,52.441387541645376,-4,10
58700,52.45035389415514,-4,10
58701,52.45932022477536,-4,10
58702,52.15772454405428,-4,10
58703,52.18462878322162,-4,10
58704,52.36965593411793,-4,10
58705,52.19359682029576,-4,10
58706,52.3835190763902,-4,10
58707,52.36559446889042,-4,10
58708,52.09857032940055,-4,10
58709,52.27113187539012,-4,10
58710,52.29802350405314,-4,10
58711,52.09922353389018,-4,10
58712,52.10753974246239,-4,10
58713,52.35557960715466,-4,10
58714,52.34766976724245,-4,10
58715,52.11650913470024,-4,10
58716,52.04301407981695,-4,10
58717,52.37455678441184,-4,10
58718,52.35663212983198,-4,10
58719,52.42768579472536,-4,10
58720,52.45458900517481,-4,10
58721,52.46355669931908,-4,10
58722,52.47252437211991,-4,10
58723,52.48149202357294,-4,10
58724,52.490459653673724,-4,10
58725,52.49942726241785,-4,10
58726,52.50839484980096,-4,10
58727,52.51736241581857,-4,10
58728,52.41871801525131,-4,10
58729,52.274308193523936,-4,10
58730,52.34605018327102,-4,10
58731,52.3639854667339,-4,10
58732,52.5124905400306,-4,10
58733,52.50352163364317,-4,10
58734,52.49455270642835,-4,10
58735,52.536221288794366,-4,10
58736,52.527253467960016,-4,10
58737,52.51828562587183,-4,10
58738,52.38193605265725,-4,10
58739,52.37297426952235,-4,10
58740,52.3550506320157,-4,10
58741,52.05237991977015,-4,10
58742,52.10664445907272,-4,10
58743,52.08870618658842,-4,10
58744,52.0797370189485,-4,10
58745,52.07076783038217,-4,10
58746,52.50931776253417,-4,10
58747,52.48558375839015,-4,10
58748,52.052829390486544,-4,10
58749,52.04386013916535,-4,10
58750,52.03489086693399,-4,10
58751,52.0259215737965,-4,10
58752,52.09767533329784,-4,10
58753,52.07928711541072,-4,10
58754,52.08825613866185,-4,10
58755,52.09722514092489,-4,10
58756,52.162585362026086,-4,10
58757,52.17155792619687,-4,10
58758,52.34819314626922,-4,10
58759,52.3661181844951,-4,10
58760,52.37295307634487,-4,10
58761,52.3908882313037,-4,10
58762,52.41779080301729,-4,10
58763,52.42675828404407,-4,10
58764,52.480562719675554,-4,10
58765,52.48953005048409,-4,10
58766,52.20744798747416,-4,10
58767,52.243337735954576,-4,10
58768,52.25231012417707,-4,10
58769,52.314415547279054,-4,10
58770,52.30545223330101,-4,10
58771,52.11516308247043,-4,10
58772,52.1061941221958,-4,10
58773,52.48999576261405,-4,10
58774,52.48102828186783,-4,10
58775,52.472060779709,-4,10
58776,52.46309325614201,-4,10
58777,52.2070431017554,-4,10
58778,52.14821890126375,-4,10
58779,52.49038438357845,-4,10
58780,52.17513139362533,-4,10
58781,52.50789776853033,-4,10
58782,52.522792268568914,-4,10
58783,52.51382295368646,-4,10
58784,52.50485361814637,-4,10
58785,52.48691488510895,-4,10
58786,52.4779454876194,-4,10
58787,52.46897606948781,-4,10
58788,52.021815743674495,-4,10
58789,52.49892743183977,-4,10
58790,52.0128477460875,-4,10
58791,51.99491168665421,-4,10
58792,52.45596797361852,-4,10
58793,52.402158700396406,-4,10
58794,52.50885721739985,-4,10
58795,52.51782493236949,-4,10
58796,52.39319041419829,-4,10
58797,52.46493611178807,-4,10
58798,52.47390422879367,-4,10
58799,52.00387972707926,-4,10
58800,52.01739936315595,-4,10
58801,52.48995707489615,-4,10
58802,52.45407544466323,-4,10
58803,52.02502170548431,-4,10
58804,52.01605267999023,-4,10
58805,52.40124297720644,-4,10
58806,52.41917889663772,-4,10
58807,52.428146824463056,-4,10
58808,52.4371147310224,-4,10
58809,52.46401832306108,-4,10
58810,52.47298614451302,-4,10
58811,52.48098669770308,-4,10
58812,52.48195394467724,-4,10
58813,52.49988948112503,-4,10
58814,52.23877887227455,-4,10
58815,52.24774979485272,-4,10
58816,52.29260410537231,-4,10
58817,52.30157490697731,-4,10
58818,52.31054568840777,-4,10
58819,52.42969480602956,-4,10
58820,52.43866611962251,-4,10
58821,52.49092172354937,-4,10
58822,52.053277067889496,-4,10
58823,52.07121579513001,-4,10
58824,52.08018512745464,-4,10
58825,52.17884640477658,-4,10
58826,52.18781548640534,-4,10
58827,52.19678454711642,-4,10
58828,52.22369160370304,-4,10
58829,52.23266058070275,-4,10
58830,52.25059847188396,-4,10
58831,52.25956738605728,-4,10
58832,52.26853627928028,-4,10
58833,52.16987730223422,-4,10
58834,52.322349198431965,-4,10
58835,52.19737551811036,-4,10
58836,52.33186811818693,-4,10
58837,52.34083411510134,-4,10
58838,52.43945862273964,-4,10
58839,52.44842435435804,-4,10
58840,52.45739006383618,-4,10
58841,52.013772393335984,-4,10
58842,52.19543445072061,-4,10
58843,52.1884091685695,-4,10
58844,52.31247488807468,-4,10
58845,52.00480407790188,-4,10
58846,52.32144336429025,-4,10
58847,52.08915443891016,-4,10
58848,52.098123729492514,-4,10
58849,52.107092999197725,-4,10
58850,52.11606224802175,-4,10
58851,52.12503147596051,-4,10
58852,52.13400068301,-4,10
58853,52.142969869166166,-4,10
58854,52.16090817878232,-4,10
58855,52.30900883782076,-4,10
58856,52.30004435801511,-4,10
58857,52.23729236417014,-4,10
58858,52.228327702941456,-4,10
58859,52.21936301905895,-4,10
58860,52.21039831252797,-4,10
58861,52.20143358335379,-4,10
58862,52.3842221068702,-4,10
58863,52.339380253428615,-4,10
58864,52.33041181940961,-4,10
58865,51.9958357411687,-4,10
58866,52.231757653499216,-4,10
58867,52.09778094006556,-4,10
58868,52.12467965417228,-4,10
58869,52.13364584803977,-4,10
58870,52.42155225190812,-4,10
58871,52.29887159041229,-4,10
58872,52.200233082276,-4,10
58873,52.17333121636368,-4,10
58874,52.14642915585591,-4,10
58875,52.13746175913122,-4,10
58876,52.12849434080309,-4,10
58877,52.119526900876096,-4,10
58878,52.11471080381511,-4,10
58879,52.11055943935479,-4,10
58880,52.09262445154739,-4,10
58881,52.07468937741726,-4,10
58882,52.06572180799253,-4,10
58883,52.0298513146681,-4,10
58884,52.02088363745322,-4,10
58885,52.01191593869387,-4,10
58886,52.00294821839455,-4,10
58887,51.99398047655977,-4,10
58888,52.101591956243695,-4,10
58889,52.123679597895965,-4,10
58890,52.13264837091435,-4,10
58891,52.14161712286609,-4,10
58892,52.09729648608318,-4,10
58893,52.074301294487306,-4,10
58894,52.04349939345161,-4,10
58895,52.17848996006205,-4,10
58896,52.18691400830608,-4,10
58897,52.36664008998056,-4,10
58898,52.375602741704895,-4,10
58899,52.42440771395339,-4,10
58900,52.40647424273742,-4,10
58901,52.38854068455298,-4,10
58902,52.37957387285929,-4,10
58903,52.37060703943754,-4,10
58904,52.361640184292376,-4,10
58905,52.35267330742848,-4,10
58906,52.19588277942832,-4,10
58907,52.17749191992293,-4,10
58908,52.16852325227958,-4,10
58909,52.15955456355289,-4,10
58910,52.15058585374698,-4,10
58911,51.98501271319402,-4,10
58912,52.18646872432365,-4,10
58913,52.10574198867591,-4,10
58914,52.18746182947149,-4,10
58915,52.27717943368407,-4,10
58916,52.304094328237206,-4,10
58917,52.32203749203392,-4,10
58918,52.33100904415074,-4,10
58919,52.33998057640882,-4,10
58920,52.35792358133549,-4,10
58921,52.366895053997496,-4,10
58922,52.3758665067875,-4,10
58923,52.26820776248403,-4,10
58924,52.40278074589231,-4,10
58925,52.10421261757698,-4,10
58926,52.14906853882776,-4,10
58927,52.15803966274709,-4,10
58928,52.2298079295465,-4,10
58929,52.16951040253813,-4,10
58930,52.1605442970691,-4,10
58931,52.1515781694931,-4,10
58932,52.142612019815004,-4,10
58933,52.42072347254132,-4,10
58934,52.25923607144831,-4,10
58935,52.17847648589521,-4,10
58936,52.18744254713543,-4,10
58937,52.08780429523919,-4,10
58938,52.16616058306803,-4,10
58939,52.10121220081248,-4,10
58940,52.11018246196225,-4,10
58941,52.03399070996152,-4,10
58942,52.19643367907468,-4,10
58943,52.084591126616886,-4,10
58944,52.07562327910258,-4,10
58945,52.066655410136,-4,10
58946,52.030783719835824,-4,10
58947,52.22334910901424,-4,10
58948,52.2323208793599,-4,10
58949,52.24129262988296,-4,10
58950,52.2502643605802,-4,10
58951,52.11915270262647,-4,10
58952,52.33986219953552,-4,10
58953,52.21434059810549,-4,10
58954,52.20537460324551,-4,10
58955,52.19640858625385,-4,10
58956,52.09677315248256,-4,10
58957,52.1775029756799,-4,10
58958,52.16853720479437,-4,10
58959,52.31747046835544,-4,10
58960,52.031708960289656,-4,10
58961,52.51426344435038,-4,10
58962,52.44887905301858,-4,10
58963,52.43990735954743,-4,10
58964,52.43093564633915,-4,10
58965,52.42196391339696,-4,10
58966,52.4040203883237,-4,10
58967,52.39504859619909,-4,10
58968,52.07515722522263,-4,10
58969,52.36813310151172,-4,10
58970,52.33224549931658,-4,10
58971,52.32327354951315,-4,10
58972,52.29635758194273,-4,10
58973,52.28738555337649,-4,10
58974,52.27841350512749,-4,10
58975,52.2694414371989,-4,10
58976,52.26046934959391,-4,10
58977,52.25149724231567,-4,10
58978,52.35916123052209,-4,10
58979,52.06618950574085,-4,10
58980,52.03031841278516,-4,10
58981,52.02135058581148,-4,10
58982,52.27164365598188,-4,10
58983,52.26267376414853,-4,10
58984,52.164003598532894,-4,10
58985,52.155033460352776,-4,10
58986,52.42629180332733,-4,10
58987,52.146063301668285,-4,10
58988,52.13709312248324,-4,10
58989,52.12812292280139,-4,10
58990,52.41732447239639,-4,10
58991,52.40835711996304,-4,10
58992,52.399389746031865,-4,10
58993,52.39042235060732,-4,10
58994,52.3814549336939,-4,10
58995,52.37248749529613,-4,10
58996,52.5097764850909,-4,10
58997,51.98547906311186,-4,10
58998,51.99444697599859,-4,10
58999,52.00341486741374,-4,10
59000,52.01238273735287,-4,10
59001,52.36352003541848,-4,10
59002,52.280613527261664,-4,10
59003,52.2021020896604,-4,10
59004,52.18416633397568,-4,10
59005,52.19173561927064,-4,10
59006,52.200703037176666,-4,10
59007,52.29934320918536,-4,10
59008,52.34417878636062,-4,10
59009,52.353145836869125,-4,10
59010,52.3621128657247,-4,10
59011,52.371079872922685,-4,10
59012,52.38004685845851,-4,10
59013,52.18276817979411,-4,10
59014,52.04067721180056,-4,10
59015,52.282346036751626,-4,10
59016,52.37202010096672,-4,10
59017,52.38995465546961,-4,10
59018,52.39892190039909,-4,10
59019,52.41685632559141,-4,10
59020,52.425823505845145,-4,10
59021,52.0366696739897,-4,10
59022,52.43479066453118,-4,10
59023,52.21060523750274,-4,10
59024,52.17380071875159,-4,10
59025,52.1379306590122,-4,10
59026,52.0765500046364,-4,10
59027,52.16623049274515,-4,10
59028,52.157262540061225,-4,10
59029,52.14829456600407,-4,10
59030,52.24252511536735,-4,10
59031,52.23355296875212,-4,10
59032,52.20663641093647,-4,10
59033,52.19766418568513,-4,10
59034,52.161775088199775,-4,10
59035,52.143830421613046,-4,10
59036,52.13485805886966,-4,10
59037,52.1258856764971,-4,10
59038,52.102060254579065,-4,10
59039,52.1110278879866,-4,10
59040,52.119995499864274,-4,10
59041,52.12896309020765,-4,10
59042,52.13932657057804,-4,10
59043,52.13035855378756,-4,10
59044,52.12139051563702,-4,10
59045,52.08551814952166,-4,10
59046,52.19313422251346,-4,10
59047,52.12419473364921,-4,10
59048,52.28958337798409,-4,10
59049,52.316492806769,-4,10
59050,52.24046193765649,-4,10
59051,52.24943340129389,-4,10
59052,52.258404844995,-4,10
59053,52.26737626875644,-4,10
59054,52.45687819015093,-4,10
59055,52.46584662142378,-4,10
59056,52.47481503165114,-4,10
59057,52.49275178895262,-4,10
59058,52.186632737357776,-4,10
59059,52.50172013601837,-4,10
59060,52.519656766958974,-4,10
59061,52.27634767257489,-4,10
59062,52.28531905644696,-4,10
59063,52.29429042036928,-4,10
59064,52.30326176433848,-4,10
59065,52.32120439240406,-4,10
59066,52.33017567649368,-4,10
59067,52.33914694061666,-4,10
59068,52.5106884620219,-4,10
59069,52.17766113426016,-4,10
59070,52.16868951125301,-4,10
59071,52.15971786833967,-4,10
59072,52.30850617282413,-4,10
59073,52.29954185452596,-4,10
59074,52.281613149650696,-4,10
59075,52.27264876308448,-4,10
59076,52.25471992172177,-4,10
59077,52.23679098942141,-4,10
59078,52.22782648918309,-4,10
59079,52.21886196622652,-4,10
59080,52.20989742055706,-4,10
59081,52.200932852180095,-4,10
59082,52.09691581085232,-4,10
59083,52.10588759301592,-4,10
59084,52.11485935529656,-4,10
59085,52.3313179448878,-4,10
59086,52.34925537484578,-4,10
59087,52.37616136233648,-4,10
59088,52.385129982831145,-4,10
59089,52.39409858231779,-4,10
59090,52.15074620552348,-4,10
59091,52.34811818476965,-4,10
59092,52.29855320814533,-4,10
59093,52.357089408949214,-4,10
59094,52.36606061315201,-4,10
59095,52.24969496422554,-4,10
59096,52.51643853865421,-4,10
59097,52.50746836059344,-4,10
59098,52.48055770454968,-4,10
59099,52.47158744526008,-4,10
59100,52.462617165672384,-4,10
59101,52.453646865790205,-4,10
59102,52.48287232463103,-4,10
59103,52.22982053015356,-4,10
59104,52.30114866624333,-4,10
59105,52.256295141192695,-4,10
59106,52.23835358966492,-4,10
59107,52.22938278359222,-4,10
59108,52.13967361238695,-4,10
59109,52.13070258429633,-4,10
59110,52.27660077233472,-4,10
59111,52.34340205040007,-4,10
59112,52.33443232310207,-4,10
59113,52.29217800167819,-4,10
59114,52.22085536694386,-4,10
59115,52.21189018127746,-4,10
59116,52.202924973159526,-4,10
59117,52.410916334395125,-4,10
59118,52.41988741866578,-4,10
59119,52.4288584829358,-4,10
59120,52.02274068746669,-4,10
59121,52.24072631939161,-4,10
59122,52.15957141167208,-4,10
59123,52.15060559631807,-4,10
59124,52.13267389893495,-4,10
59125,52.44281515027935,-4,10
59126,52.43384831650849,-4,10
59127,52.42488146104299,-4,10
59128,52.39798076452515,-4,10
59129,52.09534072640663,-4,10
59130,52.10430620354009,-4,10
59131,52.38901382232755,-4,10
59132,52.1670639162761,-4,10
59133,52.1760292141484,-4,10
59134,52.18499448958983,-4,10
59135,52.19395974259525,-4,10
59136,52.46000663071805,-4,10
59137,52.06533095143275,-4,10
59138,52.092241919180914,-4,10
59139,52.16294503264072,-4,10
59140,52.19725582110655,-4,10
59141,52.17931157397952,-4,10
59142,52.161367248063165,-4,10
59143,52.15239505556693,-4,10
59144,52.143422843382886,-4,10
59145,52.13445061151421,-4,10
59146,52.2062279151161,-4,10
59147,52.125478359964085,-4,10
59148,52.4455316076425,-4,10
59149,52.091209237960406,-4,10
59150,52.0822421656489,-4,10
59151,52.02843927504683,-4,10
59152,52.01947205053444,-4,10
59153,52.010504804297696,-4,10
59154,52.31994115302526,-4,10
59155,52.23314407889071,-4,10
59156,52.24211609405356,-4,10
59157,52.25108808949676,-4,10
59158,52.14501121467154,-4,10
59159,52.118110324306485,-4,10
59160,52.10914331729389,-4,10
59161,52.386030599759,-4,10
59162,52.37706168954665,-4,10
59163,52.36809275844711,-4,10
59164,52.33183516057177,-4,10
59165,52.35015483360267,-4,10
59166,52.1001762885103,-4,10
59167,52.32286334274988,-4,10
59168,52.30491964786365,-4,10
59169,52.295947770805725,-4,10
59170,52.27800395747637,-4,10
59171,52.269032021211366,-4,10
59172,52.2600600652171,-4,10
59173,52.001537536341175,-4,10
59174,52.15397813455335,-4,10
59175,52.48141386876453,-4,10
59176,52.49719941485099,-4,10
59177,52.20043032058916,-4,10
59178,52.20939472759439,-4,10
59179,52.2908888323868,-4,10
59180,52.28191856202467,-4,10
59181,52.218359111827546,-4,10
59182,52.22732347328322,-4,10
59183,52.44042671619072,-4,10
59184,52.236287811956,-4,10
59185,52.27294827127368,-4,10
59186,52.28110916338606,-4,10
59187,52.31696583388283,-4,10
59188,52.50703712891629,-4,10
59189,52.31693018923245,-4,10
59190,52.32590009837194,-4,10
59191,52.27214493870935,-4,10
59192,52.28105034755144,-4,10
59193,52.2720803358693,-4,10
59194,52.4604462709512,-4,10
59195,52.48822961445866,-4,10
59196,52.47925979359172,-4,10
59197,52.257144445802986,-4,10
59198,52.03885284856792,-4,10
59199,52.05679391495276,-4,10
59200,52.11061662420316,-4,10
59201,52.11958700426173,-4,10
59202,52.12855736388664,-4,10
59203,52.49935487819865,-4,10
59204,52.13752770307418,-4,10
59205,52.15546832012234,-4,10
59206,52.236200084206246,-4,10
59207,52.24517017785466,-4,10
59208,52.26311030368996,-4,10
59209,52.46941585131613,-4,10
59210,52.506169194764965,-4,10
59211,52.12547850611005,-4,10
59212,52.17944279703093,-4,10
59213,52.18087876341333,-4,10
59214,52.34179878913496,-4,10
59215,52.18040190815044,-4,10
59216,52.15350173833624,-4,10
59217,52.14453497134748,-4,10
59218,52.13556818250797,-4,10
59219,52.1266013718224,-4,10
59220,52.350765074199295,-4,10
59221,52.09970080873689,-4,10
59222,52.01003084707028,-4,10
59223,52.00106373103559,-4,10
59224,52.27676445774362,-4,10
59225,52.2947074736602,-4,10
59226,52.30367895177133,-4,10
59227,52.32162184828259,-4,10
59228,52.02796501379461,-4,10
59229,52.26779291994484,-4,10
59230,52.249849784682894,-4,10
59231,52.23190656989059,-4,10
59232,52.37766379760727,-4,10
59233,52.36869757844029,-4,10
59234,52.35973133730268,-4,10
59235,52.1242456124814,-4,10
59236,52.11527373701561,-4,10
59237,52.10630184171669,-4,10
59238,52.133217468110765,-4,10
59239,52.1601329159476,-4,10
59240,52.169104692198495,-4,10
59241,52.305965740406165,-4,10
59242,52.32389267533127,-4,10
59243,52.178076448596535,-4,10
59244,52.18704818513848,-4,10
59245,52.19601990182097,-4,10
59246,52.22293493267884,-4,10
59247,52.33059326667606,-4,10
59248,52.17191190892895,-4,10
59249,52.33956466515694,-4,10
59250,52.35750740236762,-4,10
59251,52.440908037476525,-4,10
59252,52.43194181737032,-4,10
59253,52.39607671757181,-4,10
59254,52.36917766251556,-4,10
59255,52.39463733209362,-4,10
59256,52.36772223430904,-4,10
59257,52.44987423563568,-4,10
59258,52.358750495513696,-4,10
59259,52.36021126700681,-4,10
59260,52.35124484959436,-4,10
59261,52.342278410283015,-4,10
59262,52.33331194907762,-4,10
59263,52.2974458854108,-4,10
59264,52.28847931480672,-4,10
59265,52.34080695864183,-4,10
59266,52.0734286982171,-4,10
59267,52.4036089918106,-4,10
59268,52.31097025520272,-4,10
59269,52.36647874109072,-4,10
59270,52.37545005988781,-4,10
59271,52.393392637690674,-4,10
59272,52.40236389668972,-4,10
59273,52.41133513574933,-4,10
59274,52.42030635486616,-4,10
59275,52.42927755403681,-4,10
59276,52.293028399191606,-4,10
59277,52.12724864446636,-4,10
59278,52.11827870491528,-4,10
59279,52.10930874476292,-4,10
59280,52.100338764013095,-4,10
59281,52.09136876266964,-4,10
59282,52.08239874073636,-4,10
59283,52.30199933725701,-4,10
59284,52.34853604372192,-4,10
59285,52.15238649533156,-4,10
59286,52.50832535262155,-4,10
59287,52.457330569353125,-4,10
59288,52.081075958939344,-4,10
59289,52.17640437503525,-4,10
59290,52.392274985609134,-4,10
59291,52.38330697276318,-4,10
59292,52.203317912721936,-4,10
59293,52.47115676885321,-4,10
59294,52.37433893867288,-4,10
59295,52.36537088334256,-4,10
59296,52.32949844970722,-4,10
59297,52.3205302882414,-4,10
59298,52.31156210556137,-4,10
59299,52.18410218394797,-4,10
59300,52.25586777765209,-4,10
59301,52.151574233028974,-4,10
59302,52.30259390167145,-4,10
59303,52.24878423316356,-4,10
59304,52.072106340817264,-4,10
59305,52.14260228442718,-4,10
59306,52.13363031603542,-4,10
59307,52.06313670194396,-4,10
59308,52.12465832785694,-4,10
59309,52.11568631989497,-4,10
59310,52.10671429215277,-4,10
59311,52.50529396692841,-4,10
59312,52.49632446891015,-4,10
59313,52.05416704232335,-4,10
59314,52.00931843314822,-4,10
59315,52.26943313895579,-4,10
59316,52.29362567657589,-4,10
59317,52.09004555630622,-4,10
59318,52.09901513291397,-4,10
59319,52.16054616183754,-4,10
59320,52.29634055819826,-4,10
59321,52.30530965624951,-4,10
59322,52.314278733445946,-4,10
59323,52.24252553216465,-4,10
59324,52.332216825258186,-4,10
59325,52.23355628824218,-4,10
59326,52.22458702349701,-4,10
59327,52.20664843155453,-4,10
59328,52.19767910436523,-4,10
59329,52.17077099797289,-4,10
59330,52.12592373814294,-4,10
59331,52.34118583986592,-4,10
59332,52.15254355047741,-4,10
59333,52.14357709099644,-4,10
59334,52.12564410611881,-4,10
59335,52.08081125964149,-4,10
59336,52.035977864668936,-4,10
59337,52.116954223836274,-4,10
59338,52.5111417161724,-4,10
59339,52.50217324419665,-4,10
59340,52.493204751217725,-4,10
59341,52.10798468875862,-4,10
59342,52.18695653584292,-4,10
59343,52.1584619162164,-4,10
59344,52.47526770226691,-4,10
59345,52.466299146303314,-4,10
59346,52.16743315565963,-4,10
59347,52.16951807084965,-4,10
59348,52.240272002739545,-4,10
59349,52.14736206198457,-4,10
59350,52.15633263779443,-4,10
59351,52.000348649126245,-4,10
59352,51.99137884438446,-4,10
59353,52.349706010497485,-4,10
59354,52.34073716109648,-4,10
59355,52.16530319326671,-4,10
59356,52.46218662794277,-4,10
59357,52.140519377140855,-4,10
59358,52.331768290766426,-4,10
59359,52.29589260023749,-4,10
59360,52.104634058329886,-4,10
59361,52.286923625323446,-4,10
59362,52.26898561278569,-4,10
59363,52.26001657517008,-4,10
59364,52.25104751666208,-4,10
59365,52.24207843726571,-4,10
59366,52.30969112181986,-4,10
59367,52.23310933698504,-4,10
59368,52.09649989752694,-4,10
59369,52.06061310373647,-4,10
59370,52.20620191087763,-4,10
59371,52.19723272710015,-4,10
59372,52.18826352245858,-4,10
59373,52.05164135548167,-4,10
59374,52.17032505059916,-4,10
59375,52.06874841882211,-4,10
59376,52.23130348279729,-4,10
59377,52.16005875362263,-4,10
59378,52.15109278187073,-4,10
59379,52.13316077187906,-4,10
59380,52.22134921229909,-4,10
59381,52.10547154615067,-4,10
59382,52.14949065670899,-4,10
59383,52.45321646668179,-4,10
59384,52.35867483896539,-4,10
59385,52.52011016714079,-4,10
59386,52.23981588092408,-4,10
59387,52.17799063061371,-4,10
59388,52.23084750750888,-4,10
59389,52.17703682256567,-4,10
59390,52.03841979948292,-4,10
59391,52.15930101911439,-4,10
59392,52.15032949015849,-4,10
59393,52.141357941249545,-4,10
59394,52.168068301039405,-4,10
59395,52.15909975837137,-4,10
59396,52.30072061515891,-4,10
59397,52.37661243308541,-4,10
59398,52.15013119456578,-4,10
59399,52.385581198729376,-4,10
59400,52.26046395752545,-4,10
59401,52.13219400355887,-4,10
59402,52.04739020392683,-4,10
59403,52.12322537636596,-4,10
59404,52.334869986991535,-4,10
59405,52.1142567280524,-4,10
59406,52.10528805862235,-4,10
59407,52.09631936808004,-4,10
59408,52.05636058791136,-4,10
59409,52.14116260962688,-4,10
59410,52.17427372839777,-4,10
59411,52.29175008821301,-4,10
59412,52.16902470320529,-4,10
59413,52.41258063174984,-4,10
59414,53.17266881336808,-4,10
59415,53.181640881988,-4,10
59416,53.06808171243495,-4,10
59417,53.04201348096282,-4,10
59418,53.20855697271352,-4,10
59419,53.199584961663575,-4,10
59420,53.163696725563895,-4,10
59421,53.06894309637076,-4,10
59422,53.0599665753153,-4,10
59423,53.10986379602877,-4,10
59424,53.1815833002801,-4,10
59425,53.167683678192496,-4,10
59426,53.20989042917159,-4,10
59427,53.32155068069716,-4,10
59428,53.29827602697373,-4,10
59429,53.23547289067752,-4,10
59430,53.244444824927335,-4,10
59431,53.19461256177626,-4,10
59432,53.25341673996994,-4,10
59433,53.13177825602759,-4,10
59434,53.262388635802445,-4,10
59435,53.27136051242196,-4,10
59436,53.18563628468383,-4,10
59437,53.15472461857826,-4,10
59438,53.14575249241412,-4,10
59439,53.13678034707424,-4,10
59440,53.12780818256148,-4,10
59441,53.17665999015538,-4,10
59442,53.11883599887869,-4,10
59443,53.28033236982561,-4,10
59444,53.316219607223694,-4,10
59445,53.09587255503559,-4,10
59446,53.0779196000103,-4,10
59447,53.19055826173979,-4,10
59448,53.19953320521472,-4,10
59449,53.20850813070293,-4,10
59450,53.217483038202445,-4,10
59451,53.08376239341161,-4,10
59452,53.111160335339136,-4,10
59453,53.12013588736108,-4,10
59454,53.129111421599205,-4,10
59455,53.08689608623243,-4,10
59456,53.08294707250428,-4,10
59457,53.21752896456775,-4,10
59458,53.22650093722336,-4,10
59459,53.30724782671244,-4,10
59460,53.13808693805174,-4,10
59461,53.14706243671685,-4,10
59462,53.165013380677465,-4,10
59463,53.17398882596935,-4,10
59464,53.1919396631672,-4,10
59465,53.09191933283872,-4,10
59466,53.18942209832836,-4,10
59467,53.09940104681317,-4,10
59468,53.1021847655352,-4,10
59469,53.15289171895589,-4,10
59470,53.27214734190844,-4,10
59471,53.2631752098528,-4,10
59472,53.25420305869058,-4,10
59473,53.24523088842457,-4,10
59474,53.19557860048938,-4,10
59475,53.09970459627688,-4,10
59476,52.97409684816385,-4,10
59477,53.14391725855385,-4,10
59478,52.96512472146279,-4,10
59479,52.95615257548491,-4,10
59480,52.94718041023315,-4,10
59481,53.10867643347456,-4,10
59482,52.9382082257104,-4,10
59483,52.92923602191959,-4,10
59484,53.117648251348456,-4,10
59485,53.00345232459678,-4,10
59486,53.07891957263763,-4,10
59487,53.22249947030849,-4,10
59488,53.09686731890102,-4,10
59489,53.21352586555978,-4,10
59490,53.20455224228594,-4,10
59491,53.10584116429214,-4,10
59492,52.9830689555852,-4,10
59493,53.11481499118642,-4,10
59494,53.135591829113125,-4,10
59495,53.12662004989564,-4,10
59496,53.20267919352001,-4,10
59497,52.91129155654532,-4,10
59498,52.92026379886359,-4,10
59499,53.08974863983846,-4,10
59500,53.17147875262687,-4,10
59501,53.06994567176999,-4,10
59502,52.9920410437239,-4,10
59503,53.1708405851133,-4,10
59504,53.10837571382216,-4,10
59505,53.15070085237627,-4,10
59506,53.11479403311557,-4,10
59507,53.10581728506352,-4,10
59508,53.09684051971958,-4,10
59509,53.087863737085215,-4,10
59510,53.060933285454055,-4,10
59511,53.018957192414966,-4,10
59512,53.09042636164996,-4,10
59513,52.91826122408003,-4,10
59514,52.92723279910571,-4,10
59515,52.936204354599546,-4,10
59516,53.03690119507554,-4,10
59517,53.045873167457,-4,10
59518,53.054845120535305,-4,10
59519,53.063817054307535,-4,10
59520,53.29906362340768,-4,10
59521,53.1798149908644,-4,10
59522,53.188789378394205,-4,10
59523,53.19776374770061,-4,10
59524,53.20673809878149,-4,10
59525,53.215712431634685,-4,10
59526,53.001013112577056,-4,10
59527,53.16186616114309,-4,10
59528,53.22468674625801,-4,10
59529,53.28111945485467,-4,10
59530,53.290091548688686,-4,10
59531,53.0907327397584,-4,10
59532,53.08176086392204,-4,10
59533,53.00998516214172,-4,10
59534,53.07278896877078,-4,10
59535,53.23366104264935,-4,10
59536,53.18045043515136,-4,10
59537,53.06097175241489,-4,10
59538,53.00381861920027,-4,10
59539,53.056030176577295,-4,10
59540,53.06500249437073,-4,10
59541,52.90231929496768,-4,10
59542,53.05593195254025,-4,10
59543,53.0649071655813,-4,10
59544,53.07388236066493,-4,10
59545,53.082857537789145,-4,10
59546,53.09183269695208,-4,10
59547,53.059108397035416,-4,10
59548,53.10080783815173,-4,10
59549,53.073974793014,-4,10
59550,53.109782961386166,-4,10
59551,53.11875806665345,-4,10
59552,53.14173636086469,-4,10
59553,53.15071011374812,-4,10
59554,53.15968384812297,-4,10
59555,53.16865756398687,-4,10
59556,53.093209177951074,-4,10
59557,53.05730664984889,-4,10
59558,53.04833097339094,-4,10
59559,53.03935527916365,-4,10
59560,53.03037956716879,-4,10
59561,53.021403837408144,-4,10
59562,53.04705783963651,-4,10
59563,53.17260832083759,-4,10
59564,53.15465830801202,-4,10
59565,53.14568327463287,-4,10
59566,53.13670822327876,-4,10
59567,53.12773315395163,-4,10
59568,53.18660494017245,-4,10
59569,53.17763126133749,-4,10
59570,53.16363332341424,-4,10
59571,53.05199781457463,-4,10
59572,53.03808548355119,-4,10
59573,53.02014071395822,-4,10
59574,53.012788652417456,-4,10
59575,53.02175866551596,-4,10
59576,53.22645792771127,-4,10
59577,53.25986128976784,-4,10
59578,53.25088728267554,-4,10
59579,53.24191325724708,-4,10
59580,53.23293921348467,-4,10
59581,53.223965151390566,-4,10
59582,53.21499107096696,-4,10
59583,53.23147305652972,-4,10
59584,53.24044662422109,-4,10
59585,53.24942017338024,-4,10
59586,53.2060169722161,-4,10
59587,53.2583937040048,-4,10
59588,53.26736721609237,-4,10
59589,53.1970428551402,-4,10
59590,53.18806871974147,-4,10
59591,53.01116830045622,-4,10
59592,53.00219586782095,-4,10
59593,52.9932234160552,-4,10
59594,53.03404988344793,-4,10
59595,53.04302385825152,-4,10
59596,52.98425094516181,-4,10
59597,53.02911310832416,-4,10
59598,52.94836087036773,-4,10
59599,53.14319776798292,-4,10
59600,53.15217199496258,-4,10
59601,53.16114620363048,-4,10
59602,52.912470489755,-4,10
59603,53.170120393984384,-4,10
59604,53.17909456602213,-4,10
59605,52.92144311356893,-4,10
59606,53.203588821431126,-4,10
59607,53.17155329269259,-4,10
59608,53.22154128842202,-4,10
59609,53.140098930725166,-4,10
59610,53.25876341527458,-4,10
59611,53.26773704743989,-4,10
59612,53.13112276171978,-4,10
59613,53.12214657519948,-4,10
59614,53.06828908835436,-4,10
59615,53.0593127792746,-4,10
59616,53.05796803147474,-4,10
59617,53.04002208319992,-4,10
59618,53.03104908073749,-4,10
59619,53.02207605939518,-4,10
59620,53.01310301917565,-4,10
59621,53.111273877013424,-4,10
59622,53.149075082214,-4,10
59623,53.10229534212116,-4,10
59624,53.050336452692775,-4,10
59625,53.04136010861049,-4,10
59626,53.08993235769775,-4,10
59627,53.30764269230224,-4,10
59628,53.2986707643284,-4,10
59629,53.2896988171835,-4,10
59630,53.27175486539191,-4,10
59631,53.26278286075092,-4,10
59632,53.25381083695027,-4,10
59633,53.24483879399282,-4,10
59634,53.23586673188136,-4,10
59635,53.22689465061879,-4,10
59636,53.21792255020791,-4,10
59637,53.09331679067196,-4,10
59638,53.15805121618469,-4,10
59639,53.16702733263557,-4,10
59640,53.17600343156509,-4,10
59641,53.05236477778765,-4,10
59642,53.0613388345645,-4,10
59643,53.07031287290541,-4,10
59644,53.079286892808064,-4,10
59645,53.08826089427017,-4,10
59646,53.09723487728944,-4,10
59647,53.10620884186355,-4,10
59648,53.11518278799021,-4,10
59649,53.124156715667134,-4,10
59650,53.14210451566243,-4,10
59651,53.1510783879762,-4,10
59652,53.16005224183094,-4,10
59653,53.1690260772244,-4,10
59654,53.17799989415419,-4,10
59655,53.18697369261802,-4,10
59656,53.19594747261356,-4,10
59657,53.20492123413848,-4,10
59658,53.21389497719048,-4,10
59659,53.222868701767176,-4,10
59660,53.23184240786628,-4,10
59661,53.24081609548544,-4,10
59662,53.24978976462232,-4,10
59663,53.066940977281874,-4,10
59664,53.23883563333658,-4,10
59665,53.22985965710222,-4,10
59666,53.22088366333511,-4,10
59667,53.21190765203684,-4,10
59668,53.20293162320908,-4,10
59669,53.18497951297161,-4,10
59670,53.20895043065156,-4,10
59671,53.04339070257716,-4,10
59672,53.19997829195256,-4,10
59673,53.18203395713797,-4,10
59674,53.0989039547688,-4,10
59675,53.10787553241158,-4,10
59676,53.02344503765614,-4,10
59677,53.014474478605294,-4,10
59678,53.00550389966099,-4,10
59679,52.99653330082658,-4,10
59680,53.02106340018442,-4,10
59681,53.030039019619856,-4,10
59682,53.03901462124393,-4,10
59683,53.11684709062306,-4,10
59684,53.12581862940021,-4,10
59685,53.13479014874,-4,10
59686,53.14376164863934,-4,10
59687,53.08138439551663,-4,10
59688,53.152733129095225,-4,10
59689,53.170676031664414,-4,10
59690,53.04799020505476,-4,10
59691,53.05696577105058,-4,10
59692,53.06594131922951,-4,10
59693,53.07491684958976,-4,10
59694,53.101843333739815,-4,10
59695,53.17964745377159,-4,10
59696,53.18861885642308,-4,10
59697,53.19759023961584,-4,10
59698,53.20656160334678,-4,10
59699,53.21553294761284,-4,10
59700,53.22450427241096,-4,10
59701,53.23347557773807,-4,10
59702,53.161704590104605,-4,10
59703,53.09036200541514,-4,10
59704,53.09933959836039,-4,10
59705,53.10831717435121,-4,10
59706,53.17306176102801,-4,10
59707,53.1640895457867,-4,10
59708,53.15511731141685,-4,10
59709,53.146145057921295,-4,10
59710,53.13717278530283,-4,10
59711,53.12820049356427,-4,10
59712,53.11922818270843,-4,10
59713,53.1102558527381,-4,10
59714,53.1012835036561,-4,10
59715,53.0923111354652,-4,10
59716,53.08333874816819,-4,10
59717,53.0743663417679,-4,10
59718,53.06539391626709,-4,10
59719,53.05642147166857,-4,10
59720,53.23873247800843,-4,10
59721,53.04744900797514,-4,10
59722,53.03847652518952,-4,10
59723,53.02950402331455,-4,10
59724,53.02053150235299,-4,10
59725,53.01155896230759,-4,10
59726,53.00258640318116,-4,10
59727,52.99361382497645,-4,10
59728,52.98464122769623,-4,10
59729,52.97566861134326,-4,10
59730,52.96669597592031,-4,10
59731,52.957723321430144,-4,10
59732,52.94875064787551,-4,10
59733,52.92183251285233,-4,10
59734,52.91285976306737,-4,10
59735,53.19100613411375,-4,10
59736,53.03441660893527,-4,10
59737,53.02544249686432,-4,10
59738,52.96262319654537,-4,10
59739,53.25222319858616,-4,10
59740,53.26119470687547,-4,10
59741,53.27913766532776,-4,10
59742,53.28810911548471,-4,10
59743,53.29708054625819,-4,10
59744,53.30605195764517,-4,10
59745,53.31502334964265,-4,10
59746,53.3239947222476,-4,10
59747,53.25957654588131,-4,10
59748,53.25060556280416,-4,10
59749,53.24163456013693,-4,10
59750,53.23266353788281,-4,10
59751,53.22369249604495,-4,10
59752,53.2432516709254,-4,10
59753,53.21472143462648,-4,10
59754,53.19677925306042,-4,10
59755,53.1878081329191,-4,10
59756,53.178836993209806,-4,10
59757,53.10150003518654,-4,10
59758,53.09252466958794,-4,10
59759,53.07457388478161,-4,10
59760,53.06559846557765,-4,10
59761,53.047647573577486,-4,10
59762,53.03867210078502,-4,10
59763,53.02969661013346,-4,10
59764,53.169865833935695,-4,10
59765,53.160894655099845,-4,10
59766,53.15192345670543,-4,10
59767,53.20575035363059,-4,10
59768,53.2342801238962,-4,10
59769,53.22530855750155,-4,10
59770,53.21633697174445,-4,10
59771,53.13740131884023,-4,10
59772,53.14637659505903,-4,10
59773,53.12975106885394,-4,10
59774,53.138723863464286,-4,10
59775,53.1476966391631,-4,10
59776,53.165642133815645,-4,10
59777,53.17461485276404,-4,10
59778,53.18358755279027,-4,10
59779,53.19256023389174,-4,10
59780,53.20153289606573,-4,10
59781,53.21947816362067,-4,10
59782,53.22845076899625,-4,10
59783,53.23742335543368,-4,10
59784,53.24639592293028,-4,10
59785,53.25536847148338,-4,10
59786,53.32237287863303,-4,10
59787,53.30443116730509,-4,10
59788,53.26434100109028,-4,10
59789,53.28228600345472,-4,10
59790,53.29125847620689,-4,10
59791,53.31817578071085,-4,10
59792,53.32714817761901,-4,10
59793,53.29546028222585,-4,10
59794,53.28648937754066,-4,10
59795,53.27751845325274,-4,10
59796,53.26854750936521,-4,10
59797,53.11047538291296,-4,10
59798,53.19839374215487,-4,10
59799,53.207365366627904,-4,10
59800,53.1429522387556,-4,10
59801,53.13398100125345,-4,10
59802,53.12500974420213,-4,10
59803,53.11603846760475,-4,10
59804,53.20920302779991,-4,10
59805,53.218178160912935,-4,10
59806,53.16800904339089,-4,10
59807,53.17698546096162,-4,10
59808,53.185961861141806,-4,10
59809,53.19493824392991,-4,10
59810,53.20391460932447,-4,10
59811,53.242635320806535,-4,10
59812,53.06920567848847,-4,10
59813,53.060231998910446,-4,10
59814,53.05125830074812,-4,10
59815,53.042284584003845,-4,10
59816,53.03331084868008,-4,10
59817,53.02433709477915,-4,10
59818,53.00638953125559,-4,10
59819,52.99741572163771,-4,10
59820,52.96152029751462,-4,10
59821,52.9345985345549,-4,10
59822,52.92562457646342,-4,10
59823,52.91665059982345,-4,10
59824,52.90767660463735,-4,10
59825,52.89870259090748,-4,10
59826,52.88972855863622,-4,10
59827,52.899802994095054,-4,10
59828,52.90877736393385,-4,10
59829,52.91775171537542,-4,10
59830,52.92672604841748,-4,10
59831,52.93570036305777,-4,10
59832,52.94467465929402,-4,10
59833,53.20022787679204,-4,10
59834,53.24244686359106,-4,10
59835,53.19125270789122,-4,10
59836,53.17330231641828,-4,10
59837,53.10706717146447,-4,10
59838,53.098095855784365,-4,10
59839,53.08912452056755,-4,10
59840,53.08015316581718,-4,10
59841,53.07118179153635,-4,10
59842,53.062210397728144,-4,10
59843,53.05323898439568,-4,10
59844,53.03529609917041,-4,10
59845,52.99941009456505,-4,10
59846,52.97249538632286,-4,10
59847,52.96352377791796,-4,10
59848,52.95455215002275,-4,10
59849,52.94558050264032,-4,10
59850,53.02072110162465,-4,10
59851,53.12077825533476,-4,10
59852,52.93660883577375,-4,10
59853,52.92763714942606,-4,10
59854,52.918665443600354,-4,10
59855,53.11180542290936,-4,10
59856,53.10283257158041,-4,10
59857,53.08488681222241,-4,10
59858,53.07591390419864,-4,10
59859,53.04233737224347,-4,10
59860,53.0602906766325,-4,10
59861,53.08722050293072,-4,10
59862,53.096197076948,-4,10
59863,53.15903260843116,-4,10
59864,53.15535185339625,-4,10
59865,53.16432709384996,-4,10
59866,53.18227752109933,-4,10
59867,53.11081879280684,-4,10
59868,53.119794234045926,-4,10
59869,53.12876965745528,-4,10
59870,53.25764865236684,-4,10
59871,53.26662192247697,-4,10
59872,53.27559517394689,-4,10
59873,53.28456840677411,-4,10
59874,53.232254708074514,-4,10
59875,53.22328379888922,-4,10
59876,53.21431287006818,-4,10
59877,53.20534192161458,-4,10
59878,53.196370953531634,-4,10
59879,53.18739996582249,-4,10
59880,53.178428958490414,-4,10
59881,53.077055009097045,-4,10
59882,53.16945793153853,-4,10
59883,53.2486753636189,-4,10
59884,53.05088575031999,-4,10
59885,53.03293853958469,-4,10
59886,53.02396490627539,-4,10
59887,53.01499125434155,-4,10
59888,53.00601758378564,-4,10
59889,53.29354162095618,-4,10
59890,53.00297508018433,-4,10
59891,53.01194776520229,-4,10
59892,53.02092043119119,-4,10
59893,53.02989307814827,-4,10
59894,53.038865706070816,-4,10
59895,53.047838314956095,-4,10
59896,53.05681090480134,-4,10
59897,53.065783475603816,-4,10
59898,53.04191215426703,-4,10
59899,53.23970205623566,-4,10
59900,53.20380864039836,-4,10
59901,53.19483523987518,-4,10
59902,52.922220059164346,-4,10
59903,52.94016575247374,-4,10
59904,52.949138570618864,-4,10
59905,52.95811136975396,-4,10
59906,52.96708414987635,-4,10
59907,52.97605691098331,-4,10
59908,53.29505052230166,-4,10
59909,53.28607975065631,-4,10
59910,53.27710895935278,-4,10
59911,53.26813814839424,-4,10
59912,53.25916731778393,-4,10
59913,53.06883288652794,-4,10
59914,53.05985932774112,-4,10
59915,53.25019646752507,-4,10
59916,53.24122559762086,-4,10
59917,52.98502965307211,-4,10
59918,52.99400237614002,-4,10
59919,53.07817933947976,-4,10
59920,53.0871529818819,-4,10
59921,53.0961266056925,-4,10
59922,53.105100210909136,-4,10
59923,53.11407379752941,-4,10
59924,53.12304736555087,-4,10
59925,53.13202091497113,-4,10
59926,53.14099444578774,-4,10
59927,53.14996795799831,-4,10
59928,53.15894145160037,-4,10
59929,53.16791492659152,-4,10
59930,53.17688838296934,-4,10
59931,53.074756027360806,-4,10
59932,53.08372856006952,-4,10
59933,53.09270107372722,-4,10
59934,53.10167356833117,-4,10
59935,52.99704389461005,-4,10
59936,52.98807018681722,-4,10
59937,52.99003327721975,-4,10
59938,52.98106183898226,-4,10
59939,52.97209038119429,-4,10
59940,52.96311890385891,-4,10
59941,52.95414740697925,-4,10
59942,52.94517589055845,-4,10
59943,53.08754305324198,-4,10
59944,53.09651973186969,-4,10
59945,53.14140286497563,-4,10
59946,53.15037943957995,-4,10
59947,53.15935599684183,-4,10
59948,53.25267895500557,-4,10
59949,53.21852291050486,-4,10
59950,53.17730905933239,-4,10
59951,53.18628556455811,-4,10
59952,53.19526205243545,-4,10
59953,53.20423852296292,-4,10
59954,52.98227167854219,-4,10
59955,52.97329982917874,-4,10
59956,52.96432796042922,-4,10
59957,52.95535607229666,-4,10
59958,52.946384164784014,-4,10
59959,52.9374122378943,-4,10
59960,52.92844029163047,-4,10
59961,52.91946832599552,-4,10
59962,53.081451658334615,-4,10
59963,52.91049634099245,-4,10
59964,53.20954766549495,-4,10
59965,52.88632844454477,-4,10
59966,52.99900469590359,-4,10
59967,53.01694747459791,-4,10
59968,53.11064604387859,-4,10
59969,53.11961850036673,-4,10
59970,53.12859093779282,-4,10
59971,53.1375633561541,-4,10
59972,53.14653575544782,-4,10
59973,53.15550813567118,-4,10
59974,53.16448049682141,-4,10
59975,53.17345283889577,-4,10
59976,53.18242516189145,-4,10
59977,53.19139746580568,-4,10
59978,53.20036975063567,-4,10
59979,53.20934201637865,-4,10
59980,53.21831426303182,-4,10
59981,53.2272864905924,-4,10
59982,53.236258699057565,-4,10
59983,53.19883104103813,-4,10
59984,53.207805738581705,-4,10
59985,53.21678041804176,-4,10
59986,53.22575507941619,-4,10
59987,53.16048688497001,-4,10
59988,53.15151581878805,-4,10
59989,53.14254473299585,-4,10
59990,53.13357362759654,-4,10
59991,53.12460250259331,-4,10
59992,53.11563135798932,-4,10
59993,53.10666019378776,-4,10
59994,53.05283279720551,-4,10
59995,53.03489017504024,-4,10
59996,53.02591883460215,-4,10
59997,53.00797609503069,-4,10
59998,53.2125650636469,-4,10
59999,53.02037694181457,-4,10
60000,53.0383277178728,-4,10
60001,53.063017449945406,-4,10
60002,53.24334988142213,-4,10
60003,53.234375371297936,-4,10
60004,53.22540084303614,-4,10
60005,53.21642629663887,-4,10
60006,53.20745173210815,-4,10
60007,53.1984771494461,-4,10
60008,53.189502548654765,-4,10
60009,53.31258010185987,-4,10
60010,53.16257863752588,-4,10
60011,53.153603964238165,-4,10
60012,53.14462927283153,-4,10
60013,53.14062068569512,-4,10
60014,53.14959407666326,-4,10
60015,53.13164727607063,-4,10
60016,53.3052453190284,-4,10
60017,53.314216448977525,-4,10
60018,53.32318755942475,-4,10
60019,53.33215865036696,-4,10
60020,53.34112972180105,-4,10
60021,53.05404577519162,-4,10
60022,53.04507408102474,-4,10
60023,53.036102367447725,-4,10
60024,53.02713063446363,-4,10
60025,53.018158882075454,-4,10
60026,53.104726935283686,-4,10
60027,53.09575345105839,-4,10
60028,53.08677994818905,-4,10
60029,53.12267384779224,-4,10
60030,53.07198910528304,-4,10
60031,53.08096074120149,-4,10
60032,53.158567448972605,-4,10
60033,53.137745063033016,-4,10
60034,53.14672045077732,-4,10
60035,53.16467117275812,-4,10
60036,53.17364650699093,-4,10
60037,53.18262182338289,-4,10
60038,53.004129960081535,-4,10
60039,52.9951568821154,-4,10
60040,52.98618378527988,-4,10
60041,52.92337157930778,-4,10
60042,53.29316579287295,-4,10
60043,53.284192700743,-4,10
60044,53.27521958991701,-4,10
60045,53.26624646039746,-4,10
60046,53.251418129966886,-4,10
60047,53.26038937686246,-4,10
60048,53.20057240263674,-4,10
60049,53.25232437340669,-4,10
60050,53.26936060427469,-4,10
60051,53.27833181220048,-4,10
60052,53.28730300063676,-4,10
60053,53.29627416958043,-4,10
60054,53.25727331218686,-4,10
60055,53.239326959702495,-4,10
60056,53.2303537554337,-4,10
60057,53.20343403055072,-4,10
60058,53.19446075157248,-4,10
60059,53.185487453923066,-4,10
60060,53.176514137604975,-4,10
60061,53.16754080262065,-4,10
60062,53.07780642667809,-4,10
60063,53.13565456330801,-4,10
60064,53.12667983566969,-4,10
60065,53.11770508991862,-4,10
60066,53.20885651617344,-4,10
60067,53.19370615944772,-4,10
60068,53.1847331066025,-4,10
60069,53.1757600349869,-4,10
60070,53.16678694460343,-4,10
60071,53.13986756087154,-4,10
60072,53.13089439544219,-4,10
60073,53.12192121125772,-4,10
60074,53.11294800832066,-4,10
60075,53.10397478663352,-4,10
60076,53.09500154619885,-4,10
60077,53.19988147762227,-4,10
60078,53.19090642113135,-4,10
60079,53.18193134670268,-4,10
60080,53.086028287019175,-4,10
60081,53.17295625433812,-4,10
60082,53.16398114403963,-4,10
60083,53.155006015809136,-4,10
60084,53.14603086964856,-4,10
60085,53.137055705559824,-4,10
60086,53.12808052354483,-4,10
60087,53.11910532360552,-4,10
60088,53.11013010574383,-4,10
60089,53.10115486996161,-4,10
60090,53.09217961626084,-4,10
60091,53.08320434464336,-4,10
60092,53.07422905511115,-4,10
60093,53.06525374766608,-4,10
60094,53.05627842231007,-4,10
60095,53.217831536783,-4,10
60096,53.02935233879536,-4,10
60097,53.22680653944892,-4,10
60098,53.18088159170849,-4,10
60099,53.10873032605686,-4,10
60100,53.09975554408645,-4,10
60101,53.09078074400946,-4,10
60102,53.08180592582793,-4,10
60103,53.072831089543904,-4,10
60104,52.983081731516336,-4,10
60105,52.974106696239645,-4,10
60106,53.1020081748934,-4,10
60107,53.0930297165741,-4,10
60108,53.32196271925627,-4,10
60109,53.31299200660487,-4,10
60110,53.30402127428558,-4,10
60111,52.91439833161106,-4,10
60112,53.01035821891664,-4,10
60113,53.073183377793605,-4,10
60114,53.08215832829367,-4,10
60115,53.00021531909895,-4,10
60116,52.99124350851659,-4,10
60117,53.09113326073859,-4,10
60118,53.10010817512627,-4,10
60119,53.10908307145476,-4,10
60120,53.118057949722015,-4,10
60121,53.12703280992602,-4,10
60122,53.13600765206477,-4,10
60123,53.1449824761362,-4,10
60124,53.15395728213833,-4,10
60125,53.01236255155739,-4,10
60126,53.16293207006909,-4,10
60127,53.17190683992649,-4,10
60128,53.18985632541305,-4,10
60129,53.30360950329894,-4,10
60130,53.11945071276531,-4,10
60131,53.285668247018975,-4,10
60132,53.13833889533232,-4,10
60133,53.12936622553508,-4,10
60134,53.12039353677724,-4,10
60135,53.11142082906151,-4,10
60136,53.24812287829666,-4,10
60137,53.23915268129187,-4,10
60138,53.23018246436497,-4,10
60139,53.32359208063354,-4,10
60140,53.31462083880345,-4,10
60141,53.30564957752628,-4,10
60142,53.270964283098245,-4,10
60143,53.27993601182006,-4,10
60144,53.28890772126946,-4,10
60145,53.297879411443525,-4,10
60146,53.014241539064216,-4,10
60147,53.005268111292864,-4,10
60148,52.99629466480166,-4,10
60149,52.98732119959307,-4,10
60150,53.20229896652719,-4,10
60151,53.21127185841179,-4,10
60152,53.22610744100422,-4,10
60153,53.21713266525923,-4,10
60154,53.30685108233932,-4,10
60155,53.31582273395391,-4,10
60156,53.29667829680506,-4,10
60157,53.01461732656391,-4,10
60158,53.28770699664288,-4,10
60159,52.97872301670112,-4,10
60160,53.18435312628024,-4,10
60161,53.26199253510694,-4,10
60162,53.21011957080569,-4,10
60163,53.041161710034096,-4,10
60164,53.03218833843735,-4,10
60165,53.02321494811323,-4,10
60166,53.08037766658087,-4,10
60167,53.07140329318631,-4,10
60168,53.2011470527902,-4,10
60169,53.19217451579254,-4,10
60170,53.18320195981542,-4,10
60171,53.174229384861526,-4,10
60172,53.16525679093357,-4,10
60173,53.14731154616627,-4,10
60174,53.09005625617645,-4,10
60175,53.06242890149977,-4,10
60176,53.05345449152341,-4,10
60177,52.97268397905512,-4,10
60178,52.918836148583225,-4,10
60179,52.909861446265886,-4,10
60180,52.880012125414495,-4,10
60181,52.88898593602968,-4,10
60182,52.89795972800712,-4,10
60183,52.90693350134434,-4,10
60184,52.92488099208837,-4,10
60185,52.969749392573625,-4,10
60186,53.1933260558158,-4,10
60187,53.2440489813276,-4,10
60188,53.26079297954101,-4,10
60189,53.24285020432415,-4,10
60190,53.08250886564341,-4,10
60191,53.07353380152991,-4,10
60192,53.06455871941024,-4,10
60193,53.055583619286416,-4,10
60194,53.02865821090958,-4,10
60195,52.91401646837326,-4,10
60196,52.92298959248805,-4,10
60197,52.9319626977034,-4,10
60198,52.94093578401673,-4,10
60199,52.94990885142538,-4,10
60200,53.18004987940994,-4,10
60201,53.1621067547758,-4,10
60202,53.144163552559874,-4,10
60203,53.13519192236628,-4,10
60204,53.12622027278626,-4,10
60205,53.11724860382285,-4,10
60206,53.108276915479024,-4,10
60207,52.958881899926695,-4,10
60208,53.1076608891993,-4,10
60209,53.11663530622341,-4,10
60210,53.12560970499299,-4,10
60211,53.13458408550592,-4,10
60212,53.14355844775996,-4,10
60213,53.15253279175302,-4,10
60214,53.16150711748287,-4,10
60215,53.089712000396176,-4,10
60216,53.25182160164544,-4,10
60217,52.98201713534421,-4,10
60218,52.964067735956775,-4,10
60219,53.233878787580174,-4,10
60220,53.22490735141657,-4,10
60221,53.21593589583634,-4,10
60222,53.20696442084255,-4,10
60223,53.19799292643818,-4,10
60224,53.1890214126263,-4,10
60225,53.208157871476224,-4,10
60226,53.19918305965725,-4,10
60227,53.19020822980428,-4,10
60228,53.18123338191932,-4,10
60229,53.17225851600436,-4,10
60230,53.163283632061386,-4,10
60231,53.15430873009242,-4,10
60232,53.14533381009945,-4,10
60233,53.13635887208446,-4,10
60234,53.22024473146699,-4,10
60235,53.12738391604942,-4,10
60236,53.11840894199637,-4,10
60237,53.10943394992725,-4,10
60238,53.10045893984406,-4,10
60239,53.0914839117488,-4,10
60240,52.91553280439905,-4,10
60241,52.90655917084645,-4,10
60242,52.897585518601375,-4,10
60243,52.919193918709695,-4,10
60244,52.973042444760566,-4,10
60245,53.235077175545406,-4,10
60246,53.22610535050543,-4,10
60247,53.217133506210565,-4,10
60248,53.215128127175554,-4,10
60249,53.22409932058639,-4,10
60250,53.233070494471534,-4,10
60251,53.24204164882791,-4,10
60252,53.25101278365237,-4,10
60253,53.259983898941776,-4,10
60254,53.26895499469301,-4,10
60255,53.27792607090296,-4,10
60256,53.28689712756848,-4,10
60257,53.29586816468645,-4,10
60258,52.974886442481726,-4,10
60259,52.98385880556641,-4,10
60260,53.0798374808114,-4,10
60261,52.99283114947391,-4,10
60262,53.00180347420134,-4,10
60263,53.01077577974589,-4,10
60264,53.01974806610469,-4,10
60265,53.08258832945558,-4,10
60266,53.02872033327494,-4,10
60267,53.03769258125373,-4,10
60268,53.046664810038216,-4,10
60269,53.06460921001289,-4,10
60270,53.30483918225374,-4,10
60271,53.32278115872363,-4,10
60272,53.33175211761996,-4,10
60273,53.20615691424215,-4,10
60274,53.07358138119735,-4,10
60275,53.19718568178927,-4,10
60276,53.17924315833762,-4,10
60277,53.31932692695753,-4,10
60278,53.32829969793949,-4,10
60279,52.91906781093897,-4,10
60280,52.92803964696778,-4,10
60281,52.93701146357214,-4,10
60282,52.94598326074903,-4,10
60283,52.95495503849541,-4,10
60284,52.96392679680827,-4,10
60285,52.98187025512129,-4,10
60286,52.999813635663806,-4,10
60287,53.02672856060463,-4,10
60288,53.053643310424825,-4,10
60289,53.06261485476825,-4,10
60290,53.07158637964164,-4,10
60291,53.080557885041856,-4,10
60292,53.089529370965856,-4,10
60293,53.09850083741059,-4,10
60294,53.10747228437299,-4,10
60295,53.116443711849925,-4,10
60296,53.12541511983838,-4,10
60297,53.134386508335226,-4,10
60298,53.143357877337415,-4,10
60299,53.15232922684184,-4,10
60300,53.16130055684541,-4,10
60301,53.17027186734506,-4,10
60302,53.18821442982006,-4,10
60303,53.08255353317604,-4,10
60304,53.09152566594617,-4,10
60305,53.10946987384904,-4,10
60306,53.16041876571297,-4,10
60307,53.16939272003128,-4,10
60308,53.17836665593537,-4,10
60309,53.18734057342292,-4,10
60310,53.19631447249166,-4,10
60311,53.20528835313932,-4,10
60312,53.21426221536357,-4,10
60313,53.223236059162126,-4,10
60314,53.2322098845327,-4,10
60315,53.241183691473,-4,10
60316,53.25015747998072,-4,10
60317,53.25913125005356,-4,10
60318,53.2681050016892,-4,10
60319,53.27292666518508,-4,10
60320,53.26395428012088,-4,10
60321,53.25498187605546,-4,10
60322,53.24600945299156,-4,10
60323,53.23703701093192,-4,10
60324,53.22806454987927,-4,10
60325,53.21909206983628,-4,10
60326,53.19918975986785,-4,10
60327,53.09215728749282,-4,10
60328,53.074200886754646,-4,10
60329,53.06522266132022,-4,10
60330,53.20816164266375,-4,10
60331,53.28189903124535,-4,10
60332,53.29087137829897,-4,10
60333,53.09455579911612,-4,10
60334,53.10353182342909,-4,10
60335,53.11844194897607,-4,10
60336,53.12741400488299,-4,10
60337,53.1363860415669,-4,10
60338,53.14535805902496,-4,10
60339,53.15433005725424,-4,10
60340,53.16330203625184,-4,10
60341,53.17227399601493,-4,10
60342,53.18124593654054,-4,10
60343,53.19021785782581,-4,10
60344,53.230600658715,-4,10
60345,53.23957101137631,-4,10
60346,53.24854134417201,-4,10
60347,53.17048142494738,-4,10
60348,53.257511657098746,-4,10
60349,53.07022873056855,-4,10
60350,53.097159440417066,-4,10
60351,53.10613630920669,-4,10
60352,53.11511316074735,-4,10
60353,53.17533938422325,-4,10
60354,53.16636350075031,-4,10
60355,53.13943574467292,-4,10
60356,53.13045979076652,-4,10
60357,53.12148381925597,-4,10
60358,53.11250783014293,-4,10
60359,53.0816881790497,-4,10
60360,53.09964357899326,-4,10
60361,53.06125179279719,-4,10
60362,53.31035413716664,-4,10
60363,53.17945571414437,-4,10
60364,53.19740423772703,-4,10
60365,53.02359085735552,-4,10
60366,53.03256436947255,-4,10
60367,53.18397127497744,-4,10
60368,53.1929440805984,-4,10
60369,53.201916867343655,-4,10
60370,53.2108896352106,-4,10
60371,53.228835114298896,-4,10
60372,53.237807825515006,-4,10
60373,53.24678051784225,-4,10
60374,53.25575319127795,-4,10
60375,53.26472584581949,-4,10
60376,53.27369848146423,-4,10
60377,53.291643696052645,-4,10
60378,53.30061627499101,-4,10
60379,53.31856137614281,-4,10
60380,53.04153786291253,-4,10
60381,53.05051133767299,-4,10
60382,53.04103062770259,-4,10
60383,52.90271399710889,-4,10
60384,53.05948479375145,-4,10
60385,53.06845823114546,-4,10
60386,53.23850379248775,-4,10
60387,52.90950193863556,-4,10
60388,52.91847652459214,-4,10
60389,52.92745109224573,-4,10
60390,53.0739065326865,-4,10
60391,52.93642564159419,-4,10
60392,53.08288464594186,-4,10
60393,53.055242000911896,-4,10
60394,53.18398030965768,-4,10
60395,53.175004552479336,-4,10
60396,53.16602877764325,-4,10
60397,53.130125501756,-4,10
60398,53.102524330486894,-4,10
60399,53.0935486328152,-4,10
60400,53.05764566481844,-4,10
60401,53.04866987850059,-4,10
60402,53.03969407445882,-4,10
60403,53.03071825269488,-4,10
60404,53.02174241321055,-4,10
60405,53.10435179382707,-4,10
60406,53.27408157423565,-4,10
60407,52.98272872442053,-4,10
60408,52.99170362727208,-4,10
60409,53.12114963865702,-4,10
60410,53.10319785951845,-4,10
60411,53.09422194348228,-4,10
60412,53.049342098700805,-4,10
60413,53.04036607683631,-4,10
60414,53.06350219725592,-4,10
60415,53.08199009593439,-4,10
60416,53.08215813028225,-4,10
60417,53.07318610641656,-4,10
60418,53.06421406329215,-4,10
60419,53.04069928375017,-4,10
60420,53.19295604917656,-4,10
60421,52.94540017263528,-4,10
60422,53.11284003458919,-4,10
60423,53.16975749231524,-4,10
60424,53.17873154658865,-4,10
60425,53.18770558249472,-4,10
60426,53.20565359919589,-4,10
60427,53.214627579986455,-4,10
60428,53.223601542400665,-4,10
60429,53.232575486436254,-4,10
60430,53.023861984353374,-4,10
60431,53.05758418480133,-4,10
60432,53.327533898350886,-4,10
60433,53.3634237980024,-4,10
60434,53.2429935390276,-4,10
60435,53.23401914458341,-4,10
60436,53.04861134445532,-4,10
60437,53.012766556007584,-4,10
60438,53.13976827254058,-4,10
60439,53.22504473195345,-4,10
60440,53.21607030113989,-4,10
60441,53.22952792399212,-4,10
60442,53.202600213046125,-4,10
60443,53.193624274250006,-4,10
60444,53.1846483178829,-4,10
60445,53.17567234394646,-4,10
60446,53.166696352442365,-4,10
60447,53.15772034337225,-4,10
60448,53.15180932867538,-4,10
60449,53.09488778817153,-4,10
60450,53.14283521931344,-4,10
60451,53.12488694551673,-4,10
60452,53.12181613146464,-4,10
60453,53.13079221078231,-4,10
60454,53.03283265855353,-4,10
60455,53.044118805172346,-4,10
60456,53.05309311635335,-4,10
60457,53.077431649852485,-4,10
60458,53.086405049870095,-4,10
60459,53.09537843119579,-4,10
60460,52.91168638639626,-4,10
60461,52.92065875647675,-4,10
60462,52.92963110734754,-4,10
60463,52.93860343900578,-4,10
60464,52.94757575144859,-4,10
60465,52.95654804467307,-4,10
60466,52.9744925734557,-4,10
60467,52.99243702533061,-4,10
60468,53.001409222420506,-4,10
60469,53.01038140027482,-4,10
60470,53.01935355889071,-4,10
60471,53.02832569826524,-4,10
60472,53.06206740919829,-4,10
60473,53.07104168370498,-4,10
60474,53.08001593987118,-4,10
60475,53.08899017769464,-4,10
60476,53.11591278108643,-4,10
60477,53.13386109159313,-4,10
60478,53.210907475229085,-4,10
60479,53.21988316175926,-4,10
60480,53.11150001042404,-4,10
60481,53.02169270980894,-4,10
60482,53.03066560695645,-4,10
60483,53.03650271139299,-4,10
60484,53.02753084876011,-4,10
60485,53.018558966776666,-4,10
60486,53.0396384851728,-4,10
60487,53.00958706544563,-4,10
60488,53.000615144770016,-4,10
60489,52.991643204752734,-4,10
60490,53.25949720824879,-4,10
60491,53.2505233193626,-4,10
60492,53.24154941209099,-4,10
60493,53.32113676305996,-4,10
60494,53.31216631864447,-4,10
60495,53.30319585444923,-4,10
60496,53.29422537047751,-4,10
60497,53.28525486673265,-4,10
60498,53.276284343217945,-4,10
60499,53.26731379993671,-4,10
60500,53.2583432368922,-4,10
60501,53.24937265408775,-4,10
60502,53.24040205152664,-4,10
60503,53.231431429212165,-4,10
60504,53.22246078714758,-4,10
60505,53.21349012533621,-4,10
60506,53.01271979373292,-4,10
60507,53.204519443781294,-4,10
60508,53.04547455467238,-4,10
60509,53.063418183158646,-4,10
60510,53.20637847210836,-4,10
60511,53.21535268821344,-4,10
60512,53.2243268860401,-4,10
60513,53.23330106558613,-4,10
60514,53.24227522684939,-4,10
60515,53.25124936982765,-4,10
60516,53.26022349451871,-4,10
60517,53.0042427251111,-4,10
60518,53.01321289565815,-4,10
60519,53.022183046143184,-4,10
60520,52.9700375226055,-4,10
60521,52.979008315802425,-4,10
60522,52.98797908917489,-4,10
60523,52.99694984271954,-4,10
60524,53.00592057643306,-4,10
60525,53.014891290312114,-4,10
60526,52.96785492951806,-4,10
60527,52.976827940196834,-4,10
60528,52.98580093196034,-4,10
60529,52.994773904805946,-4,10
60530,53.00374685873104,-4,10
60531,53.09930520775781,-4,10
60532,53.09033348066214,-4,10
60533,53.08136173419509,-4,10
60534,53.07238996835959,-4,10
60535,53.054446378595244,-4,10
60536,53.195548742486125,-4,10
60537,53.186578021453975,-4,10
60538,53.17760728068812,-4,10
60539,52.9198669886702,-4,10
60540,52.910894874711104,-4,10
60541,52.901922741439854,-4,10
60542,53.10244810239056,-4,10
60543,53.07552980867322,-4,10
60544,53.06655700620818,-4,10
60545,53.21920678572703,-4,10
60546,53.21023131874342,-4,10
60547,53.20125583400387,-4,10
60548,53.19228033151013,-4,10
60549,53.17432927326733,-4,10
60550,53.16535371752184,-4,10
60551,53.15637814402933,-4,10
60552,53.129451317087565,-4,10
60553,53.12047567262484,-4,10
60554,53.07054547576444,-4,10
60555,53.09747649388205,-4,10
60556,53.10645346551321,-4,10
60557,53.11543041993807,-4,10
60558,53.22921758569021,-4,10
60559,53.25613603534204,-4,10
60560,53.26510881421135,-4,10
60561,53.11332513776144,-4,10
60562,53.23783448181882,-4,10
60563,53.22885883062309,-4,10
60564,52.92883908331423,-4,10
60565,52.937811158640216,-4,10
60566,52.94678321464526,-4,10
60567,52.95575525132638,-4,10
60568,53.16863652019181,-4,10
60569,53.15966573996832,-4,10
60570,53.1506949400209,-4,10
60571,53.12378242186766,-4,10
60572,53.11481154305707,-4,10
60573,53.10584064453885,-4,10
60574,53.09686972631616,-4,10
60575,53.0878987883923,-4,10
60576,53.0609858564459,-4,10
60577,53.0520148397496,-4,10
60578,53.04304380336825,-4,10
60579,53.03407274730508,-4,10
60580,53.18842998507163,-4,10
60581,53.0251016715633,-4,10
60582,53.00715946105678,-4,10
60583,52.99818832629845,-4,10
60584,52.98921717187439,-4,10
60585,52.98024599778772,-4,10
60586,52.971274804041705,-4,10
60587,52.935389832527854,-4,10
60588,52.92641854053289,-4,10
60589,52.9174472288977,-4,10
60590,53.29463888501752,-4,10
60591,52.98267124539677,-4,10
60592,52.97369926670509,-4,10
60593,52.96472726868064,-4,10
60594,53.01613057614614,-4,10
60595,53.30138132856943,-4,10
60596,53.10049777950477,-4,10
60597,53.283435654966425,-4,10
60598,53.29380997878612,-4,10
60599,53.3117506570633,-4,10
60600,53.32072096644944,-4,10
60601,53.09760057007744,-4,10
60602,53.10657465323165,-4,10
60603,53.11554871798756,-4,10
60604,53.12452276434288,-4,10
60605,53.13349679229537,-4,10
60606,53.14247080184272,-4,10
60607,53.15144479298268,-4,10
60608,52.99438906944875,-4,10
60609,53.0033618987332,-4,10
60610,53.012334709043,-4,10
60611,53.02130750037546,-4,10
60612,53.030280272727886,-4,10
60613,53.03925302609757,-4,10
60614,52.92636074516986,-4,10
60615,52.9173865303306,-4,10
60616,52.90841229704318,-4,10
60617,52.89943804530995,-4,10
60618,52.89907124421694,-4,10
60619,52.9080453772472,-4,10
60620,52.91701949178275,-4,10
60621,52.92599358782132,-4,10
60622,53.17633264699571,-4,10
60623,53.28483960990179,-4,10
60624,53.18530883526626,-4,10
60625,53.27586922119141,-4,10
60626,53.0822901460948,-4,10
60627,52.94055169542504,-4,10
60628,52.94952463850094,-4,10
60629,52.9584975626183,-4,10
60630,52.96747046777445,-4,10
60631,52.97644335396669,-4,10
60632,52.98541622119235,-4,10
60633,52.89833208547342,-4,10
60634,52.88935817305057,-4,10
60635,52.90914057782816,-4,10
60636,52.92708949747299,-4,10
60637,52.94503834370444,-4,10
60638,53.2130759453699,-4,10
60639,53.22204647276917,-4,10
60640,53.23101698036573,-4,10
60641,53.23998746815624,-4,10
60642,53.24895793613741,-4,10
60643,52.95401273928457,-4,10
60644,53.04375568491458,-4,10
60645,53.05272987841106,-4,10
60646,53.06170405352284,-4,10
60647,53.07067821024762,-4,10
60648,53.079652348583146,-4,10
60649,53.25792838430589,-4,10
60650,53.26689881265833,-4,10
60651,53.07331222558972,-4,10
60652,53.08862646852718,-4,10
60653,52.93157873339327,-4,10
60654,53.194285006056575,-4,10
60655,53.21223729519033,-4,10
60656,53.11735036267488,-4,10
60657,53.1263249933692,-4,10
60658,53.13529960590304,-4,10
60659,53.1442742002743,-4,10
60660,53.1532487764809,-4,10
60661,53.16222333452072,-4,10
60662,53.17119787439169,-4,10
60663,53.1660256071189,-4,10
60664,53.33689036652618,-4,10
60665,53.174998450483415,-4,10
60666,53.12897951514896,-4,10
60667,53.06060280716604,-4,10
60668,53.06957660693351,-4,10
60669,53.07855038816397,-4,10
60670,53.09649789500445,-4,10
60671,53.13239268613709,-4,10
60672,53.14136633754211,-4,10
60673,53.15033997039112,-4,10
60674,53.15931358468172,-4,10
60675,53.16828718041152,-4,10
60676,53.1772607575781,-4,10
60677,53.32791773849012,-4,10
60678,53.318945091590734,-4,10
60679,53.30997242583064,-4,10
60680,53.1862343161791,-4,10
60681,53.01405580885748,-4,10
60682,53.20326115936514,-4,10
60683,53.15705274488659,-4,10
60684,53.14807986378907,-4,10
60685,53.22121341353057,-4,10
60686,53.23018951438423,-4,10
60687,52.93496766536052,-4,10
60688,52.94394172439806,-4,10
60689,52.97168352040003,-4,10
60690,52.962712174732246,-4,10
60691,52.96188978695873,-4,10
60692,52.92682659610755,-4,10
60693,52.91785515247872,-4,10
60694,52.97086379047718,-4,10
60695,53.01573353035674,-4,10
60696,53.02470742277366,-4,10
60697,53.03368129666541,-4,10
60698,53.04265515202963,-4,10
60699,53.04822576048185,-4,10
60700,53.29240850116852,-4,10
60701,53.066171172283255,-4,10
60702,52.99611490209013,-4,10
60703,53.00508536544681,-4,10
60704,53.07449337440393,-4,10
60705,53.07514384969501,-4,10
60706,53.10206176794182,-4,10
60707,53.11103436935223,-4,10
60708,53.12842602474168,-4,10
60709,52.96148085796438,-4,10
60710,53.12000695175552,-4,10
60711,53.195207856212114,-4,10
60712,53.18616424438899,-4,10
60713,53.16822301144894,-4,10
60714,53.27953777695389,-4,10
60715,53.270566177520834,-4,10
60716,52.97759154201339,-4,10
60717,52.98656478105527,-4,10
60718,52.99553800128129,-4,10
60719,53.00451120268884,-4,10
60720,53.01348438527534,-4,10
60721,53.02245754903824,-4,10
60722,53.26159455876444,-4,10
60723,53.25262292068768,-4,10
60724,53.03143069397493,-4,10
60725,53.04040382008285,-4,10
60726,53.0493769273594,-4,10
60727,53.05835001580198,-4,10
60728,53.067323085408034,-4,10
60729,53.076296136174925,-4,10
60730,53.08526916810009,-4,10
60731,53.09424218118093,-4,10
60732,53.10321517541481,-4,10
60733,53.11218815079917,-4,10
60734,53.12116110733139,-4,10
60735,53.13013404500885,-4,10
60736,53.13910696382894,-4,10
60737,53.1253482284382,-4,10
60738,53.1163709860687,-4,10
60739,53.28850935706064,-4,10
60740,53.195960783305765,-4,10
60741,53.29748091783809,-4,10
60742,53.31542398139325,-4,10
60743,53.27669758930652,-4,10
60744,53.26772691188344,-4,10
60745,53.25875621475296,-4,10
60746,53.24978549791837,-4,10
60747,53.240814761382886,-4,10
60748,53.23184400514976,-4,10
60749,53.22287322922227,-4,10
60750,53.21390243360359,-4,10
60751,53.20493161829704,-4,10
60752,53.041687726391295,-4,10
60753,53.0686170248711,-4,10
60754,53.12247515037741,-4,10
60755,53.025075890166136,-4,10
60756,53.016101878408506,-4,10
60757,52.96225741999959,-4,10
60758,52.953283278975874,-4,10
60759,52.94430911949481,-4,10
60760,52.93533494155871,-4,10
60761,53.05013506290095,-4,10
60762,53.13145144349577,-4,10
60763,53.21165220881682,-4,10
60764,53.22062520533557,-4,10
60765,53.22959818307373,-4,10
60766,53.14042771914346,-4,10
60767,53.14940397731888,-4,10
60768,53.3064524592833,-4,10
60769,53.177193637812046,-4,10
60770,53.18698992863306,-4,10
60771,53.1690481602562,-4,10
60772,53.03366124390472,-4,10
60773,53.07851566030543,-4,10
60774,53.13316438746688,-4,10
60775,53.12419339511424,-4,10
60776,53.11522238310587,-4,10
60777,53.106251351445,-4,10
60778,53.09728030013482,-4,10
60779,53.06139589846491,-4,10
60780,53.0344823910511,-4,10
60781,53.025511182661326,-4,10
60782,53.09645728863882,-4,10
60783,53.15028169937751,-4,10
60784,53.016539954650895,-4,10
60785,53.00756870702298,-4,10
60786,52.99859743978079,-4,10
60787,52.98962615292745,-4,10
60788,52.98065484646614,-4,10
60789,53.15743422475422,-4,10
60790,53.14846121994773,-4,10
60791,53.13948819632999,-4,10
60792,53.13051515390352,-4,10
60793,53.12154209267095,-4,10
60794,53.11256901263483,-4,10
60795,53.10359591379773,-4,10
60796,53.15925236530298,-4,10
60797,53.0246903014106,-4,10
60798,53.178019054282125,-4,10
60799,53.0157193391861,-4,10
60800,52.99777735555892,-4,10
60801,53.16007724655848,-4,10
60802,53.151106313192216,-4,10
60803,53.14213536016063,-4,10
60804,53.2436512632935,-4,10
60805,53.225707890564735,-4,10
60806,53.216736175236086,-4,10
60807,53.20776444060184,-4,10
60808,53.19879268666493,-4,10
60809,53.18982091342835,-4,10
60810,53.18084912089502,-4,10
60811,53.15838021802045,-4,10
60812,53.16735644124659,-4,10
60813,53.1160593326778,-4,10
60814,53.12503647393463,-4,10
60815,52.970864232221416,-4,10
60816,52.979835293049135,-4,10
60817,53.04695672154368,-4,10
60818,53.02003092084039,-4,10
60819,52.92260575240831,-4,10
60820,52.97909646040959,-4,10
60821,52.97012271538956,-4,10
60822,52.93422754923396,-4,10
60823,52.92525371118826,-4,10
60824,52.90730597930559,-4,10
60825,52.98880633416273,-4,10
60826,53.00674835723444,-4,10
60827,52.97045180504167,-4,10
60828,53.057198475877954,-4,10
60829,52.98839363989519,-4,10
60830,53.21203068632982,-4,10
60831,53.20709585214482,-4,10
60832,53.237497012167765,-4,10
60833,53.228521470533096,-4,10
60834,53.21954591118474,-4,10
60835,53.21057033412441,-4,10
60836,53.201594739353936,-4,10
60837,53.192619126875066,-4,10
60838,53.18364349668954,-4,10
60839,53.17466784879909,-4,10
60840,53.16569218320552,-4,10
60841,53.156716499910544,-4,10
60842,53.11183781797615,-4,10
60843,53.102862028509584,-4,10
60844,53.09388622135387,-4,10
60845,53.08491039651072,-4,10
60846,53.04900692029872,-4,10
60847,53.18914689961861,-4,10
60848,53.180172396091706,-4,10
60849,53.23110183061624,-4,10
60850,53.203057548226326,-4,10
60851,53.14024505735824,-4,10
60852,53.15819157689251,-4,10
60853,53.167164808593085,-4,10
60854,53.176138021579256,-4,10
60855,53.18511121584853,-4,10
60856,53.24562110812365,-4,10
60857,53.05873013768731,-4,10
60858,53.06770333049083,-4,10
60859,53.04003100704452,-4,10
60860,52.99736452766488,-4,10
60861,53.01530624387363,-4,10
60862,53.13422352269372,-4,10
60863,53.12524925909712,-4,10
60864,53.1162749771954,-4,10
60865,53.247544082197976,-4,10
60866,53.25651700357896,-4,10
60867,53.22212836487922,-4,10
60868,53.19408439139839,-4,10
60869,53.006335395658766,-4,10
60870,53.03105507611332,-4,10
60871,53.02207912750686,-4,10
60872,53.01310316122683,-4,10
60873,53.25802211633759,-4,10
60874,53.11699376807993,-4,10
60875,53.099044683395455,-4,10
60876,53.09007011374905,-4,10
60877,53.08109552590267,-4,10
60878,52.96442422866553,-4,10
60879,53.16640721074686,-4,10
60880,53.17538017792307,-4,10
60881,53.12596828311373,-4,10
60882,53.12701796062787,-4,10
60883,53.28494223477363,-4,10
60884,53.0766765045062,-4,10
60885,53.11804603309951,-4,10
60886,53.10907408629784,-4,10
60887,53.1001021202258,-4,10
60888,53.08564965973085,-4,10
60889,53.09113013488629,-4,10
60890,53.094622796162206,-4,10
60891,53.26699550774009,-4,10
60892,53.13127176952951,-4,10
60893,53.13494277993908,-4,10
60894,53.13598986888002,-4,10
60895,53.22100380570635,-4,10
60896,53.22997690635341,-4,10
60897,53.23894998826847,-4,10
60898,53.247923051449,-4,10
60899,53.25689609589247,-4,10
60900,53.26586912159637,-4,10
60901,53.24007527777326,-4,10
60902,53.24904870634784,-4,10
60903,53.28305431541235,-4,10
60904,53.25459340509181,-4,10
60905,53.263565683009006,-4,10
60906,53.27253794187239,-4,10
60907,53.281510181679245,-4,10
60908,53.29048240242678,-4,10
60909,53.27484212855816,-4,10
60910,53.29278808624522,-4,10
60911,53.171877309067895,-4,10
60912,53.16290547794989,-4,10
60913,52.97942273235303,-4,10
60914,53.12229846299642,-4,10
60915,53.02427707230617,-4,10
60916,53.29202703773885,-4,10
60917,52.96002377755875,-4,10
60918,52.98694391919128,-4,10
60919,53.04975692609817,-4,10
60920,53.00489058645759,-4,10
60921,53.0228371786426,-4,10
60922,53.158837122666505,-4,10
60923,53.238170075287066,-4,10
60924,52.99569464661476,-4,10
60925,52.90310684776515,-4,10
60926,53.03181044657326,-4,10
60927,52.91207936416546,-4,10
60928,53.167807634131606,-4,10
60929,53.20973172979612,-4,10
60930,52.92105186141119,-4,10
60931,53.30099974121247,-4,10
60932,53.21315488056459,-4,10
60933,53.22163028619147,-4,10
60934,53.185748597542265,-4,10
60935,53.22767645704535,-4,10
60936,53.21870410294071,-4,10
60937,53.17677812575798,-4,10
60938,53.01363528117337,-4,10
60939,53.13795205952984,-4,10
60940,53.1469245848954,-4,10
60941,53.04078369572596,-4,10
60942,53.02260556844602,-4,10
60943,53.004664973895146,-4,10
60944,53.20075933761427,-4,10
60945,52.930024339499546,-4,10
60946,52.93899679842772,-4,10
60947,53.20418137767473,-4,10
60948,53.23664879210723,-4,10
60949,53.15589709124292,-4,10
60950,53.27446278996575,-4,10
60951,53.26548990616907,-4,10
60952,53.16486957856967,-4,10
60953,53.17384204687293,-4,10
60954,53.20226692895984,-4,10
60955,52.96591406022268,-4,10
60956,53.19178692639797,-4,10
60957,53.21124274197234,-4,10
60958,53.182814496149945,-4,10
60959,53.08881458900373,-4,10
60960,53.220218537365525,-4,10
60961,53.22919431513765,-4,10
60962,53.18431525008361,-4,10
60963,53.1932910983297,-4,10
60964,52.95105035949592,-4,10
60965,52.94796923819285,-4,10
60966,51.72606040233066,-4,10
60967,51.69713796818515,-4,10
60968,51.750825241101815,-4,10
60969,51.87609141640536,-4,10
60970,51.54321703020607,-4,10
60971,51.89956496616312,-4,10
60972,51.649139725256845,-4,10
60973,51.65808390217458,-4,10
60974,51.71174831462376,-4,10
60975,51.56111851834054,-4,10
60976,51.72069227508455,-4,10
60977,51.71710896063912,-4,10
60978,51.59369249250868,-4,10
60979,51.75015992488092,-4,10
60980,51.53104477837147,-4,10
60981,51.66852506304293,-4,10
60982,52.00688259736445,-4,10
60983,51.99793963348245,-4,10
60984,51.65957467397675,-4,10
60985,51.60068319153311,-4,10
60986,51.60963209640976,-4,10
60987,51.64542742529106,-4,10
60988,51.65437618480576,-4,10
60989,51.86580608745359,-4,10
60990,51.68193467053913,-4,10
60991,51.824524408212014,-4,10
60992,51.69088642596361,-4,10
60993,51.64167381049115,-4,10
60994,51.63272333609062,-4,10
60995,51.77271322470664,-4,10
60996,51.6633249152184,-4,10
60997,51.708789853026765,-4,10
60998,51.88503877866726,-4,10
60999,51.8155732754765,-4,10
61000,51.85685909336389,-4,10
61001,51.80662211460807,-4,10
61002,51.797670925615975,-4,10
61003,51.78871970850941,-4,10
61004,51.53606980797536,-4,10
61005,51.77976846329755,-4,10
61006,51.77081718998967,-4,10
61007,51.7618658885949,-4,10
61008,51.75291455912244,-4,10
61009,51.74396320158147,-4,10
61010,51.73501181598116,-4,10
61011,51.74459637175569,-4,10
61012,51.78166510369536,-4,10
61013,51.789353890546415,-4,10
61014,51.69408533391095,-4,10
61015,51.68513544208164,-4,10
61016,51.87940635185176,-4,10
61017,51.87045790093302,-4,10
61018,51.834744135238765,-4,10
61019,51.866475940590206,-4,10
61020,51.59403973006862,-4,10
61021,51.59738336527096,-4,10
61022,51.615279041140845,-4,10
61023,51.67618552160876,-4,10
61024,51.66723557250188,-4,10
61025,51.658285594770575,-4,10
61026,51.64933558842438,-4,10
61027,51.56719919097444,-4,10
61028,51.6403855534728,-4,10
61029,51.61353527708131,-4,10
61030,51.53298290629765,-4,10
61031,51.68686056488376,-4,10
61032,51.69580812246324,-4,10
61033,51.847912069523794,-4,10
61034,51.58509291355802,-4,10
61035,51.57614606718982,-4,10
61036,51.81212367686703,-4,10
61037,51.74949284672124,-4,10
61038,51.646737171610646,-4,10
61039,51.65568634895322,-4,10
61040,51.85256091157773,-4,10
61041,51.86150942083833,-4,10
61042,51.74054546668413,-4,10
61043,51.70303519708713,-4,10
61044,51.72988461460098,-4,10
61045,51.888354773584624,-4,10
61046,51.64549641872472,-4,10
61047,51.807256701946656,-4,10
61048,51.835375792288815,-4,10
61049,51.81747234097777,-4,10
61050,51.80852057347614,-4,10
61051,51.857528732537226,-4,10
61052,51.90850827393712,-4,10
61053,51.65503214518713,-4,10
61054,51.64608317648141,-4,10
61055,51.637134178765216,-4,10
61056,51.61028701165195,-4,10
61057,51.91745155050565,-4,10
61058,51.92639479585724,-4,10
61059,51.58843548315173,-4,10
61060,51.75417953958324,-4,10
61061,51.78040244280314,-4,10
61062,51.77208297866578,-4,10
61063,51.55593823170401,-4,10
61064,51.74121233196965,-4,10
61065,51.54698915271774,-4,10
61066,51.5290909078031,-4,10
61067,51.78998630603545,-4,10
61068,51.96216746486488,-4,10
61069,51.971110553959626,-4,10
61070,51.98005361176848,-4,10
61071,51.79893792780527,-4,10
61072,51.98899663827995,-4,10
61073,51.74778408283532,-4,10
61074,51.708157490915696,-4,10
61075,51.61193327347537,-4,10
61076,51.65444808441615,-4,10
61077,51.59173425761364,-4,10
61078,51.62088000035065,-4,10
61079,51.691767344705845,-4,10
61080,51.78191596115037,-4,10
61081,51.89821365120883,-4,10
61082,51.9787244454797,-4,10
61083,51.58643519555339,-4,10
61084,51.57748792145213,-4,10
61085,51.68283011594284,-4,10
61086,51.69177638762885,-4,10
61087,51.700722629247295,-4,10
61088,51.79912929955361,-4,10
61089,51.97804114771604,-4,10
61090,51.855828445681226,-4,10
61091,51.83792925245064,-4,10
61092,51.8289796127417,-4,10
61093,51.82002994431658,-4,10
61094,51.78423098364654,-4,10
61095,51.77528117178479,-4,10
61096,51.8283302675929,-4,10
61097,51.99593166491557,-4,10
61098,51.98829337148948,-4,10
61099,51.71999571308656,-4,10
61100,51.8678103391452,-4,10
61101,51.87675794393939,-4,10
61102,51.88570551921451,-4,10
61103,51.60133789799197,-4,10
61104,51.86412782360718,-4,10
61105,51.85517847783427,-4,10
61106,51.56047711151339,-4,10
61107,51.817700408472646,-4,10
61108,51.82664644500094,-4,10
61109,51.835592451386994,-4,10
61110,51.55900368287911,-4,10
61111,51.56794794740362,-4,10
61112,51.64844493792782,-4,10
61113,51.67388381419981,-4,10
61114,51.71105197476281,-4,10
61115,51.979350569748725,-4,10
61116,51.56787077935824,-4,10
61117,51.76633133126456,-4,10
61118,51.70368164599012,-4,10
61119,51.80943173921816,-4,10
61120,51.80048542619207,-4,10
61121,51.65893101314326,-4,10
61122,51.64998080093259,-4,10
61123,51.64103056019693,-4,10
61124,51.632080290945794,-4,10
61125,51.60522931219412,-4,10
61126,51.596278928975615,-4,10
61127,51.5783780771433,-4,10
61128,51.569427608548345,-4,10
61129,51.77364630700352,-4,10
61130,51.72891384195513,-4,10
61131,51.719967259080136,-4,10
61132,51.70207400354889,-4,10
61133,51.69312733091358,-4,10
61134,51.66788119681949,-4,10
61135,51.81837802220821,-4,10
61136,51.82732427515168,-4,10
61137,51.83627049803796,-4,10
61138,51.69473157654664,-4,10
61139,51.685781478530686,-4,10
61140,51.57681786963267,-4,10
61141,51.585764930143256,-4,10
61142,51.594711960879664,-4,10
61143,51.65734034148564,-4,10
61144,51.67523389595607,-4,10
61145,51.85886270484215,-4,10
61146,51.98835167802845,-4,10
61147,51.97940596774659,-4,10
61148,51.97046022722576,-4,10
61149,51.89889321574693,-4,10
61150,51.87205508879837,-4,10
61151,51.863108986247234,-4,10
61152,51.85416285359634,-4,10
61153,51.84521669085637,-4,10
61154,51.67683135195181,-4,10
61155,51.6799038375939,-4,10
61156,51.59936851935493,-4,10
61157,51.60264205087519,-4,10
61158,51.681222288698095,-4,10
61159,51.68215222423777,-4,10
61160,51.69109827966848,-4,10
61161,51.64906528233672,-4,10
61162,51.70004430494707,-4,10
61163,51.71793626500527,-4,10
61164,51.72688219976356,-4,10
61165,51.75673377389116,-4,10
61166,51.765683436226624,-4,10
61167,51.78358267469781,-4,10
61168,51.81043131676029,-4,10
61169,51.735828104327055,-4,10
61170,51.81938080657064,-4,10
61171,51.55830935813555,-4,10
61172,51.56725340144039,-4,10
61173,51.65801231862102,-4,10
61174,51.68212301812214,-4,10
61175,51.68142032233968,-4,10
61176,51.60987568737967,-4,10
61177,51.79980824503204,-4,10
61178,51.808754341812815,-4,10
61179,51.6774754236455,-4,10
61180,51.67227361651919,-4,10
61181,51.88369998634017,-4,10
61182,51.57053963059537,-4,10
61183,51.67590630185821,-4,10
61184,51.86018960136462,-4,10
61185,51.66695932513163,-4,10
61186,51.90159376610021,-4,10
61187,51.84432747608008,-4,10
61188,51.63529675033278,-4,10
61189,51.64423939642855,-4,10
61190,51.65318201103754,-4,10
61191,51.66212459414813,-4,10
61192,51.67177312633418,-4,10
61193,51.892646891116215,-4,10
61194,51.728238387708615,-4,10
61195,51.869137659681854,-4,10
61196,51.8870336882803,-4,10
61197,51.56652585267735,-4,10
61198,51.57547251428225,-4,10
61199,51.665288152516624,-4,10
61200,51.58441914595642,-4,10
61201,51.5933657476894,-4,10
61202,51.60231231947067,-4,10
61203,51.611258861289805,-4,10
61204,51.62020537313626,-4,10
61205,51.62915185499952,-4,10
61206,51.66493748241036,-4,10
61207,51.99723614183252,-4,10
61208,51.529743946919616,-4,10
61209,51.53869329199806,-4,10
61210,51.59238875537054,-4,10
61211,51.64738941052384,-4,10
61212,51.6831867790405,-4,10
61213,51.55969625964329,-4,10
61214,51.69213604897725,-4,10
61215,51.862166676287984,-4,10
61216,51.59538243996367,-4,10
61217,51.70141033077783,-4,10
61218,51.71035387754063,-4,10
61219,51.79844858991831,-4,10
61220,51.80739425253786,-4,10
61221,51.93263034370265,-4,10
61222,51.95052072747509,-4,10
61223,51.8780856886571,-4,10
61224,51.96841098938769,-4,10
61225,51.54567699246708,-4,10
61226,51.5546256532061,-4,10
61227,51.59042000449777,-4,10
61228,51.55152658604784,-4,10
61229,51.89796126226648,-4,10
61230,51.88901265943156,-4,10
61231,51.87111536643239,-4,10
61232,51.53672830258142,-4,10
61233,51.68642575577498,-4,10
61234,51.66358080784489,-4,10
61235,51.70432633457688,-4,10
61236,51.88966877386533,-4,10
61237,51.88071993226205,-4,10
61238,51.87177106163819,-4,10
61239,51.56366662814119,-4,10
61240,51.64422924432797,-4,10
61241,51.69793639026661,-4,10
61242,51.733740590903686,-4,10
61243,51.74269157056298,-4,10
61244,51.751642522003785,-4,10
61245,51.760593445216784,-4,10
61246,51.76954434019268,-4,10
61247,51.77849520692222,-4,10
61248,51.89861758643811,-4,10
61249,51.83027299852489,-4,10
61250,51.81237280687186,-4,10
61251,51.776572081225225,-4,10
61252,51.767621828548045,-4,10
61253,51.75867154738361,-4,10
61254,51.74972123774139,-4,10
61255,51.68706827366165,-4,10
61256,51.66916717101954,-4,10
61257,51.695376059421925,-4,10
61258,51.63336462520764,-4,10
61259,51.606512418181865,-4,10
61260,51.55280723979307,-4,10
61261,51.54385627775604,-4,10
61262,51.821322916970495,-4,10
61263,51.90756636997051,-4,10
61264,51.59616572532102,-4,10
61265,51.63194387077531,-4,10
61266,51.55344493994367,-4,10
61267,51.5444937746601,-4,10
61268,51.59685568442457,-4,10
61269,51.587910851395385,-4,10
61270,51.57002109346238,-4,10
61271,51.561076168580456,-4,10
61272,51.77785593035556,-4,10
61273,51.78680656462305,-4,10
61274,51.79575717054532,-4,10
61275,51.80470774811304,-4,10
61276,51.67553793276949,-4,10
61277,51.8136582973168,-4,10
61278,51.84050977465037,-4,10
61279,51.84946021030428,-4,10
61280,51.858410617547165,-4,10
61281,51.9986413497776,-4,10
61282,51.900264220028696,-4,10
61283,51.78399548802709,-4,10
61284,51.77505152238236,-4,10
61285,51.68448764658107,-4,10
61286,51.69343733166826,-4,10
61287,51.7661075257898,-4,10
61288,51.757163498260645,-4,10
61289,51.712442896958336,-4,10
61290,51.70349868404488,-4,10
61291,51.6945544402732,-4,10
61292,51.68561016565437,-4,10
61293,51.787446045396045,-4,10
61294,51.60580048681423,-4,10
61295,51.7963968556049,-4,10
61296,51.81429839119031,-4,10
61297,51.9835422050041,-4,10
61298,51.99248634696361,-4,10
61299,52.00143045805477,-4,10
61300,52.01037453826634,-4,10
61301,52.01931858758711,-4,10
61302,51.692787569972296,-4,10
61303,51.67116257536657,-4,10
61304,51.68010800910424,-4,10
61305,51.68905341244573,-4,10
61306,51.72483472163349,-4,10
61307,51.742725193568496,-4,10
61308,51.76956067290266,-4,10
61309,51.95670959402773,-4,10
61310,51.68383809218268,-4,10
61311,51.65698948601985,-4,10
61312,51.63909027134641,-4,10
61313,51.630140620869184,-4,10
61314,51.61224123368192,-4,10
61315,51.53169257039991,-4,10
61316,51.77850577168559,-4,10
61317,51.78745083995272,-4,10
61318,51.79639587769317,-4,10
61319,51.805340884895976,-4,10
61320,51.81428586155016,-4,10
61321,51.86795507934036,-4,10
61322,51.948456838054646,-4,10
61323,51.66593905019677,-4,10
61324,51.947765328706986,-4,10
61325,51.867265555604135,-4,10
61326,51.80465290067201,-4,10
61327,51.8411504823476,-4,10
61328,51.85010112277041,-4,10
61329,51.85905173486279,-4,10
61330,51.795018585072704,-4,10
61331,51.87551858546502,-4,10
61332,51.88446287605101,-4,10
61333,51.92918386643825,-4,10
61334,51.95601609023323,-4,10
61335,51.98284803582957,-4,10
61336,51.99179195582054,-4,10
61337,52.00073584485549,-4,10
61338,52.00967970292311,-4,10
61339,52.01862353001207,-4,10
61340,51.71963583041162,-4,10
61341,51.71068643909646,-4,10
61342,51.65258735380004,-4,10
61343,51.7017370189468,-4,10
61344,51.67047787590598,-4,10
61345,51.67942309125849,-4,10
61346,51.68836827612952,-4,10
61347,51.71520364774483,-4,10
61348,51.72414871058098,-4,10
61349,51.733093742881145,-4,10
61350,51.76887356650287,-4,10
61351,51.77781844595879,-4,10
61352,51.78676329481294,-4,10
61353,51.79570811305437,-4,10
61354,51.80534763753943,-4,10
61355,51.95740132443388,-4,10
61356,51.59820034342943,-4,10
61357,51.641579389758064,-4,10
61358,51.697298947958174,-4,10
61359,51.68834803075281,-4,10
61360,51.67044611162365,-4,10
61361,51.65254407959841,-4,10
61362,51.63464193475113,-4,10
61363,51.56303222861862,-4,10
61364,51.55408088874529,-4,10
61365,51.54512952076771,-4,10
61366,51.81145334057158,-4,10
61367,51.66979142086828,-4,10
61368,51.678736417282266,-4,10
61369,51.68768138312928,-4,10
61370,51.73310233416804,-4,10
61371,51.69662631839834,-4,10
61372,51.68619321720147,-4,10
61373,51.71451609715877,-4,10
61374,51.73240575347581,-4,10
61375,51.66829843899857,-4,10
61376,51.67724584291376,-4,10
61377,51.54633394742746,-4,10
61378,51.74135053569058,-4,10
61379,51.75029528726149,-4,10
61380,51.75924000817757,-4,10
61381,51.76818469842777,-4,10
61382,51.777129358001055,-4,10
61383,51.555282817565946,-4,10
61384,51.695140561851424,-4,10
61385,51.768905267752274,-4,10
61386,51.85618768572279,-4,10
61387,51.86513446529055,-4,10
61388,51.69647392462713,-4,10
61389,51.74960509829216,-4,10
61390,51.75854959894271,-4,10
61391,51.767494068841074,-4,10
61392,51.77643850797618,-4,10
61393,51.6056657828835,-4,10
61394,51.61461339390424,-4,10
61395,51.632508527268,-4,10
61396,51.78538291633693,-4,10
61397,51.7943272939122,-4,10
61398,51.87482530490354,-4,10
61399,51.88376937401035,-4,10
61400,51.89271341220872,-4,10
61401,51.91060139583526,-4,10
61402,51.92848925569309,-4,10
61403,51.93743313918057,-4,10
61404,51.946376991692055,-4,10
61405,51.96426460374184,-4,10
61406,52.00003945563158,-4,10
61407,52.00898309099413,-4,10
61408,52.01792669529002,-4,10
61409,51.63401112976072,-4,10
61410,51.64295624833351,-4,10
61411,51.65190133638294,-4,10
61412,52.02617138379647,-4,10
61413,51.90092128500469,-4,10
61414,51.89197462488064,-4,10
61415,51.58212925349181,-4,10
61416,51.63400415814496,-4,10
61417,51.78607398688637,-4,10
61418,51.60897542747597,-4,10
61419,51.77721488840571,-4,10
61420,51.76826443048657,-4,10
61421,51.75036342943745,-4,10
61422,51.74141288632629,-4,10
61423,51.69665974528005,-4,10
61424,51.68770903203829,-4,10
61425,51.67875829047417,-4,10
61426,51.669807520597054,-4,10
61427,51.66085672241627,-4,10
61428,52.0082847026464,-4,10
61429,51.99934129054986,-4,10
61430,51.99039784730983,-4,10
61431,51.7951157189861,-4,10
61432,51.98145437293773,-4,10
61433,51.89201791945889,-4,10
61434,51.88307410338504,-4,10
61435,51.79363423973728,-4,10
61436,51.78469008332893,-4,10
61437,51.77574589604841,-4,10
61438,51.76680167790691,-4,10
61439,51.75785742891559,-4,10
61440,51.71313572160184,-4,10
61441,51.704191287745566,-4,10
61442,51.69524682311736,-4,10
61443,51.68630232772832,-4,10
61444,51.67735780158954,-4,10
61445,51.96356733084299,-4,10
61446,51.80406609162845,-4,10
61447,51.642268695842525,-4,10
61448,51.66910321041595,-4,10
61449,51.65371846796445,-4,10
61450,51.66266698855007,-4,10
61451,51.6716154799418,-4,10
61452,51.68056394212967,-4,10
61453,51.68951237510371,-4,10
61454,51.82373535724685,-4,10
61455,51.83268332143621,-4,10
61456,51.85952703765548,-4,10
61457,51.86847488424517,-4,10
61458,51.87742270140954,-4,10
61459,51.88637048913845,-4,10
61460,51.53233861309279,-4,10
61461,51.612889132612665,-4,10
61462,51.6307889331822,-4,10
61463,51.639738790471576,-4,10
61464,51.64868861908459,-4,10
61465,51.65763841901165,-4,10
61466,51.666588190243154,-4,10
61467,51.83091703885087,-4,10
61468,51.82196675157031,-4,10
61469,51.81301643582635,-4,10
61470,51.74066056690056,-4,10
61471,51.73171600477894,-4,10
61472,51.70488213414469,-4,10
61473,51.695937449213645,-4,10
61474,51.686992733607816,-4,10
61475,51.67804798733825,-4,10
61476,51.591078007271,-4,10
61477,51.97529020497235,-4,10
61478,51.66021657711847,-4,10
61479,51.99317896247658,-4,10
61480,51.90510944547045,-4,10
61481,51.91405452493418,-4,10
61482,51.949834537603465,-4,10
61483,51.95877946441955,-4,10
61484,51.99455886594903,-4,10
61485,52.00350363984258,-4,10
61486,52.01244838311853,-4,10
61487,51.984234599109314,-4,10
61488,52.021393095765816,-4,10
61489,51.86038359092074,-4,10
61490,51.64486371019534,-4,10
61491,51.74332826780025,-4,10
61492,51.7701816476557,-4,10
61493,51.77913271795345,-4,10
61494,51.79703477401244,-4,10
61495,51.80598575975512,-4,10
61496,51.814936717294245,-4,10
61497,51.82388764662052,-4,10
61498,51.84178942059742,-4,10
61499,51.85074026522942,-4,10
61500,51.698572072054,-4,10
61501,51.85143832864099,-4,10
61502,51.815656975318944,-4,10
61503,51.80671156099199,-4,10
61504,51.601990851157474,-4,10
61505,51.63778796533904,-4,10
61506,51.66762976029918,-4,10
61507,51.56517392697948,-4,10
61508,51.57412015770955,-4,10
61509,51.58306635834118,-4,10
61510,51.61885085967118,-4,10
61511,51.62779690965149,-4,10
61512,51.63674292946969,-4,10
61513,51.672526706907945,-4,10
61514,51.69041841437701,-4,10
61515,51.72620146638696,-4,10
61516,51.73514715371686,-4,10
61517,51.7023869880214,-4,10
61518,51.7113366156309,-4,10
61519,51.72028621448707,-4,10
61520,51.72923578458027,-4,10
61521,51.77092960002357,-4,10
61522,51.77987513579311,-4,10
61523,51.87874690552381,-4,10
61524,51.79776611628815,-4,10
61525,51.65868254000074,-4,10
61526,51.59304150038699,-4,10
61527,51.60499859507601,-4,10
61528,51.587103709630085,-4,10
61529,51.6374214951747,-4,10
61530,51.860850395811454,-4,10
61531,51.68187887714314,-4,10
61532,51.67292999552784,-4,10
61533,51.66398108487256,-4,10
61534,51.578276468199,-4,10
61535,51.569331793577895,-4,10
61536,51.560387088264726,-4,10
61537,51.55144235227052,-4,10
61538,51.62847525905447,-4,10
61539,51.66426002296258,-4,10
61540,51.85647664373048,-4,10
61541,51.83857703640484,-4,10
61542,51.8296271897705,-4,10
61543,51.820677314501296,-4,10
61544,51.80277747809652,-4,10
61545,51.79382751698012,-4,10
61546,51.78487752726716,-4,10
61547,51.76697746208959,-4,10
61548,51.75802738664413,-4,10
61549,51.6732061386656,-4,10
61550,51.61952899285645,-4,10
61551,51.61058269659119,-4,10
61552,51.59269001390121,-4,10
61553,51.86979866529705,-4,10
61554,51.80978061948775,-4,10
61555,51.818729901418216,-4,10
61556,51.8276791544789,-4,10
61557,51.85452674034472,-4,10
61558,51.86347587782864,-4,10
61559,51.890624780940826,-4,10
61560,51.88167852216839,-4,10
61561,51.86378591452651,-4,10
61562,51.854839565678255,-4,10
61563,51.84589318682592,-4,10
61564,51.83694677798005,-4,10
61565,51.82800033915121,-4,10
61566,51.810107371586895,-4,10
61567,51.77432107712647,-4,10
61568,51.72958753617038,-4,10
61569,51.70274705322973,-4,10
61570,51.69380016591765,-4,10
61571,51.68485324879034,-4,10
61572,51.56585076462591,-4,10
61573,51.583743627497626,-4,10
61574,51.596051167162166,-4,10
61575,51.58409212074591,-4,10
61576,51.72346094062821,-4,10
61577,51.9670359575146,-4,10
61578,51.69447124294997,-4,10
61579,51.819727952737,-4,10
61580,51.85551450977406,-4,10
61581,51.86446107426129,-4,10
61582,51.89130058810187,-4,10
61583,51.83762129105215,-4,10
61584,51.8465679153675,-4,10
61585,51.68079117065721,-4,10
61586,51.68973679191554,-4,10
61587,51.69868238285209,-4,10
61588,51.75235529110898,-4,10
61589,51.685524111784126,-4,10
61590,51.76130066949055,-4,10
61591,51.77919133501802,-4,10
61592,51.7881366221422,-4,10
61593,51.80602710505707,-4,10
61594,51.81497230082597,-4,10
61595,51.85969782234927,-4,10
61596,51.90442258066753,-4,10
61597,51.958091281286165,-4,10
61598,51.99386980219354,-4,10
61599,52.00281435571412,-4,10
61600,52.01175887852997,-4,10
61601,52.02070337062999,-4,10
61602,51.77024601746386,-4,10
61603,51.676576950897086,-4,10
61604,51.90024703280653,-4,10
61605,51.573441354363744,-4,10
61606,52.00212329506299,-4,10
61607,52.01106759685735,-4,10
61608,52.02001186784849,-4,10
61609,52.028956108025234,-4,10
61610,51.539344789821286,-4,10
61611,51.5644953398978,-4,10
61612,51.53039523716029,-4,10
61613,51.66289983721811,-4,10
61614,51.65395412505884,-4,10
61615,51.93908237545398,-4,10
61616,52.18104070873966,-4,10
61617,52.27544618048493,-4,10
61618,51.94804410702766,-4,10
61619,51.97492915811903,-4,10
61620,52.266483774608325,-4,10
61621,52.25752134519281,-4,10
61622,52.17207960149299,-4,10
61623,52.19000179188838,-4,10
61624,51.97071121088201,-4,10
61625,51.91693164365151,-4,10
61626,51.92589496316462,-4,10
61627,51.93485825936225,-4,10
61628,51.94382153223859,-4,10
61629,51.90323520994231,-4,10
61630,51.912197037190325,-4,10
61631,51.908960521720346,-4,10
61632,51.92115884052908,-4,10
61633,51.95278478178785,-4,10
61634,51.869820860625744,-4,10
61635,51.860861026535375,-4,10
61636,51.85190116774261,-4,10
61637,51.96174800800427,-4,10
61638,52.19896285093275,-4,10
61639,51.93012061995239,-4,10
61640,52.17685842218796,-4,10
61641,51.91792128880582,-4,10
61642,52.23959641576904,-4,10
61643,52.20374627471759,-4,10
61644,51.97967439041527,-4,10
61645,52.19478368069694,-4,10
61646,52.18582106318509,-4,10
61647,52.04241599301473,-4,10
61648,52.0693049005223,-4,10
61649,52.22167139226144,-4,10
61650,52.078267822882005,-4,10
61651,52.16311847015474,-4,10
61652,51.90951394985889,-4,10
61653,51.91847778768047,-4,10
61654,51.92744160238821,-4,10
61655,51.93640539397647,-4,10
61656,51.945369162439626,-4,10
61657,52.16789575771145,-4,10
61658,52.04676490497262,-4,10
61659,52.15415731473127,-4,10
61660,52.07350583313273,-4,10
61661,52.23063391577275,-4,10
61662,52.14066030870456,-4,10
61663,52.13169476316796,-4,10
61664,51.96432012249109,-4,10
61665,51.99720890191783,-4,10
61666,51.98824299951726,-4,10
61667,51.981698203289405,-4,10
61668,51.972731480582965,-4,10
61669,51.9792770748556,-4,10
61670,51.97031112793788,-4,10
61671,51.96134515876912,-4,10
61672,51.899999730316,-4,10
61673,51.99285240575945,-4,10
61674,52.03766010535734,-4,10
61675,52.04662157331195,-4,10
61676,52.2485588922444,-4,10
61677,51.98389079391878,-4,10
61678,52.01756487458543,-4,10
61679,51.84946374470663,-4,10
61680,52.00017609235532,-4,10
61681,52.00914002724927,-4,10
61682,51.89945425722031,-4,10
61683,51.89049361605397,-4,10
61684,51.9433020894228,-4,10
61685,51.95226517257628,-4,10
61686,51.96122823233101,-4,10
61687,52.0418947162118,-4,10
61688,52.05085754165629,-4,10
61689,52.05982034363743,-4,10
61690,51.89446497591327,-4,10
61691,52.06878312214928,-4,10
61692,52.07774587718594,-4,10
61693,52.16737213511425,-4,10
61694,52.17633463153251,-4,10
61695,52.18529710440431,-4,10
61696,52.203221979484496,-4,10
61697,52.18841387926005,-4,10
61698,52.17945040623438,-4,10
61699,52.17048691006159,-4,10
61700,52.12566908218975,-4,10
61701,52.116705447253466,-4,10
61702,52.04499553636911,-4,10
61703,51.99121213442695,-4,10
61704,52.036031693668754,-4,10
61705,52.03610248785738,-4,10
61706,51.872572260603455,-4,10
61707,51.881532950512856,-4,10
61708,52.24803375470244,-4,10
61709,52.2390714468237,-4,10
61710,52.221146760306944,-4,10
61711,51.85465080770602,-4,10
61712,51.97328414948926,-4,10
61713,51.9084148740053,-4,10
61714,52.01611570160158,-4,10
61715,52.16457246495576,-4,10
61716,52.03724013983675,-4,10
61717,52.04619857706497,-4,10
61718,51.87878067000693,-4,10
61719,51.89900493470186,-4,10
61720,51.90796830082867,-4,10
61721,51.8910389145993,-4,10
61722,52.15204554318587,-4,10
61723,51.90055008892909,-4,10
61724,51.89427335879121,-4,10
61725,51.88531148374328,-4,10
61726,51.87634958480465,-4,10
61727,51.867387661981546,-4,10
61728,51.85842571528016,-4,10
61729,51.89158620489672,-4,10
61730,51.83153973196788,-4,10
61731,51.84569004473099,-4,10
61732,51.88207807457673,-4,10
61733,52.34661758280782,-4,10
61734,52.33765553480001,-4,10
61735,52.26595829967055,-4,10
61736,52.25699603898672,-4,10
61737,51.84623447155752,-4,10
61738,51.93433898287635,-4,10
61739,51.88952309945396,-4,10
61740,51.84366606878002,-4,10
61741,51.834703038205575,-4,10
61742,51.91641269962795,-4,10
61743,51.90744952293764,-4,10
61744,51.85519540873872,-4,10
61745,51.89848632287772,-4,10
61746,51.87311721025479,-4,10
61747,51.92537585294279,-4,10
61748,51.88774045467216,-4,10
61749,51.95535607248078,-4,10
61750,51.91461966030416,-4,10
61751,52.02859309870972,-4,10
61752,52.21530415939756,-4,10
61753,52.29480287800107,-4,10
61754,52.3216824811982,-4,10
61755,52.33064229983357,-4,10
61756,52.26012082948609,-4,10
61757,52.29597374801856,-4,10
61758,52.03755745347876,-4,10
61759,51.85134591371068,-4,10
61760,51.90308973443967,-4,10
61761,51.91205440871119,-4,10
61762,51.92101906019633,-4,10
61763,51.92998368888967,-4,10
61764,51.938948294785824,-4,10
61765,52.33960209390924,-4,10
61766,51.9479128778794,-4,10
61767,51.89412503738714,-4,10
61768,52.10030729640801,-4,10
61769,52.2416782723116,-4,10
61770,52.232715103944194,-4,10
61771,51.88516031755901,-4,10
61772,52.22312285718775,-4,10
61773,52.232082945537314,-4,10
61774,51.98921712401827,-4,10
61775,52.25000304877162,-4,10
61776,52.06859882585736,-4,10
61777,52.07755862455931,-4,10
61778,52.26792305400836,-4,10
61779,51.98025088720958,-4,10
61780,51.97128462826865,-4,10
61781,51.99209659322548,-4,10
61782,51.94341315369854,-4,10
61783,51.95237916735435,-4,10
61784,51.98312943364459,-4,10
61785,51.96231834720043,-4,10
61786,51.95335204400983,-4,10
61787,51.94438571870178,-4,10
61788,51.95687743816495,-4,10
61789,52.00169989728273,-4,10
61790,51.98377098211935,-4,10
61791,51.97480649029036,-4,10
61792,52.11078499926165,-4,10
61793,52.31545442210332,-4,10
61794,52.119749633690624,-4,10
61795,52.3244151430142,-4,10
61796,51.90510362879575,-4,10
61797,51.91406316119311,-4,10
61798,51.92302266877692,-4,10
61799,52.333375839724425,-4,10
61800,52.34233651222746,-4,10
61801,52.35129716051688,-4,10
61802,52.14664340064716,-4,10
61803,52.36025778458618,-4,10
61804,52.36921838442889,-4,10
61805,52.3781789600385,-4,10
61806,52.38713951140852,-4,10
61807,51.99963158285294,-4,10
61808,52.00859823970048,-4,10
61809,52.3064936769982,-4,10
61810,51.986296452790974,-4,10
61811,52.288572114231165,-4,10
61812,51.88718448958781,-4,10
61813,52.303900872987086,-4,10
61814,51.97416225229761,-4,10
61815,52.25960453928059,-4,10
61816,52.312863688401066,-4,10
61817,52.11339757275898,-4,10
61818,52.22987142488391,-4,10
61819,52.265708691751456,-4,10
61820,52.27466794649198,-4,10
61821,52.28362717642818,-4,10
61822,52.26856763787063,-4,10
61823,52.295456793993374,-4,10
61824,51.99066490404765,-4,10
61825,52.27065045476466,-4,10
61826,51.96584197563708,-4,10
61827,51.86030559484552,-4,10
61828,51.8692652512079,-4,10
61829,51.87822488279095,-4,10
61830,52.27961129658212,-4,10
61831,51.905659949827566,-4,10
61832,51.977336940450535,-4,10
61833,52.13616384581392,-4,10
61834,51.90054342463058,-4,10
61835,51.90950439008907,-4,10
61836,51.91846533129752,-4,10
61837,51.99015198718791,-4,10
61838,51.99911270985487,-4,10
61839,52.04391595833674,-4,10
61840,52.05287653501686,-4,10
61841,51.89158243492854,-4,10
61842,51.82667496623954,-4,10
61843,51.835635428064585,-4,10
61844,51.85355627828727,-4,10
61845,51.86251666667171,-4,10
61846,51.87147703056273,-4,10
61847,51.98360293528745,-4,10
61848,51.97463560219949,-4,10
61849,51.96566824741028,-4,10
61850,52.07975811890704,-4,10
61851,51.88262142098931,-4,10
61852,51.87366038281938,-4,10
61853,51.86469932042517,-4,10
61854,51.9235793460376,-4,10
61855,52.20792388586642,-4,10
61856,51.96376473593319,-4,10
61857,51.94639199946395,-4,10
61858,51.937427903446114,-4,10
61859,51.928463784432815,-4,10
61860,51.91949964242964,-4,10
61861,51.80875396919506,-4,10
61862,51.81771447994752,-4,10
61863,51.91053547744208,-4,10
61864,51.90157128947572,-4,10
61865,51.89260707853607,-4,10
61866,52.16997227476187,-4,10
61867,51.82885482873401,-4,10
61868,51.83781598796113,-4,10
61869,51.84677712298963,-4,10
61870,51.85573823381313,-4,10
61871,51.88043736995369,-4,10
61872,51.889397684837945,-4,10
61873,51.89835797520889,-4,10
61874,52.16040155368991,-4,10
61875,51.981224004928016,-4,10
61876,52.05293257817791,-4,10
61877,52.10671303392009,-4,10
61878,52.14256620649277,-4,10
61879,52.15152944150971,-4,10
61880,52.16945584175175,-4,10
61881,52.17841900696531,-4,10
61882,52.18738214889958,-4,10
61883,52.19634526754869,-4,10
61884,52.205308362906926,-4,10
61885,52.22323448372748,-4,10
61886,52.23219750917821,-4,10
61887,52.24116051131483,-4,10
61888,52.25012349013153,-4,10
61889,52.26804937778189,-4,10
61890,52.29493803421231,-4,10
61891,52.17202002845478,-4,10
61892,51.97226032902187,-4,10
61893,52.1092714681244,-4,10
61894,52.023799462773496,-4,10
61895,51.96329662996797,-4,10
61896,51.98795952922167,-4,10
61897,52.205202607057096,-4,10
61898,52.21416274435881,-4,10
61899,52.17893560574163,-4,10
61900,52.18789891350832,-4,10
61901,52.0071495312192,-4,10
61902,51.99818333868978,-4,10
61903,51.95479796934482,-4,10
61904,51.94583118082269,-4,10
61905,51.93686437037153,-4,10
61906,52.22584588337605,-4,10
61907,52.2348068459392,-4,10
61908,52.24376778436606,-4,10
61909,52.252728698650216,-4,10
61910,52.207875843976815,-4,10
61911,52.19891192453308,-4,10
61912,51.95433290777199,-4,10
61913,52.00587954519783,-4,10
61914,52.21688489668299,-4,10
61915,51.94535114498837,-4,10
61916,51.86159205954181,-4,10
61917,51.97510716490971,-4,10
61918,51.98407464916892,-4,10
61919,51.861966562580704,-4,10
61920,51.85300635016307,-4,10
61921,51.83508585166582,-4,10
61922,51.826125565599554,-4,10
61923,51.81716525499704,-4,10
61924,51.80820491986494,-4,10
61925,51.87794177269732,-4,10
61926,51.886904181317206,-4,10
61927,51.89586656624783,-4,10
61928,51.904828927483095,-4,10
61929,51.96613965900923,-4,10
61930,51.91379126501701,-4,10
61931,51.949640378017634,-4,10
61932,51.95860259695368,-4,10
61933,51.97652696360624,-4,10
61934,52.04822347972786,-4,10
61935,52.05718543721215,-4,10
61936,52.06614737089132,-4,10
61937,52.17368871599908,-4,10
61938,52.18265033965022,-4,10
61939,52.19161193940965,-4,10
61940,52.20057351527115,-4,10
61941,52.20953506722848,-4,10
61942,52.2184965952754,-4,10
61943,51.92275357884349,-4,10
61944,51.85105440476238,-4,10
61945,51.84209190144575,-4,10
61946,51.83312937447001,-4,10
61947,51.87518602936338,-4,10
61948,51.88415044870863,-4,10
61949,51.89311484515588,-4,10
61950,51.90207921869964,-4,10
61951,51.91104356933442,-4,10
61952,51.90588250636341,-4,10
61953,51.89691980790051,-4,10
61954,51.85262907589407,-4,10
61955,51.87899434029446,-4,10
61956,51.84314312252787,-4,10
61957,51.83418025925532,-4,10
61958,51.82521737246227,-4,10
61959,52.11128592067589,-4,10
61960,52.12025071583356,-4,10
61961,52.147144965360894,-4,10
61962,51.92000789705477,-4,10
61963,52.1218020105844,-4,10
61964,52.068044655262966,-4,10
61965,52.04116564381881,-4,10
61966,52.00532661616016,-4,10
61967,51.98740695428151,-4,10
61968,51.97844708635355,-4,10
61969,51.9067672560923,-4,10
61970,51.897807166555786,-4,10
61971,51.88884705242972,-4,10
61972,51.8798869137207,-4,10
61973,51.87092675043547,-4,10
61974,52.22745809940565,-4,10
61975,52.23641957961302,-4,10
61976,52.245381035891214,-4,10
61977,52.263303876635085,-4,10
61978,52.284738675113,-4,10
61979,52.275779088329365,-4,10
61980,52.26681947688432,-4,10
61981,52.27226526108821,-4,10
61982,52.34395547383194,-4,10
61983,52.35291664247019,-4,10
61984,52.36187778709744,-4,10
61985,52.37083890770734,-4,10
61986,52.37980000429358,-4,10
61987,52.38876107684977,-4,10
61988,52.39772212536958,-4,10
61989,52.07866195172273,-4,10
61990,52.069701799433865,-4,10
61991,52.06074162263826,-4,10
61992,52.05178142134256,-4,10
61993,51.99801969943831,-4,10
61994,51.98905932682778,-4,10
61995,51.95485181086788,-4,10
61996,51.94589079289188,-4,10
61997,51.89502645210719,-4,10
61998,51.90398565159966,-4,10
61999,51.91294482614408,-4,10
62000,52.011494097568296,-4,10
62001,52.02045297219189,-4,10
62002,52.04732944580077,-4,10
62003,52.05628822022627,-4,10
62004,51.93692975070879,-4,10
62005,52.29369823722841,-4,10
62006,51.9148451812583,-4,10
62007,52.302657774668745,-4,10
62008,52.32057677549712,-4,10
62009,51.92897220185514,-4,10
62010,51.93793648373009,-4,10
62011,51.9469007426741,-4,10
62012,51.95586497868165,-4,10
62013,51.96482919174725,-4,10
62014,51.97379338186537,-4,10
62015,51.9827575490305,-4,10
62016,51.99172169323708,-4,10
62017,52.00068581447962,-4,10
62018,52.00964991275258,-4,10
62019,52.01861398805041,-4,10
62020,52.027578040367565,-4,10
62021,52.0365420696985,-4,10
62022,52.04550607603763,-4,10
62023,52.09928963093347,-4,10
62024,52.10825347617421,-4,10
62025,52.11721729837854,-4,10
62026,52.1261810975409,-4,10
62027,52.13514487365563,-4,10
62028,52.17099974752636,-4,10
62029,52.17996340831885,-4,10
62030,52.18892704603002,-4,10
62031,52.224781365948495,-4,10
62032,52.23374488816831,-4,10
62033,52.2964888961622,-4,10
62034,52.338495677543534,-4,10
62035,52.32953623887149,-4,10
62036,52.31161728742727,-4,10
62037,51.92380783257918,-4,10
62038,51.94173306447514,-4,10
62039,51.95069564503826,-4,10
62040,51.876697678711714,-4,10
62041,51.8856625820874,-4,10
62042,51.8946274627564,-4,10
62043,51.90359232071342,-4,10
62044,51.91255715595309,-4,10
62045,51.92152196847011,-4,10
62046,51.93048675825907,-4,10
62047,51.93945152531464,-4,10
62048,51.94841626963144,-4,10
62049,51.95738099120413,-4,10
62050,51.96634569002732,-4,10
62051,51.975310366095634,-4,10
62052,51.98427501940368,-4,10
62053,52.0201334049255,-4,10
62054,52.029097944351385,-4,10
62055,52.0380624609846,-4,10
62056,52.100813438767545,-4,10
62057,52.12770637252748,-4,10
62058,52.14563488078079,-4,10
62059,52.16893761115629,-4,10
62060,52.17790061003052,-4,10
62061,52.22271525409828,-4,10
62062,52.23167811281023,-4,10
62063,52.267529313790966,-4,10
62064,52.27649205554,-4,10
62065,52.29441746880155,-4,10
62066,52.303380140302274,-4,10
62067,52.39718324097843,-4,10
62068,52.31234278837509,-4,10
62069,52.3882223656793,-4,10
62070,52.370300542769264,-4,10
62071,52.13070844168613,-4,10
62072,52.12174319023944,-4,10
62073,52.1127779163296,-4,10
62074,52.10381261996184,-4,10
62075,52.094847301141314,-4,10
62076,51.97829611561998,-4,10
62077,51.96933048300172,-4,10
62078,51.96036482800779,-4,10
62079,51.95139915064332,-4,10
62080,51.94243345091338,-4,10
62081,51.93346772882307,-4,10
62082,51.936384488312285,-4,10
62083,52.17315414133777,-4,10
62084,52.1821155934266,-4,10
62085,52.19107702155519,-4,10
62086,52.20003842571729,-4,10
62087,52.20899980590657,-4,10
62088,52.21796116211678,-4,10
62089,52.226922494341615,-4,10
62090,52.23588380257476,-4,10
62091,52.2448450868099,-4,10
62092,52.25380634704081,-4,10
62093,52.26276758326107,-4,10
62094,52.271728795464405,-4,10
62095,52.280689983644464,-4,10
62096,52.35237862348621,-4,10
62097,52.36133959517117,-4,10
62098,52.37926146627411,-4,10
62099,51.90108534003382,-4,10
62100,52.32898049928284,-4,10
62101,52.32130541301411,-4,10
62102,51.93747057917508,-4,10
62103,51.946431794555416,-4,10
62104,51.955392985797225,-4,10
62105,51.96435415289412,-4,10
62106,51.97331529583972,-4,10
62107,52.04500356919025,-4,10
62108,52.080847125055,-4,10
62109,52.10772953751072,-4,10
62110,52.11669029316284,-4,10
62111,52.12565102455427,-4,10
62112,52.15253307309954,-4,10
62113,52.206296514273824,-4,10
62114,52.25109871301849,-4,10
62115,52.260059079717855,-4,10
62116,52.22852390804693,-4,10
62117,52.21956206182712,-4,10
62118,52.21060019182744,-4,10
62119,52.20163829805399,-4,10
62120,52.367581577739045,-4,10
62121,52.19267638051295,-4,10
62122,52.18371443921046,-4,10
62123,52.112018054112056,-4,10
62124,52.10305589923152,-4,10
62125,52.09409372065058,-4,10
62126,52.04928247245189,-4,10
62127,52.04032015179578,-4,10
62128,51.9596582020035,-4,10
62129,51.9285093396626,-4,10
62130,52.337939759389286,-4,10
62131,51.91954807602432,-4,10
62132,51.88370278034051,-4,10
62133,52.05232987238956,-4,10
62134,52.07921093037852,-4,10
62135,52.15985278368508,-4,10
62136,52.19569297058264,-4,10
62137,52.258412352995,-4,10
62138,52.26737216651456,-4,10
62139,52.3032111746896,-4,10
62140,51.8597483875546,-4,10
62141,51.85078888464118,-4,10
62142,52.31217086522376,-4,10
62143,51.85023008066733,-4,10
62144,51.859189404795856,-4,10
62145,51.88606722767364,-4,10
62146,52.3629487435619,-4,10
62147,52.30021782099026,-4,10
62148,52.291256165231424,-4,10
62149,52.24644752912227,-4,10
62150,52.32113053114061,-4,10
62151,52.2374857304807,-4,10
62152,52.238273220749925,-4,10
62153,52.22035484598426,-4,10
62154,52.044460657820366,-4,10
62155,51.99965653741613,-4,10
62156,51.82993411412004,-4,10
62157,51.856818555568026,-4,10
62158,51.865779987908994,-4,10
62159,51.8747413961686,-4,10
62160,51.89266414041837,-4,10
62161,52.1420484745171,-4,10
62162,51.89212417691147,-4,10
62163,51.87420177816719,-4,10
62164,51.91350488309515,-4,10
62165,51.904545529341874,-4,10
62166,52.03553098264679,-4,10
62167,52.017615127244,-4,10
62168,51.90258536706142,-4,10
62169,51.893620831480014,-4,10
62170,51.89558615071134,-4,10
62171,51.88662674721047,-4,10
62172,51.87766731884613,-4,10
62173,51.82469298564201,-4,10
62174,51.833655704634985,-4,10
62175,51.84261840004128,-4,10
62176,51.92246421196428,-4,10
62177,51.8515810718549,-4,10
62178,51.88743152306317,-4,10
62179,51.89639407682376,-4,10
62180,51.90535660695575,-4,10
62181,51.91431911345316,-4,10
62182,51.92328159630998,-4,10
62183,51.94120649107773,-4,10
62184,51.95016890297663,-4,10
62185,51.95913129121084,-4,10
62186,51.96809365577431,-4,10
62187,51.977055996660994,-4,10
62188,52.04875387066388,-4,10
62189,52.075640182014126,-4,10
62190,51.87846894567999,-4,10
62191,52.02997421490729,-4,10
62192,52.04789219941351,-4,10
62193,51.97789290500928,-4,10
62194,52.13565525763044,-4,10
62195,52.11772735497999,-4,10
62196,52.108763369186825,-4,10
62197,52.09979936042242,-4,10
62198,51.89320232531985,-4,10
62199,51.88424079302016,-4,10
62200,51.87527923669444,-4,10
62201,51.86631765634897,-4,10
62202,51.857356051990045,-4,10
62203,51.83047109489517,-4,10
62204,52.03705065634268,-4,10
62205,52.02808646400776,-4,10
62206,52.01015801057902,-4,10
62207,52.00119374949618,-4,10
62208,51.97430082883975,-4,10
62209,51.965336476169895,-4,10
62210,51.95637210061699,-4,10
62211,51.85315041258992,-4,10
62212,51.94740770218649,-4,10
62213,51.93844328088392,-4,10
62214,51.92947883671463,-4,10
62215,51.92051436968417,-4,10
62216,51.91154987979794,-4,10
62217,52.228754867388176,-4,10
62218,52.12124498060187,-4,10
62219,52.022691109757,-4,10
62220,51.98685259542687,-4,10
62221,52.09356427084266,-4,10
62222,52.174221493647,-4,10
62223,52.18318328828784,-4,10
62224,52.192145059105286,-4,10
62225,51.88829464233035,-4,10
62226,51.87037469374578,-4,10
62227,51.86141468249124,-4,10
62228,52.0170836063524,-4,10
62229,52.008117125731424,-4,10
62230,51.99915062308657,-4,10
62231,51.99018409842275,-4,10
62232,52.16557444033172,-4,10
62233,52.12075000271973,-4,10
62234,52.11178504740565,-4,10
62235,52.10282006950669,-4,10
62236,52.09385506902803,-4,10
62237,52.084890045975015,-4,10
62238,51.97730801044656,-4,10
62239,51.96834269440342,-4,10
62240,51.9593773558591,-4,10
62241,51.950411994818815,-4,10
62242,51.94144661128773,-4,10
62243,51.93248120527102,-4,10
62244,51.923515776773904,-4,10
62245,51.852454646604194,-4,10
62246,52.33009017243333,-4,10
62247,52.33904978909514,-4,10
62248,51.981217551744805,-4,10
62249,51.972250983057535,-4,10
62250,51.96328439236581,-4,10
62251,51.95431777967448,-4,10
62252,51.9760449283018,-4,10
62253,52.16254693918295,-4,10
62254,51.89725457964692,-4,10
62255,51.92413424361287,-4,10
62256,52.20110680609312,-4,10
62257,52.210068529245184,-4,10
62258,52.21903022855531,-4,10
62259,52.22799190401724,-4,10
62260,52.23695355562483,-4,10
62261,52.24591518337186,-4,10
62262,52.25487678725212,-4,10
62263,52.26383836725938,-4,10
62264,52.272799923387424,-4,10
62265,52.29072296398095,-4,10
62266,52.299684448433965,-4,10
62267,52.35345285294553,-4,10
62268,52.36241416993792,-4,10
62269,52.380336732072266,-4,10
62270,52.38929797720164,-4,10
62271,52.39825919836409,-4,10
62272,51.86870786562521,-4,10
62273,51.88465627305917,-4,10
62274,51.93734246797272,-4,10
62275,51.94630943163039,-4,10
62276,51.95527637341979,-4,10
62277,51.96424329333619,-4,10
62278,51.97321019137483,-4,10
62279,51.98217706753098,-4,10
62280,51.99114392179988,-4,10
62281,52.00011075417675,-4,10
62282,52.00907756465687,-4,10
62283,51.906214492304045,-4,10
62284,52.171510787032,-4,10
62285,52.18047461187083,-4,10
62286,52.1894384136939,-4,10
62287,51.92252243782019,-4,10
62288,51.91355730494093,-4,10
62289,52.125155271866696,-4,10
62290,52.11619180172841,-4,10
62291,52.10722830841703,-4,10
62292,51.999664583245895,-4,10
62293,51.99070078920051,-4,10
62294,51.981736972061256,-4,10
62295,51.9727731318338,-4,10
62296,51.963809268523725,-4,10
62297,52.0366722069664,-4,10
62298,51.95484538213667,-4,10
62299,51.945881472678245,-4,10
62300,51.936917540154056,-4,10
62301,52.34608877765625,-4,10
62302,52.28335513306352,-4,10
62303,52.27439308904122,-4,10
62304,52.26543102133851,-4,10
62305,52.25646892996143,-4,10
62306,52.2026958848778,-4,10
62307,52.193733627950174,-4,10
62308,52.18477134739664,-4,10
62309,52.17580904322325,-4,10
62310,52.16684671543603,-4,10
62311,52.11307225315888,-4,10
62312,52.07722214012456,-4,10
62313,52.05929694229606,-4,10
62314,51.93148754809824,-4,10
62315,52.05033430807484,-4,10
62316,51.94045263576982,-4,10
62317,51.95838274327248,-4,10
62318,51.86524054255804,-4,10
62319,51.85627928279938,-4,10
62320,51.83835669085902,-4,10
62321,51.82939535869005,-4,10
62322,52.12124749422844,-4,10
62323,52.11228237933028,-4,10
62324,52.10331724191082,-4,10
62325,52.09435208197524,-4,10
62326,52.08538689952881,-4,10
62327,51.97780295621623,-4,10
62328,51.96883748160112,-4,10
62329,51.95987198454768,-4,10
62330,51.95090646506111,-4,10
62331,51.94194092314651,-4,10
62332,51.932975358809024,-4,10
62333,52.01852204218696,-4,10
62334,52.00955510048514,-4,10
62335,52.00058813694262,-4,10
62336,51.9916211515641,-4,10
62337,51.98265414435431,-4,10
62338,51.97368711531796,-4,10
62339,51.96472006445973,-4,10
62340,51.95575299178435,-4,10
62341,51.94678589729655,-4,10
62342,51.98527773484603,-4,10
62343,51.97631276028597,-4,10
62344,51.96734776309304,-4,10
62345,51.94941770082967,-4,10
62346,51.88316298962047,-4,10
62347,51.96070667268951,-4,10
62348,51.94278086377345,-4,10
62349,52.23372268676298,-4,10
62350,52.03856567873852,-4,10
62351,52.11924675641204,-4,10
62352,52.146140039079874,-4,10
62353,52.15510442104555,-4,10
62354,52.215801433297386,-4,10
62355,51.98454457517548,-4,10
62356,51.97557694031482,-4,10
62357,51.96660928387267,-4,10
62358,52.20684077016754,-4,10
62359,52.19788008278169,-4,10
62360,52.18891937114629,-4,10
62361,52.17995863526784,-4,10
62362,52.1530762822389,-4,10
62363,52.14411544945294,-4,10
62364,52.135154592456274,-4,10
62365,52.12619371125535,-4,10
62366,52.04554469231564,-4,10
62367,51.99177759309566,-4,10
62368,51.982816325498646,-4,10
62369,51.97385503380612,-4,10
62370,51.96489371802439,-4,10
62371,51.94697101421877,-4,10
62372,51.938009626207545,-4,10
62373,51.92904821413247,-4,10
62374,51.92008677799982,-4,10
62375,51.91112531781598,-4,10
62376,52.02960100081113,-4,10
62377,51.95174377996395,-4,10
62378,52.02063630015517,-4,10
62379,51.98477727035285,-4,10
62380,51.93381792412392,-4,10
62381,51.9248549610212,-4,10
62382,51.91589197447122,-4,10
62383,51.90692896447981,-4,10
62384,51.89796593105287,-4,10
62385,51.88900287419622,-4,10
62386,51.92795358456969,-4,10
62387,51.918989605930726,-4,10
62388,51.91002560424281,-4,10
62389,51.90106157951147,-4,10
62390,51.89209753174229,-4,10
62391,52.36812898901605,-4,10
62392,52.29644630887111,-4,10
62393,52.26956490233571,-4,10
62394,52.26060438487865,-4,10
62395,52.251643843126494,-4,10
62396,52.24268327708575,-4,10
62397,51.88616306652388,-4,10
62398,51.89512810746732,-4,10
62399,51.91305812140308,-4,10
62400,51.92202309438482,-4,10
62401,51.93098804470203,-4,10
62402,51.93995297234944,-4,10
62403,51.94891787732169,-4,10
62404,51.9578827596135,-4,10
62405,51.96684761921952,-4,10
62406,51.975812456134406,-4,10
62407,52.01167157677599,-4,10
62408,52.08030351717639,-4,10
62409,51.88795708587555,-4,10
62410,52.20575045985958,-4,10
62411,51.962782206947,-4,10
62412,51.97174574117672,-4,10
62413,51.98070925219337,-4,10
62414,52.043453178862805,-4,10
62415,52.05241650396864,-4,10
62416,51.915369468306224,-4,10
62417,51.924332287524855,-4,10
62418,51.93329508323001,-4,10
62419,51.94225785541572,-4,10
62420,52.34911253826948,-4,10
62421,52.33119262093789,-4,10
62422,51.96183264583469,-4,10
62423,51.97079877123763,-4,10
62424,51.97976487445152,-4,10
62425,51.988730955471375,-4,10
62426,51.99769701429221,-4,10
62427,52.32223262553564,-4,10
62428,52.17886937405874,-4,10
62429,51.95381864950987,-4,10
62430,51.94485506887109,-4,10
62431,51.93589146503633,-4,10
62432,52.17153963656954,-4,10
62433,52.15361769615977,-4,10
62434,52.14465668972982,-4,10
62435,52.13569565915839,-4,10
62436,52.12673460445184,-4,10
62437,52.07296776973297,-4,10
62438,51.99231589197478,-4,10
62439,51.983354451972126,-4,10
62440,52.25951197259504,-4,10
62441,51.974392987942295,-4,10
62442,51.94390032848149,-4,10
62443,51.95286649824766,-4,10
62444,51.98960654922941,-4,10
62445,52.04336947087055,-4,10
62446,51.90003681785126,-4,10
62447,51.90900051441306,-4,10
62448,51.91796418780162,-4,10
62449,51.92692783801127,-4,10
62450,51.96543149989157,-4,10
62451,52.18050057053654,-4,10
62452,52.25055178152265,-4,10
62453,51.95122060407606,-4,10
62454,51.85948827164583,-4,10
62455,51.877412821472674,-4,10
62456,51.886375060764,-4,10
62457,51.8953372762991,-4,10
62458,51.904299468071954,-4,10
62459,51.91326163607642,-4,10
62460,51.92222378030638,-4,10
62461,51.93118590075573,-4,10
62462,51.94014799741839,-4,10
62463,51.98495812371628,-4,10
62464,52.05665308664776,-4,10
62465,52.065614849650935,-4,10
62466,52.00666305090908,-4,10
62467,51.947508451752526,-4,10
62468,51.938546891676815,-4,10
62469,51.92958530760531,-4,10
62470,51.920623699544336,-4,10
62471,51.850525961122464,-4,10
62472,51.84156362686725,-4,10
62473,51.83260126888624,-4,10
62474,51.82363888718551,-4,10
62475,51.96018332920512,-4,10
62476,51.96914603079693,-4,10
62477,52.049809284964525,-4,10
62478,52.05877175085604,-4,10
62479,52.10358372614933,-4,10
62480,52.11254605033304,-4,10
62481,52.1752816573874,-4,10
62482,52.18424379228944,-4,10
62483,52.232631326097774,-4,10
62484,52.19320590350401,-4,10
62485,52.21113005484633,-4,10
62486,52.220092094961934,-4,10
62487,52.22905411136568,-4,10
62488,52.2559400182449,-4,10
62489,52.26490193974024,-4,10
62490,52.27386383749315,-4,10
62491,52.28282571149754,-4,10
62492,52.36348150783913,-4,10
62493,52.20216799102499,-4,10
62494,52.19842236596265,-4,10
62495,52.20738322740889,-4,10
62496,52.24322643126486,-4,10
62497,51.95753985855427,-4,10
62498,52.03819569129018,-4,10
62499,52.04715733092347,-4,10
62500,52.06508053837954,-4,10
62501,52.07404210618983,-4,10
62502,52.16365646581584,-4,10
62503,52.17261776979248,-4,10
62504,52.18157904974645,-4,10
62505,52.19054030567145,-4,10
62506,52.19950153756113,-4,10
62507,52.20846274540919,-4,10
62508,52.21742392920923,-4,10
62509,52.22638508895496,-4,10
62510,52.235346224640026,-4,10
62511,52.24430733625806,-4,10
62512,52.253268423802695,-4,10
62513,52.26222948726756,-4,10
62514,51.948577979915605,-4,10
62515,51.93961607741053,-4,10
62516,51.930654151045175,-4,10
62517,51.92169220082574,-4,10
62518,51.87951795641487,-4,10
62519,51.8884808696284,-4,10
62520,51.89744375935207,-4,10
62521,52.13120250058193,-4,10
62522,52.12223709063285,-4,10
62523,52.11327165828386,-4,10
62524,51.98775325627333,-4,10
62525,51.97878748853917,-4,10
62526,52.27119052664631,-4,10
62527,51.82310917580124,-4,10
62528,51.84103357643212,-4,10
62529,51.849995741061605,-4,10
62530,51.86791999891802,-4,10
62531,51.87688209213273,-4,10
62532,51.88584416153029,-4,10
62533,51.89480620710449,-4,10
62534,51.90376822884924,-4,10
62535,51.91273022675838,-4,10
62536,51.832071388009965,-4,10
62537,52.28015154193256,-4,10
62538,52.3428779738088,-4,10
62539,52.3518387961246,-4,10
62540,51.99866787499344,-4,10
62541,52.00763422286556,-4,10
62542,52.01660054865232,-4,10
62543,51.96982169848669,-4,10
62544,51.96085588612095,-4,10
62545,51.95189005144705,-4,10
62546,51.94292419447002,-4,10
62547,51.933958315194914,-4,10
62548,51.98970150504092,-4,10
62549,51.99257024666955,-4,10
62550,52.35971416619103,-4,10
62551,52.35075371679496,-4,10
62552,52.341793243108576,-4,10
62553,52.33283274513848,-4,10
62554,52.28802989126012,-4,10
62555,52.27906924772444,-4,10
62556,52.270108579950616,-4,10
62557,52.25218717171433,-4,10
62558,51.90640662557998,-4,10
62559,51.91166206750012,-4,10
62560,51.980735113012834,-4,10
62561,52.10232110286952,-4,10
62562,52.36079959429022,-4,10
62563,52.36976036829923,-4,10
62564,52.37872111814517,-4,10
62565,52.3876818438216,-4,10
62566,51.91405470644684,-4,10
62567,51.92301999865636,-4,10
62568,51.931985268327736,-4,10
62569,51.94095051545578,-4,10
62570,51.9717686989141,-4,10
62571,51.94991574003525,-4,10
62572,51.96784612152758,-4,10
62573,51.97681127842996,-4,10
62574,51.93590282191028,-4,10
62575,51.94486932424281,-4,10
62576,51.9538358045242,-4,10
62577,51.96280226274959,-4,10
62578,51.98577641276282,-4,10
62579,52.09335626241969,-4,10
62580,51.95888094206094,-4,10
62581,51.90270041147891,-4,10
62582,52.07457658877495,-4,10
62583,51.83100630088711,-4,10
62584,52.22219422356747,-4,10
62585,51.80930124577508,-4,10
62586,51.81826193158507,-4,10
62587,51.82722259300363,-4,10
62588,51.84514384264031,-4,10
62589,51.91744880641743,-4,10
62590,52.32078253834733,-4,10
62591,52.29389509788765,-4,10
62592,52.28493257074787,-4,10
62593,52.275970020124745,-4,10
62594,52.2670074460242,-4,10
62595,52.25804484845212,-4,10
62596,52.23115691496626,-4,10
62597,52.24011958291724,-4,10
62598,52.24908222741452,-4,10
62599,52.20426877045003,-4,10
62600,52.1953060087432,-4,10
62601,52.177380415062736,-4,10
62602,51.92641229156216,-4,10
62603,51.86685354774925,-4,10
62604,52.06086177551983,-4,10
62605,52.0698248879745,-4,10
62606,52.23042700454137,-4,10
62607,52.07878797708683,-4,10
62608,52.05189863972868,-4,10
62609,52.26626498525174,-4,10
62610,51.89952176640102,-4,10
62611,52.11464009999671,-4,10
62612,52.275224418631616,-4,10
62613,52.04293548060681,-4,10
62614,51.98019271398105,-4,10
62615,51.97122936842207,-4,10
62616,51.9622659995844,-4,10
62617,51.94433919209612,-4,10
62618,51.93537575345699,-4,10
62619,52.12360307231015,-4,10
62620,52.28418382727872,-4,10
62621,51.90848529802847,-4,10
62622,51.988510320114536,-4,10
62623,51.88994653942318,-4,10
62624,52.30210257034725,-4,10
62625,51.86306499463266,-4,10
62626,51.85410443084531,-4,10
62627,52.14115093228128,-4,10
62628,51.89890700547423,-4,10
62629,52.00643068905367,-4,10
62630,52.051231182008,-4,10
62631,51.85789177193681,-4,10
62632,51.84892997218484,-4,10
62633,51.83996814849953,-4,10
62634,52.06019120693512,-4,10
62635,52.31106190475494,-4,10
62636,52.069151207292045,-4,10
62637,52.29314321118624,-4,10
62638,52.07811118307207,-4,10
62639,52.22367106175856,-4,10
62640,51.87581529961589,-4,10
62641,51.88477702753056,-4,10
62642,51.89373873148697,-4,10
62643,52.08707113426848,-4,10
62644,52.13187052126111,-4,10
62645,52.12291069308362,-4,10
62646,51.87202553399582,-4,10
62647,53.27435105532801,-4,10
62648,53.26539871565608,-4,10
62649,53.28330336768478,-4,10
62650,52.97396465674768,-4,10
62651,53.30243992779543,-4,10
62652,53.29348727088106,-4,10
62653,53.25644634867787,-4,10
62654,53.33701666770587,-4,10
62655,52.95606135066563,-4,10
62656,52.94710965612608,-4,10
62657,52.93815793393297,-4,10
62658,53.34596878860589,-4,10
62659,53.292255652717415,-4,10
62660,53.301207910417,-4,10
62661,53.3101601407746,-4,10
62662,53.31911234378124,-4,10
62663,53.328064519427976,-4,10
62664,52.98291626827192,-4,10
62665,52.96501301754255,-4,10
62666,52.99186785210616,-4,10
62667,53.24872357897559,-4,10
62668,53.02767391035991,-4,10
62669,53.39781225502277,-4,10
62670,53.02160050792256,-4,10
62671,53.093265781697546,-4,10
62672,53.10222382847706,-4,10
62673,53.12909781872047,-4,10
62674,53.1380557654126,-4,10
62675,53.1470136870649,-4,10
62676,53.15597158367015,-4,10
62677,53.20971843690939,-4,10
62678,53.406763577689695,-4,10
62679,53.24554917054486,-4,10
62680,52.98416394721956,-4,10
62681,52.97521193275988,-4,10
62682,53.26346438663099,-4,10
62683,53.27242195696563,-4,10
62684,53.2813795021516,-4,10
62685,53.29033702218155,-4,10
62686,53.29929451704822,-4,10
62687,53.30825198674423,-4,10
62688,52.966259890784606,-4,10
62689,53.25450679115496,-4,10
62690,53.4157148726538,-4,10
62691,53.42466613990581,-4,10
62692,53.34285102111368,-4,10
62693,53.036625355606766,-4,10
62694,53.04557677310863,-4,10
62695,53.05452816285629,-4,10
62696,53.06347952484058,-4,10
62697,53.07243085905229,-4,10
62698,53.28453458679939,-4,10
62699,53.27558187555919,-4,10
62700,53.26662913716929,-4,10
62701,53.2576763716385,-4,10
62702,53.31139255753367,-4,10
62703,53.23977075918931,-4,10
62704,53.23081791228846,-4,10
62705,53.2218650382818,-4,10
62706,53.186053271371854,-4,10
62707,53.1771002619672,-4,10
62708,53.16814722550913,-4,10
62709,53.28250910026721,-4,10
62710,53.22592875922208,-4,10
62711,53.243842970368405,-4,10
62712,53.25280003791095,-4,10
62713,53.291466986616086,-4,10
62714,53.00081940824122,-4,10
62715,53.32034516008694,-4,10
62716,53.3057878512704,-4,10
62717,53.247493954402266,-4,10
62718,53.394956526335214,-4,10
62719,53.37406020402698,-4,10
62720,53.365107764769306,-4,10
62721,53.35615529827356,-4,10
62722,53.34720280454859,-4,10
62723,53.33825028360325,-4,10
62724,53.32929773544641,-4,10
62725,53.29986061764111,-4,10
62726,53.29090293923809,-4,10
62727,53.28194523574803,-4,10
62728,53.27298750717819,-4,10
62729,53.26402975353583,-4,10
62730,53.2550719748282,-4,10
62731,53.18340884368503,-4,10
62732,53.14757667787474,-4,10
62733,53.13861857397511,-4,10
62734,53.129660445110986,-4,10
62735,53.12070229128947,-4,10
62736,53.10278590880292,-4,10
62737,53.09382768015213,-4,10
62738,53.12739242907491,-4,10
62739,53.11844085609594,-4,10
62740,53.10948925545619,-4,10
62741,53.38600023970632,-4,10
62742,53.100537627164805,-4,10
62743,53.3770439274449,-4,10
62744,53.359131226055226,-4,10
62745,53.08012263629397,-4,10
62746,53.07117173699644,-4,10
62747,53.062220809749526,-4,10
62748,53.05326985456254,-4,10
62749,53.04431887144485,-4,10
62750,53.03536786040574,-4,10
62751,53.02641682145455,-4,10
62752,53.42277875935084,-4,10
62753,53.41382810436223,-4,10
62754,53.40487742140627,-4,10
62755,53.35553902572841,-4,10
62756,53.395926710492425,-4,10
62757,53.3465867318089,-4,10
62758,53.33763441058592,-4,10
62759,53.45463093016181,-4,10
62760,53.44567873644808,-4,10
62761,53.42777426707435,-4,10
62762,53.41882199143229,-4,10
62763,53.409869688498645,-4,10
62764,53.40091735828236,-4,10
62765,53.39196500079239,-4,10
62766,53.383012616037625,-4,10
62767,53.35017483694232,-4,10
62768,53.36808758955864,-4,10
62769,53.148137808597326,-4,10
62770,53.08486942657248,-4,10
62771,53.07368257647204,-4,10
62772,53.073057643419965,-4,10
62773,53.06410610661447,-4,10
62774,53.05515454211976,-4,10
62775,53.04620294994499,-4,10
62776,53.03725133009928,-4,10
62777,53.02829968259177,-4,10
62778,52.98354103044621,-4,10
62779,52.97458921715918,-4,10
62780,53.181142788013,-4,10
62781,53.19010003289287,-4,10
62782,53.19905725246115,-4,10
62783,53.21697161563319,-4,10
62784,53.317209431262256,-4,10
62785,53.273732846869386,-4,10
62786,53.28268495888619,-4,10
62787,53.291637043495726,-4,10
62788,53.30058910068895,-4,10
62789,53.11230451709079,-4,10
62790,53.12126287728741,-4,10
62791,53.18227954024029,-4,10
62792,53.19123715336188,-4,10
62793,53.13022121260876,-4,10
62794,53.13917952304774,-4,10
62795,53.08200915252709,-4,10
62796,53.0915859712309,-4,10
62797,53.23854153283822,-4,10
62798,53.10334613202601,-4,10
62799,53.06473083766528,-4,10
62800,53.05577907125245,-4,10
62801,53.04682727724264,-4,10
62802,53.0378754556449,-4,10
62803,53.02892360646831,-4,10
62804,53.01997172972194,-4,10
62805,53.01101982541484,-4,10
62806,53.00206789355606,-4,10
62807,52.99311593415461,-4,10
62808,53.07591114807111,-4,10
62809,53.057994516331554,-4,10
62810,53.22958908399458,-4,10
62811,53.04903616310758,-4,10
62812,53.0221609541038,-4,10
62813,53.32868206206838,-4,10
62814,53.31972968626523,-4,10
62815,53.31077728318534,-4,10
62816,53.30182485283762,-4,10
62817,53.29287239523095,-4,10
62818,53.02271954853917,-4,10
62819,53.040636740856506,-4,10
62820,53.04959529980097,-4,10
62821,53.08542928732017,-4,10
62822,53.38697597163012,-4,10
62823,53.35303895740769,-4,10
62824,52.99956353722148,-4,10
62825,53.36075315824258,-4,10
62826,53.05630543936203,-4,10
62827,53.30641806573871,-4,10
62828,53.31536905571466,-4,10
62829,53.32432001782654,-4,10
62830,53.33327095206501,-4,10
62831,53.34222185842074,-4,10
62832,53.351172736884365,-4,10
62833,53.36012358744648,-4,10
62834,53.38115638020688,-4,10
62835,53.3722045701664,-4,10
62836,53.39968093856752,-4,10
62837,53.39072898212355,-4,10
62838,53.38177699824771,-4,10
62839,53.37282498694901,-4,10
62840,53.36387294823647,-4,10
62841,53.354920882119096,-4,10
62842,52.98540424394379,-4,10
62843,53.17218551782889,-4,10
62844,53.055738706112926,-4,10
62845,52.97645182890975,-4,10
62846,53.29701141473741,-4,10
62847,53.12796698982549,-4,10
62848,53.30596814396672,-4,10
62849,53.13692457038254,-4,10
62850,53.18171209515332,-4,10
62851,53.43298992405223,-4,10
62852,53.42653664321762,-4,10
62853,53.41758476912359,-4,10
62854,53.3698128012189,-4,10
62855,53.36085587803053,-4,10
62856,53.35189892946581,-4,10
62857,53.34294195553225,-4,10
62858,53.40863286757053,-4,10
62859,53.333984956237344,-4,10
62860,53.325027931588565,-4,10
62861,53.31607088159336,-4,10
62862,53.30711380625922,-4,10
62863,53.29815670559358,-4,10
62864,53.28024242829758,-4,10
62865,53.28851600223196,-4,10
62866,53.29746704790804,-4,10
62867,53.27128525168212,-4,10
62868,53.26232804976492,-4,10
62869,53.253370822553386,-4,10
62870,53.19962692851789,-4,10
62871,53.19066952445321,-4,10
62872,53.1458821257484,-4,10
62873,53.31492484771002,-4,10
62874,53.32388152595978,-4,10
62875,53.33283817870838,-4,10
62876,53.30515576999642,-4,10
62877,53.31410635083462,-4,10
62878,53.32305690363875,-4,10
62879,53.37762105966859,-4,10
62880,53.33200742839936,-4,10
62881,53.34095792510695,-4,10
62882,53.34990839375208,-4,10
62883,53.358858834325176,-4,10
62884,53.367809246816805,-4,10
62885,53.37675963121742,-4,10
62886,53.3857099875175,-4,10
62887,53.394660315707526,-4,10
62888,53.40361061577794,-4,10
62889,53.41256088771919,-4,10
62890,53.38657755925083,-4,10
62891,53.39553403327868,-4,10
62892,53.40449048174451,-4,10
62893,52.965637376274,-4,10
62894,53.36325273262828,-4,10
62895,52.94773361174553,-4,10
62896,53.35430086760164,-4,10
62897,53.296205161133614,-4,10
62898,53.28725452425567,-4,10
62899,53.27830385937202,-4,10
62900,53.26935316649208,-4,10
62901,53.34179480594825,-4,10
62902,53.35075140767183,-4,10
62903,53.35970798387147,-4,10
62904,53.3686645345396,-4,10
62905,53.08138216548217,-4,10
62906,53.09033344412102,-4,10
62907,53.126138280581166,-4,10
62908,53.135089420126114,-4,10
62909,53.14404053182448,-4,10
62910,53.15299161566696,-4,10
62911,53.42403888809198,-4,10
62912,53.16194267164427,-4,10
62913,53.17984469996612,-4,10
62914,53.188795672292045,-4,10
62915,53.19774661671553,-4,10
62916,53.20669753322721,-4,10
62917,53.21564842181773,-4,10
62918,53.22459928247776,-4,10
62919,53.23355011519791,-4,10
62920,53.24250091996882,-4,10
62921,53.25145169678106,-4,10
62922,53.260402445625296,-4,10
62923,53.1708936997471,-4,10
62924,53.35180210358642,-4,10
62925,52.99803440417645,-4,10
62926,53.03384843812302,-4,10
62927,53.1561161048777,-4,10
62928,53.147164010248346,-4,10
62929,53.13821188818038,-4,10
62930,53.12925973868278,-4,10
62931,53.12030756176451,-4,10
62932,53.11135535743456,-4,10
62933,53.10240312570184,-4,10
62934,53.09345086657535,-4,10
62935,53.36200668751131,-4,10
62936,53.35305522646856,-4,10
62937,53.20019474132441,-4,10
62938,53.08449858006398,-4,10
62939,53.07554626617668,-4,10
62940,53.06659392492239,-4,10
62941,53.00392677061362,-4,10
62942,52.994974210743386,-4,10
62943,53.25393974034911,-4,10
62944,53.26289715199309,-4,10
62945,53.271854538419305,-4,10
62946,53.280811899620446,-4,10
62947,53.06597474697448,-4,10
62948,53.16506817205945,-4,10
62949,53.0570225785027,-4,10
62950,52.96375876803843,-4,10
62951,53.202731573875,-4,10
62952,53.36970418507282,-4,10
62953,53.388860904662224,-4,10
62954,53.37990952661734,-4,10
62955,53.370958120897285,-4,10
62956,53.378655184067824,-4,10
62957,53.38760615521824,-4,10
62958,53.396557098514776,-4,10
62959,53.40550801394803,-4,10
62960,53.414458901508645,-4,10
62961,53.42340976118728,-4,10
62962,53.34534897509547,-4,10
62963,53.33639705511889,-4,10
62964,53.3274451076809,-4,10
62965,53.31849313279057,-4,10
62966,53.30954113045691,-4,10
62967,53.01746575460058,-4,10
62968,53.00851465985311,-4,10
62969,53.08907350763271,-4,10
62970,52.99061238671492,-4,10
62971,52.98166120834272,-4,10
62972,53.2116841045041,-4,10
62973,52.97271000211412,-4,10
62974,53.34410373777826,-4,10
62975,53.33515222144958,-4,10
62976,53.15919416200632,-4,10
62977,53.113204770615575,-4,10
62978,53.10425194078661,-4,10
62979,53.09529908381043,-4,10
62980,53.08634619969579,-4,10
62981,53.07739328845138,-4,10
62982,53.00330899192258,-4,10
62983,52.994356631617705,-4,10
62984,53.06844035008601,-4,10
62985,53.39905991775862,-4,10
62986,53.390108162740646,-4,10
62987,53.25271154125978,-4,10
62988,53.26166269822442,-4,10
62989,53.27061382738084,-4,10
62990,53.40613673276214,-4,10
62991,53.41508782432552,-4,10
62992,53.05948738460836,-4,10
62993,53.02367525174953,-4,10
62994,53.27956492871979,-4,10
62995,53.08756868141482,-4,10
62996,53.00576902287295,-4,10
62997,53.0786153748996,-4,10
62998,53.22001959971814,-4,10
62999,53.21106729610147,-4,10
63000,53.18482643089332,-4,10
63001,53.19377901600178,-4,10
63002,53.15024107146745,-4,10
63003,53.14128795390123,-4,10
63004,53.12338163772144,-4,10
63005,53.114428439125206,-4,10
63006,53.10547521353624,-4,10
63007,53.09652196096325,-4,10
63008,53.42591501762664,-4,10
63009,53.41696334521072,-4,10
63010,53.26175708008978,-4,10
63011,53.40801164525168,-4,10
63012,53.02489496998776,-4,10
63013,53.22125175411963,-4,10
63014,53.23915707764992,-4,10
63015,53.24810969862404,-4,10
63016,53.25706229239237,-4,10
63017,53.266014858946086,-4,10
63018,53.27496739827632,-4,10
63019,53.14840040588571,-4,10
63020,53.15735290066484,-4,10
63021,53.16630536816174,-4,10
63022,53.20211496514915,-4,10
63023,53.283919910374216,-4,10
63024,53.23020442947884,-4,10
63025,53.098024351003374,-4,10
63026,53.14277814800678,-4,10
63027,53.12487671321296,-4,10
63028,53.286620987014,-4,10
63029,53.29557141859518,-4,10
63030,53.30452182207596,-4,10
63031,53.31347219744683,-4,10
63032,53.29996842380935,-4,10
63033,53.291016567721606,-4,10
63034,53.28206468413413,-4,10
63035,53.27311277305592,-4,10
63036,53.264160834496096,-4,10
63037,53.25520886846365,-4,10
63038,53.246256874967614,-4,10
63039,53.23730485401702,-4,10
63040,53.22835280562089,-4,10
63041,53.21940072978821,-4,10
63042,53.21044862652799,-4,10
63043,53.16568769912799,-4,10
63044,53.15673543149093,-4,10
63045,52.99742605962466,-4,10
63046,53.00637941184496,-4,10
63047,53.01533273709493,-4,10
63048,53.147783136489096,-4,10
63049,53.188164387707296,-4,10
63050,53.1792136196602,-4,10
63051,53.27767052734195,-4,10
63052,53.1702628236356,-4,10
63053,53.2687200395885,-4,10
63054,53.30892025238824,-4,10
63055,53.383796971409375,-4,10
63056,53.3748472353675,-4,10
63057,53.36589747096692,-4,10
63058,53.35694767821738,-4,10
63059,53.34799785712856,-4,10
63060,53.33904800771017,-4,10
63061,53.33009812997189,-4,10
63062,53.32114822392341,-4,10
63063,53.3121982895744,-4,10
63064,53.30324832693452,-4,10
63065,53.29429833601336,-4,10
63066,53.28534831682066,-4,10
63067,53.27639826936597,-4,10
63068,53.26744819365896,-4,10
63069,53.37158228143012,-4,10
63070,53.362630645667565,-4,10
63071,53.19711512776745,-4,10
63072,53.2508189798754,-4,10
63073,53.3536789823325,-4,10
63074,53.344727291434,-4,10
63075,53.3357755729812,-4,10
63076,53.32682382698326,-4,10
63077,53.31787205344924,-4,10
63078,53.25976952376317,-4,10
63079,53.16131199964283,-4,10
63080,53.33886428660252,-4,10
63081,53.32991153940682,-4,10
63082,53.15858226607652,-4,10
63083,53.167535131506405,-4,10
63084,53.17648796980966,-4,10
63085,53.28805466002967,-4,10
63086,53.27909787985108,-4,10
63087,53.27014107420914,-4,10
63088,53.26118424311144,-4,10
63089,53.23431359715886,-4,10
63090,53.22535666431326,-4,10
63091,53.079223639144686,-4,10
63092,53.07027010900742,-4,10
63093,53.15236114769129,-4,10
63094,53.14341026779035,-4,10
63095,53.13445935994934,-4,10
63096,53.12550842417766,-4,10
63097,53.08970440197066,-4,10
63098,53.08075332668546,-4,10
63099,53.07180222352548,-4,10
63100,53.02103821013535,-4,10
63101,53.05687031890882,-4,10
63102,53.09270202687697,-4,10
63103,53.10165989118912,-4,10
63104,53.128533333578176,-4,10
63105,53.10486450432772,-4,10
63106,53.095911449256064,-4,10
63107,53.08695836712763,-4,10
63108,53.07800525795105,-4,10
63109,53.294100279512925,-4,10
63110,53.240382577302185,-4,10
63111,53.21352336114111,-4,10
63112,53.2045702350631,-4,10
63113,53.16875746086073,-4,10
63114,53.32242254469829,-4,10
63115,53.15980419988083,-4,10
63116,53.25849808970923,-4,10
63117,53.24954795752637,-4,10
63118,53.195846572070366,-4,10
63119,53.15085091194648,-4,10
63120,53.39274667908285,-4,10
63121,53.12399088650291,-4,10
63122,53.34032315480479,-4,10
63123,53.11503749083694,-4,10
63124,53.0971306187793,-4,10
63125,53.08817714240484,-4,10
63126,53.34927341764076,-4,10
63127,53.3582236523191,-4,10
63128,53.36717385883029,-4,10
63129,53.376124037164686,-4,10
63130,53.385074187312775,-4,10
63131,53.02428603536596,-4,10
63132,53.03323930664943,-4,10
63133,53.3313728638208,-4,10
63134,53.13749109750123,-4,10
63135,53.40169635837816,-4,10
63136,53.41959563179536,-4,10
63137,53.38634391567664,-4,10
63138,53.39529444950342,-4,10
63139,53.40424495529629,-4,10
63140,53.41319543304575,-4,10
63141,53.4221458827423,-4,10
63142,53.341218422227584,-4,10
63143,53.33226198191871,-4,10
63144,53.32330551602329,-4,10
63145,53.29643596489437,-4,10
63146,53.287479396729246,-4,10
63147,53.27852280301574,-4,10
63148,53.26060953897404,-4,10
63149,53.36142701408328,-4,10
63150,53.352469880240434,-4,10
63151,53.34351272110592,-4,10
63152,53.334555536687176,-4,10
63153,53.3255983269916,-4,10
63154,53.31664109202659,-4,10
63155,53.3076838317996,-4,10
63156,53.298726546317965,-4,10
63157,53.24269617283001,-4,10
63158,53.378025204828745,-4,10
63159,53.24313156954214,-4,10
63160,53.37739335382543,-4,10
63161,53.23418056058155,-4,10
63162,53.36844276395927,-4,10
63163,53.35054150021983,-4,10
63164,53.29683703762426,-4,10
63165,53.28788619604799,-4,10
63166,53.27893532655092,-4,10
63167,53.26998442914243,-4,10
63168,53.261033503831925,-4,10
63169,53.25208255062872,-4,10
63170,53.20858145233764,-4,10
63171,53.32368939473463,-4,10
63172,53.33264012453393,-4,10
63173,53.07492688800573,-4,10
63174,53.09283108771079,-4,10
63175,53.10178314636661,-4,10
63176,53.11073517754597,-4,10
63177,53.11968718123986,-4,10
63178,53.12863915743926,-4,10
63179,53.137591106135154,-4,10
63180,53.14654302731851,-4,10
63181,53.155494920980274,-4,10
63182,53.1644467871114,-4,10
63183,53.173398625702845,-4,10
63184,53.18235043674549,-4,10
63185,53.19130222023031,-4,10
63186,53.34159082636547,-4,10
63187,53.359492146087575,-4,10
63188,53.22522952375628,-4,10
63189,53.2162784590756,-4,10
63190,53.20732736654885,-4,10
63191,53.46419989481454,-4,10
63192,53.45524752822436,-4,10
63193,53.446295134390425,-4,10
63194,53.43734271332164,-4,10
63195,53.42839026502689,-4,10
63196,53.4194377895151,-4,10
63197,53.41048528679509,-4,10
63198,53.4252915164701,-4,10
63199,53.4163400463349,-4,10
63200,53.40738854857221,-4,10
63201,53.39843702319121,-4,10
63202,53.38948547020109,-4,10
63203,53.40153275687574,-4,10
63204,53.39258019976595,-4,10
63205,53.34781700666952,-4,10
63206,53.23291780795045,-4,10
63207,53.223967179932174,-4,10
63208,53.2150165238893,-4,10
63209,53.20606583983125,-4,10
63210,53.21229905158109,-4,10
63211,53.20334632187203,-4,10
63212,53.194393565001256,-4,10
63213,53.380533889611016,-4,10
63214,53.24186840793468,-4,10
63215,53.17104168844151,-4,10
63216,53.17999858814439,-4,10
63217,53.18895546238966,-4,10
63218,53.19837624618533,-4,10
63219,53.1894250979943,-4,10
63220,53.1804739219851,-4,10
63221,53.17152271816695,-4,10
63222,53.36449129233551,-4,10
63223,53.373443531621255,-4,10
63224,53.16257148654911,-4,10
63225,53.153620227140856,-4,10
63226,53.14466893995143,-4,10
63227,53.13571762499004,-4,10
63228,53.32445566452983,-4,10
63229,53.4106460092856,-4,10
63230,53.333412503529566,-4,10
63231,53.35132610522803,-4,10
63232,53.36028286791165,-4,10
63233,53.36923960514147,-4,10
63234,53.37819631690992,-4,10
63235,53.39610966403249,-4,10
63236,53.36907441009775,-4,10
63237,53.23373945148855,-4,10
63238,53.224782704644255,-4,10
63239,53.21582593230468,-4,10
63240,53.206869134477344,-4,10
63241,53.19791231116982,-4,10
63242,53.34236931709816,-4,10
63243,53.10697516639655,-4,10
63244,53.14644883630893,-4,10
63245,53.16436423854903,-4,10
63246,53.30654191026685,-4,10
63247,53.29758499501869,-4,10
63248,53.28862805436941,-4,10
63249,53.27071409689747,-4,10
63250,53.22897187599027,-4,10
63251,53.23792412490888,-4,10
63252,53.246876346465065,-4,10
63253,53.25582854064983,-4,10
63254,53.264780707454285,-4,10
63255,53.41128617567799,-4,10
63256,53.402336317157854,-4,10
63257,53.39338643033632,-4,10
63258,53.384436515223065,-4,10
63259,53.12676628226594,-4,10
63260,53.22063660788026,-4,10
63261,53.117814911788365,-4,10
63262,53.1088635135665,-4,10
63263,53.09991208760952,-4,10
63264,53.18172679053179,-4,10
63265,53.17277518130172,-4,10
63266,53.16382354443949,-4,10
63267,53.15487187995422,-4,10
63268,53.14592018785505,-4,10
63269,53.3154988001064,-4,10
63270,53.13696846815108,-4,10
63271,52.93753233744804,-4,10
63272,52.955435350055446,-4,10
63273,53.37033208872552,-4,10
63274,53.37928329138356,-4,10
63275,53.111973683012,-4,10
63276,53.034736340010696,-4,10
63277,53.02578550509431,-4,10
63278,53.01683464219128,-4,10
63279,53.007883751311006,-4,10
63280,52.998932832462806,-4,10
63281,52.98998188565604,-4,10
63282,52.98103091090004,-4,10
63283,52.97207990820412,-4,10
63284,52.9631288775776,-4,10
63285,53.388234466281865,-4,10
63286,53.39718561341115,-4,10
63287,53.19962992605892,-4,10
63288,53.10302125131986,-4,10
63289,52.982289660852125,-4,10
63290,53.08511630601032,-4,10
63291,53.07616379241068,-4,10
63292,53.00454270210456,-4,10
63293,52.995589943260015,-4,10
63294,53.19067837212058,-4,10
63295,52.964386814745446,-4,10
63296,52.94648385761993,-4,10
63297,53.12801672085139,-4,10
63298,53.39134792819293,-4,10
63299,53.11906494596513,-4,10
63300,53.23480914394304,-4,10
63301,53.24376035649624,-4,10
63302,53.31283617697338,-4,10
63303,53.30388600766862,-4,10
63304,53.29493581016843,-4,10
63305,53.285985584482376,-4,10
63306,53.27703533062,-4,10
63307,53.268085048590905,-4,10
63308,53.25913473840463,-4,10
63309,53.25018440007067,-4,10
63310,53.24123403359862,-4,10
63311,53.23228363899795,-4,10
63312,53.22333321627821,-4,10
63313,53.21438276544889,-4,10
63314,53.20543228651948,-4,10
63315,53.19648177949946,-4,10
63316,53.18753124439831,-4,10
63317,53.1785806812255,-4,10
63318,53.16963008999052,-4,10
63319,53.16067947070275,-4,10
63320,53.151728823371705,-4,10
63321,53.31473863697697,-4,10
63322,53.13382744461737,-4,10
63323,53.22585790360948,-4,10
63324,53.21690663550479,-4,10
63325,53.20795533963819,-4,10
63326,53.32178631807308,-4,10
63327,53.40030008546093,-4,10
63328,53.40925221537175,-4,10
63329,53.110113143501366,-4,10
63330,53.10116131346912,-4,10
63331,53.09220945587754,-4,10
63332,53.07430565805247,-4,10
63333,53.06535371783711,-4,10
63334,53.04744975484586,-4,10
63335,53.03849773208799,-4,10
63336,53.02954568183404,-4,10
63337,53.02059360409293,-4,10
63338,52.99124104225043,-4,10
63339,53.01164149887368,-4,10
63340,52.99373720603673,-4,10
63341,52.98478501843693,-4,10
63342,52.97583280339489,-4,10
63343,52.96688056091952,-4,10
63344,52.9579282910198,-4,10
63345,53.37548657182775,-4,10
63346,53.36653660016004,-4,10
63347,53.3575866002296,-4,10
63348,53.34863657204605,-4,10
63349,53.33968651561902,-4,10
63350,53.330736430958176,-4,10
63351,53.00268936618529,-4,10
63352,53.15540654999393,-4,10
63353,53.000192395866456,-4,10
63354,53.02704628992869,-4,10
63355,53.324948772755576,-4,10
63356,53.136343974383934,-4,10
63357,53.1452954920139,-4,10
63358,53.15424698195558,-4,10
63359,53.16319844419986,-4,10
63360,53.17214987873753,-4,10
63361,53.18110128555941,-4,10
63362,53.13883081413135,-4,10
63363,53.129878464426646,-4,10
63364,53.1209260873839,-4,10
63365,53.21639970604947,-4,10
63366,53.19005266465628,-4,10
63367,53.18689624252381,-4,10
63368,53.17794588482062,-4,10
63369,53.16899549897034,-4,10
63370,53.20744272237497,-4,10
63371,53.19848571329728,-4,10
63372,53.18952867882388,-4,10
63373,53.18057161896223,-4,10
63374,53.17161453371979,-4,10
63375,53.16265742310407,-4,10
63376,53.15370028712246,-4,10
63377,53.07308492305096,-4,10
63378,53.30829750672498,-4,10
63379,53.06412753381922,-4,10
63380,53.29934587993446,-4,10
63381,53.28144254358467,-4,10
63382,53.21753295094761,-4,10
63383,53.226484421879626,-4,10
63384,53.23543586512452,-4,10
63385,53.24438728067312,-4,10
63386,53.2533386685162,-4,10
63387,53.26229002864457,-4,10
63388,53.27124136104897,-4,10
63389,53.28019266572026,-4,10
63390,53.28914394264911,-4,10
63391,53.29809519182634,-4,10
63392,53.307046413242674,-4,10
63393,53.18544078097754,-4,10
63394,53.31599760688884,-4,10
63395,53.174020211784594,-4,10
63396,53.18297222404415,-4,10
63397,53.20982809593896,-4,10
63398,53.21877999824585,-4,10
63399,53.22773187304196,-4,10
63400,53.236683720318254,-4,10
63401,53.24563554006565,-4,10
63402,53.254587332275065,-4,10
63403,53.26353909693745,-4,10
63404,53.27249083404367,-4,10
63405,53.29039422555129,-4,10
63406,53.19900401601895,-4,10
63407,53.3172491059138,-4,10
63408,53.326200677491705,-4,10
63409,53.30767289362403,-4,10
63410,53.31662429034118,-4,10
63411,53.06158867674643,-4,10
63412,53.052637925846135,-4,10
63413,53.04368714693111,-4,10
63414,53.3255756593633,-4,10
63415,53.33452700068118,-4,10
63416,53.34347831428556,-4,10
63417,53.39402430926493,-4,10
63418,53.40297440301154,-4,10
63419,53.41192446854298,-4,10
63420,53.35242960016726,-4,10
63421,53.12154275794333,-4,10
63422,53.11259015412375,-4,10
63423,53.10363752306614,-4,10
63424,53.09468486477935,-4,10
63425,53.08573217927221,-4,10
63426,53.076779466553496,-4,10
63427,53.06782672663205,-4,10
63428,53.0588739595166,-4,10
63429,53.36138085831698,-4,10
63430,53.00515678624198,-4,10
63431,53.03599753232342,-4,10
63432,53.38239574357674,-4,10
63433,53.29872146922103,-4,10
63434,53.28977001714142,-4,10
63435,53.28081853739437,-4,10
63436,53.06285109249999,-4,10
63437,53.41820431791636,-4,10
63438,53.05389993361831,-4,10
63439,53.04494874688972,-4,10
63440,53.33389991083362,-4,10
63441,53.13944788383316,-4,10
63442,53.20025397614823,-4,10
63443,53.20920570449012,-4,10
63444,53.218157405246885,-4,10
63445,53.227109078409406,-4,10
63446,53.236060723968585,-4,10
63447,53.00914372169101,-4,10
63448,53.24501234191528,-4,10
63449,53.26291549493467,-4,10
63450,53.160045084982464,-4,10
63451,53.1510946428665,-4,10
63452,53.142144172631966,-4,10
63453,53.11529259331157,-4,10
63454,53.10634201069742,-4,10
63455,53.09739140001198,-4,10
63456,53.08844076126476,-4,10
63457,53.07949009446514,-4,10
63458,53.070539399622575,-4,10
63459,53.27186702998907,-4,10
63460,53.25396393224035,-4,10
63461,53.09406879231634,-4,10
63462,53.09438772210012,-4,10
63463,53.05254462732078,-4,10
63464,53.23413304987472,-4,10
63465,53.24308111681147,-4,10
63466,53.25202915465738,-4,10
63467,53.22490352256026,-4,10
63468,53.215949637591926,-4,10
63469,53.206995725942605,-4,10
63470,53.198041787620745,-4,10
63471,53.18908782263477,-4,10
63472,53.18013383099308,-4,10
63473,53.171179812704125,-4,10
63474,53.1622257677763,-4,10
63475,53.15327169621795,-4,10
63476,53.14431759803749,-4,10
63477,53.225184953857365,-4,10
63478,53.13536347324331,-4,10
63479,53.11745514384723,-4,10
63480,53.10850093926204,-4,10
63481,53.00212249881057,-4,10
63482,53.01107152831726,-4,10
63483,53.02002052908201,-4,10
63484,53.02896950109493,-4,10
63485,53.03791844434603,-4,10
63486,53.0468673588254,-4,10
63487,53.055816244523086,-4,10
63488,53.06476510142914,-4,10
63489,53.073713929533575,-4,10
63490,53.082662728826406,-4,10
63491,53.091611499297656,-4,10
63492,53.12640932184378,-4,10
63493,53.127406292766736,-4,10
63494,53.21623682876962,-4,10
63495,53.19834049142377,-4,10
63496,53.13354677301182,-4,10
63497,53.12458736123151,-4,10
63498,53.25137201991795,-4,10
63499,53.0104219516778,-4,10
63500,53.01937074258692,-4,10
63501,53.02831950465798,-4,10
63502,53.037268237880966,-4,10
63503,53.04621694224587,-4,10
63504,53.05516561774271,-4,10
63505,53.06411426436143,-4,10
63506,53.07306288209203,-4,10
63507,53.08201147092441,-4,10
63508,53.135702396493336,-4,10
63509,53.20728867462169,-4,10
63510,53.32339449384794,-4,10
63511,53.30548728523618,-4,10
63512,53.29653364077741,-4,10
63513,53.28757996956142,-4,10
63514,53.27862627159667,-4,10
63515,53.260718795455006,-4,10
63516,53.25176501729504,-4,10
63517,53.242811212420285,-4,10
63518,53.23385738083921,-4,10
63519,53.15359914004066,-4,10
63520,53.16254746833587,-4,10
63521,53.171495767631946,-4,10
63522,53.18044403791873,-4,10
63523,53.18939227918607,-4,10
63524,53.31444090292921,-4,10
63525,53.142506160354856,-4,10
63526,53.154252084751086,-4,10
63527,53.17214913491486,-4,10
63528,53.19964663687431,-4,10
63529,53.20859524283611,-4,10
63530,53.21754381992282,-4,10
63531,53.22649236812431,-4,10
63532,53.235440887430535,-4,10
63533,53.24438937783142,-4,10
63534,53.25333783931688,-4,10
63535,53.36071711804867,-4,10
63536,53.40545725067464,-4,10
63537,52.994466221213386,-4,10
63538,53.003415697050265,-4,10
63539,53.012365144326544,-4,10
63540,53.061833912068735,-4,10
63541,53.190698002047455,-4,10
63542,53.07079055924268,-4,10
63543,53.14244281447734,-4,10
63544,53.15139923099751,-4,10
63545,53.16035562185125,-4,10
63546,53.16931198703086,-4,10
63547,53.17826832652867,-4,10
63548,53.187224640336986,-4,10
63549,53.19618092844812,-4,10
63550,53.20513719085436,-4,10
63551,53.214093427548015,-4,10
63552,53.22304963852131,-4,10
63553,53.23200582376656,-4,10
63554,53.24096198327602,-4,10
63555,53.24991811704195,-4,10
63556,53.08870377678992,-4,10
63557,53.163200624288926,-4,10
63558,53.181749338365584,-4,10
63559,53.16385192447699,-4,10
63560,53.181097616618814,-4,10
63561,53.19004606939068,-4,10
63562,53.19899449322034,-4,10
63563,53.20794288809771,-4,10
63564,53.21689125401262,-4,10
63565,53.22583959095498,-4,10
63566,53.23478789891463,-4,10
63567,53.24373617788144,-4,10
63568,53.39585247452459,-4,10
63569,53.141956371157946,-4,10
63570,53.132997161805,-4,10
63571,53.12403792794119,-4,10
63572,53.1150786695733,-4,10
63573,53.17280064583876,-4,10
63574,52.99382075323489,-4,10
63575,53.01171925925393,-4,10
63576,53.02066846928433,-4,10
63577,53.029617650648845,-4,10
63578,53.03856680333761,-4,10
63579,53.04751592734072,-4,10
63580,53.056465022648325,-4,10
63581,53.06541408925052,-4,10
63582,53.07436312713737,-4,10
63583,53.08331213629898,-4,10
63584,53.09226111672544,-4,10
63585,53.128056750880766,-4,10
63586,53.1370055874822,-4,10
63587,53.1549031742903,-4,10
63588,53.002770020567496,-4,10
63589,53.2588742250566,-4,10
63590,53.15146552325383,-4,10
63591,53.34130159532848,-4,10
63592,53.232157341256745,-4,10
63593,53.241104768528686,-4,10
63594,53.25005216644493,-4,10
63595,53.258999534995,-4,10
63596,53.26794687416847,-4,10
63597,53.27689418395491,-4,10
63598,53.51141370310295,-4,10
63599,53.50246067642734,-4,10
63600,53.49350762279656,-4,10
63601,53.48455454221932,-4,10
63602,53.47560143470429,-4,10
63603,53.466648300260175,-4,10
63604,53.45769513889563,-4,10
63605,53.223209884639495,-4,10
63606,53.44874195061933,-4,10
63607,53.43083549336604,-4,10
63608,53.42188222440636,-4,10
63609,53.412928928569485,-4,10
63610,53.40397560586402,-4,10
63611,53.39502225629862,-4,10
63612,53.38606887988186,-4,10
63613,53.377115476622365,-4,10
63614,53.3681620465287,-4,10
63615,53.01806563136596,-4,10
63616,53.0359622831788,-4,10
63617,53.04491056554309,-4,10
63618,53.05385881886581,-4,10
63619,53.13439179022031,-4,10
63620,53.439788735439926,-4,10
63621,53.14333975256714,-4,10
63622,53.21426239868737,-4,10
63623,53.19636733882005,-4,10
63624,53.13307376997398,-4,10
63625,53.14202130603256,-4,10
63626,53.15096881276144,-4,10
63627,53.15991629015029,-4,10
63628,53.16886373818868,-4,10
63629,53.1778111568662,-4,10
63630,53.18675854617244,-4,10
63631,53.19570590609695,-4,10
63632,53.2046532366293,-4,10
63633,53.213600537759056,-4,10
63634,53.22254780947575,-4,10
63635,53.23149505176893,-4,10
63636,53.240442264628086,-4,10
63637,53.205314883410765,-4,10
63638,53.24938944804275,-4,10
63639,53.26728372649659,-4,10
63640,53.27623082151473,-4,10
63641,53.035306535267054,-4,10
63642,53.04425460574542,-4,10
63643,53.106890282917526,-4,10
63644,53.12478592803113,-4,10
63645,53.13373370676161,-4,10
63646,53.14268145626074,-4,10
63647,53.15162917651829,-4,10
63648,53.16057686752387,-4,10
63649,53.1695245292672,-4,10
63650,53.17847216173791,-4,10
63651,53.18741976492565,-4,10
63652,53.258336602002416,-4,10
63653,53.33234805798389,-4,10
63654,53.152287685760186,-4,10
63655,53.17018346464382,-4,10
63656,53.38367220859661,-4,10
63657,53.392627739594005,-4,10
63658,53.40158324463592,-4,10
63659,53.41949417682163,-4,10
63660,53.428449603949474,-4,10
63661,53.43740500509006,-4,10
63662,53.44636038023544,-4,10
63663,53.4553157293776,-4,10
63664,53.01871910996083,-4,10
63665,53.04556467776424,-4,10
63666,53.05451314246939,-4,10
63667,53.06346157820974,-4,10
63668,53.07240998497515,-4,10
63669,53.37471665165163,-4,10
63670,53.13504802018559,-4,10
63671,53.1529443403224,-4,10
63672,53.16189245678129,-4,10
63673,53.17084054415359,-4,10
63674,53.17978860242903,-4,10
63675,53.18873663159743,-4,10
63676,53.19768463164855,-4,10
63677,53.206632602572135,-4,10
63678,53.21558054435796,-4,10
63679,53.22452845699569,-4,10
63680,53.23347634047514,-4,10
63681,53.24242419478599,-4,10
63682,53.359208589609466,-4,10
63683,53.35025510587318,-4,10
63684,53.1439961947871,-4,10
63685,53.16123558978915,-4,10
63686,53.36576106876707,-4,10
63687,53.34784982521068,-4,10
63688,53.17913131031388,-4,10
63689,53.18807912678905,-4,10
63690,53.19702691405902,-4,10
63691,53.20597467211351,-4,10
63692,53.21492240094217,-4,10
63693,53.22387010053469,-4,10
63694,53.23281777088073,-4,10
63695,53.241765411969936,-4,10
63696,53.25071302379197,-4,10
63697,53.09708155928251,-4,10
63698,53.141863089288286,-4,10
63699,53.15081931811132,-4,10
63700,53.1597755211903,-4,10
63701,53.35680545995079,-4,10
63702,53.16873169851746,-4,10
63703,53.18664397588549,-4,10
63704,53.19560007591084,-4,10
63705,53.213512198605365,-4,10
63706,53.22246822125901,-4,10
63707,53.23142421810652,-4,10
63708,53.240380189140105,-4,10
63709,53.24933613435198,-4,10
63710,53.26724794727931,-4,10
63711,53.27620381497915,-4,10
63712,53.285159656825975,-4,10
63713,53.320982765526544,-4,10
63714,53.32993847799069,-4,10
63715,53.338894164554695,-4,10
63716,53.17768785008512,-4,10
63717,53.12412620459609,-4,10
63718,53.267830307312224,-4,10
63719,53.32156625947084,-4,10
63720,53.07694141594209,-4,10
63721,53.08589125866016,-4,10
63722,53.09484107298637,-4,10
63723,53.50123864516681,-4,10
63724,53.49228598837808,-4,10
63725,53.48333330447688,-4,10
63726,53.47438059347202,-4,10
63727,53.10379085891103,-4,10
63728,53.112740616424425,-4,10
63729,53.12169034551689,-4,10
63730,53.13064004617869,-4,10
63731,53.13958971840014,-4,10
63732,53.14853936217147,-4,10
63733,53.06799154484182,-4,10
63734,53.202236626801486,-4,10
63735,53.22013548696823,-4,10
63736,53.22908487424938,-4,10
63737,53.23803423298267,-4,10
63738,53.46542785537231,-4,10
63739,53.456475090186565,-4,10
63740,53.44752229792356,-4,10
63741,53.43856947859207,-4,10
63742,53.42961663220085,-4,10
63743,53.42066375875869,-4,10
63744,53.41171085827432,-4,10
63745,53.40275793075651,-4,10
63746,53.39380497621397,-4,10
63747,53.38485199465544,-4,10
63748,53.21118607114898,-4,10
63749,53.375898986089645,-4,10
63750,53.04114176134436,-4,10
63751,53.0142917227544,-4,10
63752,53.10314843951381,-4,10
63753,53.11209798926952,-4,10
63754,53.12104751051864,-4,10
63755,53.12999700325137,-4,10
63756,53.13894646745796,-4,10
63757,53.16579468882284,-4,10
63758,53.17474403882681,-4,10
63759,53.19264265309929,-4,10
63760,53.20159191734815,-4,10
63761,53.21054115299224,-4,10
63762,53.21949036002173,-4,10
63763,53.22843953842671,-4,10
63764,53.23738868819736,-4,10
63765,53.02324176394528,-4,10
63766,53.24633780932372,-4,10
63767,53.264235965604,-4,10
63768,53.32687860883177,-4,10
63769,53.33582744296919,-4,10
63770,53.34477624835291,-4,10
63771,53.35372502497283,-4,10
63772,53.36267377281904,-4,10
63773,53.37162249188143,-4,10
63774,53.38057118215,-4,10
63775,53.389519843614686,-4,10
63776,53.39846847626545,-4,10
63777,53.40741708009221,-4,10
63778,53.41636565508489,-4,10
63779,53.00534165324876,-4,10
63780,53.25528690179591,-4,10
63781,53.09419886126126,-4,10
63782,53.36694595052529,-4,10
63783,53.27741411187139,-4,10
63784,53.16989041495263,-4,10
63785,53.18780344300163,-4,10
63786,53.19675991860056,-4,10
63787,53.21467279290906,-4,10
63788,53.22362919160332,-4,10
63789,53.232585564647344,-4,10
63790,53.24154191203346,-4,10
63791,53.25049823375401,-4,10
63792,53.25945452980128,-4,10
63793,53.26841080016758,-4,10
63794,53.32214788263279,-4,10
63795,53.33110397301608,-4,10
63796,53.34006003765651,-4,10
63797,53.16093386251788,-4,10
63798,53.34901607654636,-4,10
63799,53.36692807704315,-4,10
63800,53.37588403863453,-4,10
63801,53.38483997444417,-4,10
63802,53.40275176868701,-4,10
63803,53.42961926649291,-4,10
63804,52.97017856198278,-4,10
63805,52.988079310910486,-4,10
63806,52.997029643076914,-4,10
63807,53.00597994703239,-4,10
63808,53.01493022276737,-4,10
63809,53.02388047027232,-4,10
63810,53.03283068953772,-4,10
63811,53.04178088055397,-4,10
63812,53.35797208967782,-4,10
63813,53.286367416944096,-4,10
63814,53.09823727919319,-4,10
63815,53.08032373966645,-4,10
63816,53.26846077989543,-4,10
63817,53.25950742102476,-4,10
63818,53.25055403526804,-4,10
63819,53.24160062263381,-4,10
63820,53.2326471831307,-4,10
63821,53.22369371676728,-4,10
63822,53.29314790925938,-4,10
63823,53.18564509969836,-4,10
63824,53.17668637151618,-4,10
63825,53.10501565767878,-4,10
63826,53.09605670750553,-4,10
63827,53.07813873327269,-4,10
63828,53.033343367007866,-4,10
63829,53.08928052219779,-4,10
63830,53.24698356315823,-4,10
63831,53.3185771753021,-4,10
63832,53.32752624801428,-4,10
63833,53.3364752920699,-4,10
63834,53.34542430745906,-4,10
63835,53.35437329417178,-4,10
63836,53.36332225219814,-4,10
63837,53.37227118152814,-4,10
63838,53.38122008215184,-4,10
63839,53.39016895405922,-4,10
63840,53.39911779724035,-4,10
63841,53.40806661168519,-4,10
63842,53.41701539738367,-4,10
63843,53.42596415432589,-4,10
63844,53.25593286476623,-4,10
63845,53.312610331932746,-4,10
63846,53.08524925452161,-4,10
63847,53.04050079385792,-4,10
63848,53.35242287989264,-4,10
63849,53.36137120558003,-4,10
63850,53.37031950230798,-4,10
63851,53.37926777006636,-4,10
63852,53.38821600884496,-4,10
63853,53.39716421863363,-4,10
63854,53.40611239942213,-4,10
63855,53.510803430017454,-4,10
63856,53.50185060154316,-4,10
63857,53.49289774603076,-4,10
63858,53.483944863489015,-4,10
63859,53.47499195392669,-4,10
63860,53.46603901735249,-4,10
63861,53.343474525256006,-4,10
63862,53.45708605377521,-4,10
63863,53.43918004564616,-4,10
63864,53.43022700111184,-4,10
63865,53.421273929609285,-4,10
63866,53.41232083114712,-4,10
63867,53.40336770573406,-4,10
63868,53.39441455337881,-4,10
63869,53.38546137409001,-4,10
63870,53.37650816787634,-4,10
63871,53.36755493474639,-4,10
63872,53.35860167470888,-4,10
63873,53.34964838777238,-4,10
63874,53.34069507394555,-4,10
63875,53.331741733237,-4,10
63876,53.44813306320353,-4,10
63877,53.32278836565536,-4,10
63878,53.253989388908245,-4,10
63879,53.236092015258514,-4,10
63880,53.330522161195375,-4,10
63881,53.33947803709854,-4,10
63882,53.34843388717256,-4,10
63883,53.35738971140952,-4,10
63884,53.36634550980164,-4,10
63885,53.37530128234106,-4,10
63886,53.38425702901991,-4,10
63887,53.39321274983035,-4,10
63888,53.4021684447645,-4,10
63889,53.42007975697242,-4,10
63890,53.42903537423041,-4,10
63891,53.02131456303248,-4,10
63892,53.03026395315828,-4,10
63893,53.24504071649744,-4,10
63894,53.039213314694095,-4,10
63895,53.07501047474143,-4,10
63896,53.08395969318007,-4,10
63897,53.09290888296972,-4,10
63898,53.10185804410053,-4,10
63899,53.1376544018374,-4,10
63900,53.15555240849536,-4,10
63901,53.16450136873698,-4,10
63902,53.17345030024043,-4,10
63903,53.18239920299577,-4,10
63904,53.20029692222221,-4,10
63905,53.20924573867336,-4,10
63906,53.21819452633646,-4,10
63907,53.22714328520153,-4,10
63908,53.06606122766368,-4,10
63909,53.07629961930463,-4,10
63910,53.31383497120916,-4,10
63911,53.28697462676941,-4,10
63912,53.11145350926189,-4,10
63913,53.12040282207461,-4,10
63914,53.12935210628503,-4,10
63915,53.13830136188327,-4,10
63916,53.15619978720376,-4,10
63917,53.16514895690629,-4,10
63918,53.1740980979572,-4,10
63919,53.19199629406445,-4,10
63920,53.200945349101,-4,10
63921,53.20989437544628,-4,10
63922,53.21884337309036,-4,10
63923,53.22779234202328,-4,10
63924,53.23674128223513,-4,10
63925,53.10250416785666,-4,10
63926,53.2456901937159,-4,10
63927,53.26358793044442,-4,10
63928,53.33517772611808,-4,10
63929,53.34412632089726,-4,10
63930,53.35307488682514,-4,10
63931,53.36202342389164,-4,10
63932,53.370971932086654,-4,10
63933,53.37992041140007,-4,10
63934,53.38886886182181,-4,10
63935,53.39781728334172,-4,10
63936,53.406765675949664,-4,10
63937,53.415714039635525,-4,10
63938,53.02260121052319,-4,10
63939,53.03155101640009,-4,10
63940,53.25463907645566,-4,10
63941,53.29592810175762,-4,10
63942,53.09355479786874,-4,10
63943,53.075655972184215,-4,10
63944,53.278021124951,-4,10
63945,53.26906759631095,-4,10
63946,53.260114040857815,-4,10
63947,53.25116045860013,-4,10
63948,53.24220684954645,-4,10
63949,53.23325321370527,-4,10
63950,53.22429955108511,-4,10
63951,53.2153458616945,-4,10
63952,53.177240598711045,-4,10
63953,53.13244569086928,-4,10
63954,53.12348663551942,-4,10
63955,53.20639214554193,-4,10
63956,53.19743840263588,-4,10
63957,53.084605399308,-4,10
63958,53.18848463298489,-4,10
63959,53.17057701348182,-4,10
63960,53.16162316364669,-4,10
63961,53.15266928710045,-4,10
63962,53.14371538385152,-4,10
63963,53.134761453908354,-4,10
63964,53.125807497279375,-4,10
63965,53.11685351397304,-4,10
63966,53.10789950399767,-4,10
63967,53.004059528098125,-4,10
63968,53.01300918337432,-4,10
63969,53.02195881016558,-4,10
63970,53.0309084084622,-4,10
63971,53.03985797825443,-4,10
63972,53.179530836597365,-4,10
63973,53.05073104331155,-4,10
63974,53.1151786099093,-4,10
63975,53.09728333265038,-4,10
63976,53.42369585093956,-4,10
63977,53.40578805563313,-4,10
63978,53.39683411805372,-4,10
63979,53.38788015386808,-4,10
63980,53.37892616308462,-4,10
63981,53.36101810175789,-4,10
63982,53.35206403123139,-4,10
63983,53.34310993414068,-4,10
63984,53.33415581049408,-4,10
63985,53.32520166029999,-4,10
63986,53.31624748356676,-4,10
63987,53.30729328030273,-4,10
63988,53.280430511409314,-4,10
63989,53.4326497086497,-4,10
63990,53.27147620210547,-4,10
63991,53.25356750403864,-4,10
63992,53.2446131152922,-4,10
63993,53.23565870008152,-4,10
63994,53.19984077476141,-4,10
63995,53.19088622735333,-4,10
63996,53.18193165353053,-4,10
63997,53.17297705330124,-4,10
63998,53.15506777365605,-4,10
63999,53.14611309425656,-4,10
64000,53.11029411300399,-4,10
64001,53.12220136016576,-4,10
64002,53.14906842452466,-4,10
64003,53.15802406069814,-4,10
64004,53.26252186631248,-4,10
64005,53.166979670885375,-4,10
64006,53.44160353971988,-4,10
64007,53.459511121906495,-4,10
64008,53.318630084876496,-4,10
64009,53.3275850342845,-4,10
64010,53.336539957474805,-4,10
64011,53.34549485443935,-4,10
64012,53.35444972516994,-4,10
64013,53.3634045696585,-4,10
64014,53.37235938789685,-4,10
64015,53.38131417987684,-4,10
64016,53.39026894559033,-4,10
64017,53.40817839818511,-4,10
64018,53.41713308505003,-4,10
64019,53.42608774561576,-4,10
64020,53.43504237987404,-4,10
64021,53.45055734414163,-4,10
64022,53.4439969878167,-4,10
64023,53.461906124722304,-4,10
64024,53.470860653668765,-4,10
64025,53.47981515626672,-4,10
64026,53.25274853646118,-4,10
64027,53.24378855752138,-4,10
64028,53.23482855443021,-4,10
64029,53.2258685271942,-4,10
64030,53.54904743155832,-4,10
64031,53.540093920829655,-4,10
64032,53.53114038335902,-4,10
64033,53.52218681915497,-4,10
64034,53.51323322822599,-4,10
64035,53.468464873006,-4,10
64036,53.452951569435534,-4,10
64037,53.309675109258926,-4,10
64038,53.17593525507844,-4,10
64039,53.193846345450375,-4,10
64040,53.5215819968241,-4,10
64041,53.51262860236148,-4,10
64042,53.50367518110024,-4,10
64043,53.47681475661063,-4,10
64044,53.46786122824068,-4,10
64045,53.45890767311492,-4,10
64046,53.449954091241935,-4,10
64047,53.441000482630216,-4,10
64048,53.4320468472883,-4,10
64049,53.42309318522473,-4,10
64050,53.414139496448016,-4,10
64051,53.40518578096658,-4,10
64052,53.09591841667047,-4,10
64053,53.53053536447949,-4,10
64054,53.14965391472886,-4,10
64055,53.16756554029849,-4,10
64056,53.17652131421367,-4,10
64057,53.18547706220527,-4,10
64058,53.194432784265445,-4,10
64059,53.20338848038628,-4,10
64060,53.21234415055991,-4,10
64061,53.22129979477843,-4,10
64062,53.23025541303394,-4,10
64063,53.23921100531855,-4,10
64064,53.25712211194334,-4,10
64065,53.27503311458936,-4,10
64066,53.2839885769005,-4,10
64067,53.29294401319312,-4,10
64068,53.15860974046761,-4,10
64069,53.18489081326942,-4,10
64070,53.2253264634215,-4,10
64071,53.24324614222222,-4,10
64072,53.202801851613394,-4,10
64073,53.2117573317505,-4,10
64074,53.22071278585377,-4,10
64075,53.22966821391523,-4,10
64076,53.26548966558351,-4,10
64077,53.27444496331626,-4,10
64078,53.28340023495928,-4,10
64079,53.29235548050457,-4,10
64080,53.30131069994408,-4,10
64081,53.31026589326981,-4,10
64082,53.31922106047372,-4,10
64083,53.32817620154774,-4,10
64084,53.33713131648385,-4,10
64085,53.23428631493075,-4,10
64086,53.34608640527399,-4,10
64087,53.36399650438399,-4,10
64088,53.37295151468773,-4,10
64089,53.38190649881316,-4,10
64090,53.39086145675219,-4,10
64091,53.39981638849673,-4,10
64092,53.40877129403864,-4,10
64093,53.41772617336982,-4,10
64094,53.426681026482136,-4,10
64095,53.4356358533674,-4,10
64096,53.44459065401753,-4,10
64097,53.45354542842436,-4,10
64098,53.46250017657972,-4,10
64099,53.480409594103314,-4,10
64100,53.355041467910056,-4,10
64101,53.30189942345923,-4,10
64102,53.30072010743989,-4,10
64103,53.28281002522983,-4,10
64104,53.03983799239241,-4,10
64105,53.460712382088765,-4,10
64106,53.46966652332155,-4,10
64107,53.22694705497825,-4,10
64108,53.23536892678718,-4,10
64109,53.22640872442509,-4,10
64110,53.540697251806186,-4,10
64111,53.20956234533769,-4,10
64112,53.21852294398532,-4,10
64113,53.040426768485496,-4,10
64114,53.05833787914688,-4,10
64115,53.129981278918486,-4,10
64116,53.14789186782394,-4,10
64117,53.12939059518944,-4,10
64118,53.15684712307707,-4,10
64119,53.174757555144,-4,10
64120,53.19266788257155,-4,10
64121,53.21057810529537,-4,10
64122,53.25535320360224,-4,10
64123,53.264308144598445,-4,10
64124,53.27326305935399,-4,10
64125,53.282217947860765,-4,10
64126,53.291172810110666,-4,10
64127,53.3001276460955,-4,10
64128,53.30908245580716,-4,10
64129,53.31803723923748,-4,10
64130,53.32699199637828,-4,10
64131,53.3359467272214,-4,10
64132,53.165802352186425,-4,10
64133,53.34490143175867,-4,10
64134,53.1383457115092,-4,10
64135,53.156255865520464,-4,10
64136,53.45175821435363,-4,10
64137,53.44280402012453,-4,10
64138,53.43384979940977,-4,10
64139,53.42489555221773,-4,10
64140,53.41594127855669,-4,10
64141,53.40698697843501,-4,10
64142,53.39803265186097,-4,10
64143,53.38907829884289,-4,10
64144,53.38012391938906,-4,10
64145,53.37116951350775,-4,10
64146,53.36221508120725,-4,10
64147,53.35326062249583,-4,10
64148,53.34430613738178,-4,10
64149,53.14730080162223,-4,10
64150,53.335351625873294,-4,10
64151,53.31744252370611,-4,10
64152,53.30848793306389,-4,10
64153,53.29953331606018,-4,10
64154,53.29057867270324,-4,10
64155,53.28162400300123,-4,10
64156,53.27266930696239,-4,10
64157,53.26371458459487,-4,10
64158,53.25475983590691,-4,10
64159,53.24580506090661,-4,10
64160,53.201030791506376,-4,10
64161,53.18312089984544,-4,10
64162,53.17416591464016,-4,10
64163,53.16521090319579,-4,10
64164,53.32639708797866,-4,10
64165,53.2917650794275,-4,10
64166,53.35385610998192,-4,10
64167,53.371765387453486,-4,10
64168,53.28102819080074,-4,10
64169,53.27207368782957,-4,10
64170,53.26311915844962,-4,10
64171,53.25416460266912,-4,10
64172,53.24521002049632,-4,10
64173,53.200436714035305,-4,10
64174,53.18252720699208,-4,10
64175,53.17357241397631,-4,10
64176,53.164617594641975,-4,10
64177,53.15566274899725,-4,10
64178,53.14670787705025,-4,10
64179,53.13775297880916,-4,10
64180,53.47921883752974,-4,10
64181,53.298937117483696,-4,10
64182,53.12879805428212,-4,10
64183,53.0482025520077,-4,10
64184,53.094747852520726,-4,10
64185,53.15743652151887,-4,10
64186,53.21009659569822,-4,10
64187,53.16639194146555,-4,10
64188,53.175347335339374,-4,10
64189,53.18430270313237,-4,10
64190,53.19325804483652,-4,10
64191,53.20221336044386,-4,10
64192,53.21116864994637,-4,10
64193,53.220123913336046,-4,10
64194,53.26489983831095,-4,10
64195,53.27385494485497,-4,10
64196,53.05715771274386,-4,10
64197,53.36281076188293,-4,10
64198,53.30789154117896,-4,10
64199,53.32580030923573,-4,10
64200,53.380719986685406,-4,10
64201,53.38967455957047,-4,10
64202,53.39862910610043,-4,10
64203,53.40758362626706,-4,10
64204,53.41653812006214,-4,10
64205,53.425492587477386,-4,10
64206,53.43444702850457,-4,10
64207,53.44340144313542,-4,10
64208,53.45235583136164,-4,10
64209,53.46131019317496,-4,10
64210,53.47026452856709,-4,10
64211,53.5317435183112,-4,10
64212,53.469066638083824,-4,10
64213,53.316845938432415,-4,10
64214,53.46011269161527,-4,10
64215,53.44220471893543,-4,10
64216,53.43325069274092,-4,10
64217,53.42429663998791,-4,10
64218,53.41534256068479,-4,10
64219,53.40638845483989,-4,10
64220,53.39743432246164,-4,10
64221,53.38848016355836,-4,10
64222,53.379525978138425,-4,10
64223,53.37057176621017,-4,10
64224,53.361617527781945,-4,10
64225,53.35266326286206,-4,10
64226,53.34370897145887,-4,10
64227,53.334754653580646,-4,10
64228,53.45115871856299,-4,10
64229,53.106230985923936,-4,10
64230,53.31085480769087,-4,10
64231,53.328765498018896,-4,10
64232,53.33295251254393,-4,10
64233,53.32399875245443,-4,10
64234,53.31504496566359,-4,10
64235,53.306091152179874,-4,10
64236,53.29713731201176,-4,10
64237,53.2881834451677,-4,10
64238,53.27922955165614,-4,10
64239,53.27027563148549,-4,10
64240,53.26132168466422,-4,10
64241,53.252367711200726,-4,10
64242,53.24341371110343,-4,10
64243,53.23445968438073,-4,10
64244,53.22550563104105,-4,10
64245,53.34190624592362,-4,10
64246,53.21655155109275,-4,10
64247,53.19864331140384,-4,10
64248,53.18968915167998,-4,10
64249,53.18073496538096,-4,10
64250,53.17178075251518,-4,10
64251,53.16282651309096,-4,10
64252,53.15387224711662,-4,10
64253,53.1449179546005,-4,10
64254,53.13596363555092,-4,10
64255,53.12700928997618,-4,10
64256,53.1180549178846,-4,10
64257,53.10910051928444,-4,10
64258,53.10014609418402,-4,10
64259,53.09119164259162,-4,10
64260,53.20759744454422,-4,10
64261,53.10357528573305,-4,10
64262,53.35085995258499,-4,10
64263,53.36876728571886,-4,10
64264,53.23642818092199,-4,10
64265,53.24537406482244,-4,10
64266,53.25431991872979,-4,10
64267,53.26326574263316,-4,10
64268,53.27221153652161,-4,10
64269,53.28115730038422,-4,10
64270,53.29010303421008,-4,10
64271,53.2990487379882,-4,10
64272,53.30799441170764,-4,10
64273,53.31694005535743,-4,10
64274,53.26903398435554,-4,10
64275,53.26007458359943,-4,10
64276,53.25111515845876,-4,10
64277,53.35981363251959,-4,10
64278,53.24215570894023,-4,10
64279,53.2281557122045,-4,10
64280,53.237101844070736,-4,10
64281,53.246047946045,-4,10
64282,53.25499401811647,-4,10
64283,53.26394006027428,-4,10
64284,53.27288607250761,-4,10
64285,53.28183205480558,-4,10
64286,53.29077800715733,-4,10
64287,53.29972392955197,-4,10
64288,53.30866982197859,-4,10
64289,53.39562808481973,-4,10
64290,53.38667451187746,-4,10
64291,53.377720912174325,-4,10
64292,53.21920955045709,-4,10
64293,53.22748226703936,-4,10
64294,53.21988091946347,-4,10
64295,53.23777364776468,-4,10
64296,53.28384514279743,-4,10
64297,53.29279174714862,-4,10
64298,53.3017383218131,-4,10
64299,53.310684866780186,-4,10
64300,53.06977990301887,-4,10
64301,53.07872743067798,-4,10
64302,53.087674928992016,-4,10
64303,53.09662239795062,-4,10
64304,53.10556983754337,-4,10
64305,53.11451724775986,-4,10
64306,53.123464628589694,-4,10
64307,53.15030659465489,-4,10
64308,53.15925385783374,-4,10
64309,53.2748985087702,-4,10
64310,53.19504261605542,-4,10
64311,53.21293681832321,-4,10
64312,53.22188387520952,-4,10
64313,53.23083090258345,-4,10
64314,53.239777900434405,-4,10
64315,53.24872486875185,-4,10
64316,53.26661871674396,-4,10
64317,53.27556559639744,-4,10
64318,53.28451244647509,-4,10
64319,53.29345926696631,-4,10
64320,53.250566963074775,-4,10
64321,53.04359679853468,-4,10
64322,53.0793879382799,-4,10
64323,53.08833565009891,-4,10
64324,53.20398973193498,-4,10
64325,53.22882729850971,-4,10
64326,53.265951845077645,-4,10
64327,53.239111676114405,-4,10
64328,53.24671996721767,-4,10
64329,53.2556662568579,-4,10
64330,53.2646125166746,-4,10
64331,53.27355874665697,-4,10
64332,53.28250494679423,-4,10
64333,53.29145111707557,-4,10
64334,53.30039725749019,-4,10
64335,53.30934336802724,-4,10
64336,53.10424198728212,-4,10
64337,53.21160380459494,-4,10
64338,53.22055043003618,-4,10
64339,53.22949702578652,-4,10
64340,53.23844359183528,-4,10
64341,53.24805842873909,-4,10
64342,53.24739012817179,-4,10
64343,53.2652831116652,-4,10
64344,53.27422955880069,-4,10
64345,53.28317597618107,-4,10
64346,53.2921223637956,-4,10
64347,53.30106872163353,-4,10
64348,53.3100150496841,-4,10
64349,53.07806507362862,-4,10
64350,53.08701235784645,-4,10
64351,53.104906837940895,-4,10
64352,53.11385403379657,-4,10
64353,53.2122712405462,-4,10
64354,53.221218082007326,-4,10
64355,53.23016489386695,-4,10
64356,53.25633663478532,-4,10
64357,53.31981016588009,-4,10
64358,53.21853632318543,-4,10
64359,53.41353515038756,-4,10
64360,53.21715160204581,-4,10
64361,53.20819730119573,-4,10
64362,53.199242973834224,-4,10
64363,53.19028861996964,-4,10
64364,53.181334239610216,-4,10
64365,53.17237983276429,-4,10
64366,53.16342539944012,-4,10
64367,53.154470939646,-4,10
64368,53.145516453390165,-4,10
64369,53.1365619406809,-4,10
64370,53.12760740152644,-4,10
64371,53.118652835935045,-4,10
64372,53.10074362547434,-4,10
64373,53.226105876376174,-4,10
64374,53.09178898062149,-4,10
64375,53.26062108819844,-4,10
64376,53.25166148590945,-4,10
64377,53.24270185931616,-4,10
64378,53.24334126254895,-4,10
64379,53.25228645839304,-4,10
64380,53.26123162396068,-4,10
64381,53.2701767592407,-4,10
64382,53.21718429452183,-4,10
64383,53.23507527693666,-4,10
64384,53.24402072290459,-4,10
64385,53.25296613869816,-4,10
64386,53.26191152430631,-4,10
64387,53.27085687971801,-4,10
64388,53.26958066617645,-4,10
64389,53.279802204922206,-4,10
64390,53.23506012417848,-4,10
64391,53.25296854016562,-4,10
64392,53.33772080409928,-4,10
64393,53.34667608411324,-4,10
64394,53.35563133805277,-4,10
64395,53.36458656590989,-4,10
64396,53.37354176767651,-4,10
64397,53.38249694334466,-4,10
64398,53.39145209290628,-4,10
64399,53.40040721635329,-4,10
64400,53.40936231367768,-4,10
64401,53.418317384871365,-4,10
64402,53.42727242992629,-4,10
64403,53.436227448834345,-4,10
64404,53.4451824415875,-4,10
64405,53.24401434544441,-4,10
64406,53.4541374081776,-4,10
64407,53.39623203878901,-4,10
64408,53.38727826992373,-4,10
64409,53.37832447437924,-4,10
64410,53.36937065216403,-4,10
64411,53.36041680328649,-4,10
64412,53.351462927755136,-4,10
64413,53.34250902557838,-4,10
64414,53.333555096764655,-4,10
64415,53.32460114132241,-4,10
64416,53.31564715926002,-4,10
64417,53.30669315058597,-4,10
64418,53.2708768499405,-4,10
64419,53.26192270833376,-4,10
64420,53.47204726283631,-4,10
64421,53.40458163099263,-4,10
64422,53.288747499907785,-4,10
64423,53.10545708526372,-4,10
64424,53.32039740094707,-4,10
64425,53.32935292354928,-4,10
64426,53.33830842017232,-4,10
64427,53.347263890808286,-4,10
64428,53.3562193354492,-4,10
64429,53.36517475408711,-4,10
64430,53.37413014671405,-4,10
64431,53.38308551332206,-4,10
64432,53.39204085390316,-4,10
64433,53.40099616844935,-4,10
64434,53.409951456952655,-4,10
64435,53.41890671940504,-4,10
64436,53.427861955798505,-4,10
64437,53.311441852373655,-4,10
64438,53.436817166125046,-4,10
64439,53.45472750854521,-4,10
64440,53.46368264062274,-4,10
64441,53.51202209393578,-4,10
64442,53.50306886966448,-4,10
64443,53.49411561852073,-4,10
64444,53.48516234051314,-4,10
64445,53.47620903565032,-4,10
64446,53.46725570394089,-4,10
64447,53.45830234539349,-4,10
64448,53.44934896001672,-4,10
64449,53.44039554781915,-4,10
64450,53.431442108809385,-4,10
64451,53.422488642996,-4,10
64452,53.44577235037662,-4,10
64453,53.297692764663694,-4,10
64454,53.30248627783693,-4,10
64455,53.2845750509053,-4,10
64456,53.13232543910068,-4,10
64457,53.15023754597317,-4,10
64458,53.15919356068044,-4,10
64459,53.16814954955801,-4,10
64460,53.1771055125981,-4,10
64461,53.18606144979286,-4,10
64462,53.20397324661522,-4,10
64463,53.2218849399625,-4,10
64464,53.23084074781342,-4,10
64465,53.23979652977202,-4,10
64466,53.24875228583047,-4,10
64467,53.20891548240058,-4,10
64468,53.21786123781727,-4,10
64469,53.29353067734485,-4,10
64470,53.22680696318322,-4,10
64471,53.24469832371909,-4,10
64472,53.25364395886712,-4,10
64473,53.26258956392056,-4,10
64474,53.27153513886843,-4,10
64475,53.28048068369974,-4,10
64476,53.289426198403525,-4,10
64477,53.2983716829687,-4,10
64478,53.30731713738425,-4,10
64479,53.31626256163919,-4,10
64480,53.32520795572242,-4,10
64481,53.2577080159809,-4,10
64482,53.26666372021543,-4,10
64483,53.27561939852622,-4,10
64484,53.23575265848748,-4,10
64485,53.06863128401234,-4,10
64486,53.2526844278452,-4,10
64487,52.98934953923071,-4,10
64488,53.13355184475974,-4,10
64489,53.12459827945765,-4,10
64490,53.116250028412495,-4,10
64491,53.12520381643365,-4,10
64492,53.13415757769676,-4,10
64493,53.14311131219339,-4,10
64494,53.15206501991504,-4,10
64495,53.161018700853184,-4,10
64496,53.142505383214406,-4,10
64497,53.178925982345,-4,10
64498,53.19683315660073,-4,10
64499,53.205786703493736,-4,10
64500,53.214740223552106,-4,10
64501,53.43556117195804,-4,10
64502,53.40333321625585,-4,10
64503,53.394377143348215,-4,10
64504,53.38542104472194,-4,10
64505,53.37646492038475,-4,10
64506,53.18787958288164,-4,10
64507,53.151458894813096,-4,10
64508,53.16041237954726,-4,10
64509,53.16936583740832,-4,10
64510,53.0334677544186,-4,10
64511,53.02451732934521,-4,10
64512,53.0155668761168,-4,10
64513,53.00661639474288,-4,10
64514,52.99766588523285,-4,10
64515,52.98871534759624,-4,10
64516,52.979764781842526,-4,10
64517,52.97081418798108,-4,10
64518,52.9618635660214,-4,10
64519,52.952912915972895,-4,10
64520,53.41109901010539,-4,10
64521,53.40214628108551,-4,10
64522,53.36633509401915,-4,10
64523,53.348429338016736,-4,10
64524,53.33947641942886,-4,10
64525,53.330523473794855,-4,10
64526,53.22308601975893,-4,10
64527,53.2141327233168,-4,10
64528,53.17831926838769,-4,10
64529,53.3675087703444,-4,10
64530,53.04241815132749,-4,10
64531,53.35855259460862,-4,10
64532,53.34064016608168,-4,10
64533,53.39081619299155,-4,10
64534,53.3818671112418,-4,10
64535,53.37291800086311,-4,10
64536,53.36396886186536,-4,10
64537,53.35501969425851,-4,10
64538,53.346070498052384,-4,10
64539,53.33712127325693,-4,10
64540,53.32817201988201,-4,10
64541,53.3997652461024,-4,10
64542,53.31922273793749,-4,10
64543,53.25657696520432,-4,10
64544,53.247627455057255,-4,10
64545,53.14023111454887,-4,10
64546,53.13128123490618,-4,10
64547,53.12233132690868,-4,10
64548,53.113381390566005,-4,10
64549,53.10443142588781,-4,10
64550,53.09548143288372,-4,10
64551,53.31027342743323,-4,10
64552,53.40871427056443,-4,10
64553,53.41766326636768,-4,10
64554,53.4266122335022,-4,10
64555,53.331683913305966,-4,10
64556,53.26898942569921,-4,10
64557,53.25107648434219,-4,10
64558,53.24211997526661,-4,10
64559,53.23316344060309,-4,10
64560,53.224206880359375,-4,10
64561,53.215250294543,-4,10
64562,53.19733704622278,-4,10
64563,53.188380383734135,-4,10
64564,53.179423695703264,-4,10
64565,53.11672616494075,-4,10
64566,53.06298443039932,-4,10
64567,53.12360772823232,-4,10
64568,53.114657379169046,-4,10
64569,53.10570700194038,-4,10
64570,53.0967565965558,-4,10
64571,53.08780616302482,-4,10
64572,53.07885570135695,-4,10
64573,53.06990521156165,-4,10
64574,53.34959639318514,-4,10
64575,53.08653141156336,-4,10
64576,53.28363122150595,-4,10
64577,53.429004386787526,-4,10
64578,53.12182160484909,-4,10
64579,53.13078012107328,-4,10
64580,53.13973861248992,-4,10
64581,53.14869707909195,-4,10
64582,53.17557232994007,-4,10
64583,53.184530697213255,-4,10
64584,53.28307109556706,-4,10
64585,53.43620758673262,-4,10
64586,53.11286306382436,-4,10
64587,53.07983005053432,-4,10
64588,53.41830926187309,-4,10
64589,53.40936005656631,-4,10
64590,53.11564468731667,-4,10
64591,52.99830028174745,-4,10
64592,53.39146156024815,-4,10
64593,53.38251226925655,-4,10
64594,53.373562949723095,-4,10
64595,53.36461360165761,-4,10
64596,53.42725843859851,-4,10
64597,53.10390449800611,-4,10
64598,53.08598729201718,-4,10
64599,53.07702865186046,-4,10
64600,53.35630688644361,-4,10
64601,53.34735727304936,-4,10
64602,53.33840763123918,-4,10
64603,53.329457961022825,-4,10
64604,53.32050826241005,-4,10
64605,53.311558535410576,-4,10
64606,53.30260878003414,-4,10
64607,53.29365899629043,-4,10
64608,53.28470918418917,-4,10
64609,53.17730923060463,-4,10
64610,53.16835905073403,-4,10
64611,53.1594088426408,-4,10
64612,53.150458606334446,-4,10
64613,53.14150834182456,-4,10
64614,53.03223507973427,-4,10
64615,53.04119384364861,-4,10
64616,53.05015258282537,-4,10
64617,53.05911129725759,-4,10
64618,53.06806998693828,-4,10
64619,53.35566422506995,-4,10
64620,53.26571464643077,-4,10
64621,53.346714819969954,-4,10
64622,53.32881592427227,-4,10
64623,53.427902769451336,-4,10
64624,53.48271986533801,-4,10
64625,53.03279014974966,-4,10
64626,53.0417490932274,-4,10
64627,53.0596669061852,-4,10
64628,53.06862577565141,-4,10
64629,53.0775846204333,-4,10
64630,53.08654344052389,-4,10
64631,53.41895338373661,-4,10
64632,53.10446100660347,-4,10
64633,53.122378473834566,-4,10
64634,53.14029584216144,-4,10
64635,53.17613028187932,-4,10
64636,53.185088829906334,-4,10
64637,53.46481481447454,-4,10
64638,53.455862248284525,-4,10
64639,53.44690965493413,-4,10
64640,53.43795703443219,-4,10
64641,53.11341975257855,-4,10
64642,53.41000396952762,-4,10
64643,53.40105452683417,-4,10
64644,53.3921050556661,-4,10
64645,53.31986643369417,-4,10
64646,53.310916914643,-4,10
64647,53.30196736712851,-4,10
64648,53.293017791160494,-4,10
64649,53.16772074544103,-4,10
64650,53.158770743837074,-4,10
64651,53.14982071393473,-4,10
64652,53.13192056927347,-4,10
64653,53.12297045453376,-4,10
64654,53.11402031153412,-4,10
64655,53.10507014028413,-4,10
64656,53.09611994079336,-4,10
64657,53.087169713071376,-4,10
64658,53.07821945712776,-4,10
64659,53.06926917297201,-4,10
64660,53.051368520062354,-4,10
64661,53.3652564714122,-4,10
64662,53.37420602794533,-4,10
64663,53.38315555603323,-4,10
64664,53.33776538636745,-4,10
64665,53.07758136193637,-4,10
64666,53.2746729463911,-4,10
64667,53.04305357350599,-4,10
64668,53.00725099622172,-4,10
64669,53.01620168264414,-4,10
64670,53.02515234100527,-4,10
64671,52.9803987686809,-4,10
64672,52.95354628892682,-4,10
64673,52.96249714351959,-4,10
64674,53.06095469364844,-4,10
64675,53.052004147626725,-4,10
64676,52.97144797010739,-4,10
64677,53.0341029712957,-4,10
